"","scenario","iteration","SpawnBio_om","SSB_MSY_om","F_MSY_om","annual_F_om","bmsst_om","ssb_ssbmsst_om","F_Fmsy_om","SpawnBio_em","SSB_MSY_em","F_MSY_em","annual_F_em","bmsst_em","ssb_ssbmsst_em","F_Fmsy_em","ID","species","annual_F_re","bmsst_re","F_Fmsy_re","F_MSY_re","SpawnBio_re","SSB_MSY_re","ssb_ssbmsst_re"
"1","FRSonly_poorrec_25_yrfwd",1,2288.92,1307.79,0.139594,0.033,1131.23835,2.02337553354693,0.236399845265556,2993.18,1298.68,0.139709,0.039,1123.3582,2.66449294623923,0.279151665247049,"FRSonly_poorrec_25_yrfwd-1","FRSonly_poorrec_25_yrfwd",0.181818181818182,-0.00696595019077963,0.180845380560503,0.000823817642592117,0.307682225678486,-0.00696595019077979,0.316855374626595
"2","FRSonly_poorrec_25_yrfwd",10,2204.59,1307.79,0.139594,0.036,1131.23835,1.94882890948667,0.257890740289697,2664.21,1304.31,0.139603,0.032,1128.22815,2.36141067744144,0.229221435069447,"FRSonly_poorrec_25_yrfwd-10","FRSonly_poorrec_25_yrfwd",-0.111111111111111,-0.00266097767990268,-0.111168416469879,6.44726850724888e-05,0.208483210029983,-0.00266097767990275,0.211707536739817
"3","FRSonly_poorrec_25_yrfwd",100,2050.75,1307.79,0.139594,0.038,1131.23835,1.8128363487677,0.272218003639125,3639.23,1293.06,0.139597,0.031,1118.4969,3.2536791116721,0.222067809480146,"FRSonly_poorrec_25_yrfwd-100","FRSonly_poorrec_25_yrfwd",-0.184210526315789,-0.0112632762140711,-0.184228057984959,2.14908950241629e-05,0.774584907960502,-0.0112632762140711,0.794800238799178
"4","FRSonly_poorrec_25_yrfwd",103,1974.59,1307.79,0.139594,0.041,1131.23835,1.74551189853138,0.293708898663266,3464.85,1295.18,0.139688,0.035,1120.3307,3.09270289567179,0.250558387263043,"FRSonly_poorrec_25_yrfwd-103","FRSonly_poorrec_25_yrfwd",-0.146341463414634,-0.00964222084585435,-0.146915914351286,0.000673381377423175,0.754718701097443,-0.00964222084585438,0.771802815136294
"5","FRSonly_poorrec_25_yrfwd",104,2077.97,1307.79,0.139594,0.036,1131.23835,1.83689847502076,0.257890740289697,3874.5,1297.12,0.139688,0.047,1122.0088,3.45318147237348,0.336464120038944,"FRSonly_poorrec_25_yrfwd-104","FRSonly_poorrec_25_yrfwd",0.305555555555556,-0.00815880225418456,0.304677010353232,0.000673381377423175,0.86456012358215,-0.0081588022541846,0.879897838302933
"6","FRSonly_poorrec_25_yrfwd",106,1985.09,1307.79,0.139594,0.035,1131.23835,1.75479376207499,0.250727108614983,3273.73,1301.62,0.139596,0.036,1125.9013,2.90765274007588,0.257887045474082,"FRSonly_poorrec_25_yrfwd-106","FRSonly_poorrec_25_yrfwd",0.0285714285714284,-0.00471788284051709,0.0285566921688298,1.4327263349442e-05,0.649159483952869,-0.00471788284051726,0.656976906868919
"7","FRSonly_poorrec_25_yrfwd",107,2267.48,1307.79,0.139594,0.035,1131.23835,2.00442285217788,0.250727108614983,2526.17,1283.01,0.139727,0.031,1109.80365,2.27623147572095,0.221861200770073,"FRSonly_poorrec_25_yrfwd-107","FRSonly_poorrec_25_yrfwd",-0.114285714285714,-0.0189479962379279,-0.115128786848641,0.000952763012736896,0.114087004075008,-0.0189479962379281,0.135604432591527
"8","FRSonly_poorrec_25_yrfwd",108,2059.53,1307.79,0.139594,0.033,1131.23835,1.82059775466417,0.236399845265556,2069.22,1298.49,0.139715,0.033,1123.19385,1.84226436068894,0.236195111476935,"FRSonly_poorrec_25_yrfwd-108","FRSonly_poorrec_25_yrfwd",0,-0.00711123345491246,-0.000866048742082167,0.000866799432640443,0.00470495695619855,-0.00711123345491245,0.0119008199198661
"9","FRSonly_poorrec_25_yrfwd",11,2111.29,1307.79,0.139594,0.031,1131.23835,1.86635292199915,0.222072581916128,3220.06,1317.6,0.139642,0.038,1139.724,2.82529805461673,0.272124432477335,"FRSonly_poorrec_25_yrfwd-11","FRSonly_poorrec_25_yrfwd",0.225806451612903,0.00750120432179485,0.225385097652938,0.000343854320386209,0.525162341506851,0.00750120432179474,0.513806966150004
"10","FRSonly_poorrec_25_yrfwd",110,2149.34,1307.79,0.139594,0.036,1131.23835,1.89998862750719,0.257890740289697,3562.6,1291.08,0.139681,0.032,1116.7842,3.19005229479429,0.229093434325356,"FRSonly_poorrec_25_yrfwd-110","FRSonly_poorrec_25_yrfwd",-0.111111111111111,-0.0127772807560847,-0.111664753577397,0.000623235955700128,0.657532079615137,-0.0127772807560847,0.678984941599189
"11","FRSonly_poorrec_25_yrfwd",111,2289.3,1307.79,0.139594,0.036,1131.23835,2.02371144860851,0.257890740289697,3001.07,1308.93,0.13955,0.035,1132.22445,2.65059635481286,0.250806162665711,"FRSonly_poorrec_25_yrfwd-111","FRSonly_poorrec_25_yrfwd",-0.0277777777777776,0.000871699584795794,-0.0274712369122975,-0.000315199793687325,0.310911632376709,0.000871699584795801,0.309769906493041
"12","FRSonly_poorrec_25_yrfwd",112,2269.76,1307.79,0.139594,0.035,1131.23835,2.00643834254735,0.250727108614983,2985.73,1310.31,0.139618,0.043,1133.41815,2.6342705029031,0.307983211333782,"FRSonly_poorrec_25_yrfwd-112","FRSonly_poorrec_25_yrfwd",0.228571428571428,0.00192691487165381,0.228360240083657,0.000171927160193105,0.315438636684055,0.00192691487165369,0.312908773243766
"13","FRSonly_poorrec_25_yrfwd",114,2305.71,1307.79,0.139594,0.03,1131.23835,2.03821767534667,0.214908950241414,2288.88,1311.61,0.139694,0.03,1134.54265,2.01744729473149,0.214755107592309,"FRSonly_poorrec_25_yrfwd-114","FRSonly_poorrec_25_yrfwd",0,0.00292095825782428,-0.000715850358641137,0.000716363167471501,-0.00729927007299267,0.00292095825782422,-0.0101904624154734
"14","FRSonly_poorrec_25_yrfwd",115,2273.46,1307.79,0.139594,0.028,1131.23835,2.00970909446272,0.200581686891987,3615.12,1299.31,0.139737,0.032,1123.90315,3.21657609020849,0.229001624480274,"FRSonly_poorrec_25_yrfwd-115","FRSonly_poorrec_25_yrfwd",0.142857142857143,-0.00648422147286643,0.141687598846404,0.00102439932948411,0.590140138819245,-0.00648422147286645,0.600518253647259
"15","FRSonly_poorrec_25_yrfwd",116,2181.75,1307.79,0.139594,0.037,1131.23835,1.92863864631181,0.265054371964411,3982.48,1308.77,0.139667,0.035,1132.08605,3.51782446219526,0.250596060629927,"FRSonly_poorrec_25_yrfwd-116","FRSonly_poorrec_25_yrfwd",-0.0540540540540539,0.000749355783420914,-0.0545484733088103,0.000522945112254234,0.825360375845078,0.000749355783420899,0.823993555725174
"16","FRSonly_poorrec_25_yrfwd",117,2227.75,1307.79,0.139594,0.035,1131.23835,1.96930204850286,0.250727108614983,2461.74,1300.22,0.139678,0.037,1124.6903,2.18881589002768,0.264894972722977,"FRSonly_poorrec_25_yrfwd-117","FRSonly_poorrec_25_yrfwd",0.057142857142857,-0.00578839110254694,0.0565071092083218,0.000601745060675966,0.105034227359443,-0.005788391102547,0.111467837903129
"17","FRSonly_poorrec_25_yrfwd",118,2362.04,1307.79,0.139594,0.028,1131.23835,2.08801266329063,0.200581686891987,2480.79,1300.11,0.139631,0.032,1124.59515,2.20594051112527,0.229175469630669,"FRSonly_poorrec_25_yrfwd-118","FRSonly_poorrec_25_yrfwd",0.142857142857143,-0.00587250246599223,0.142554303843702,0.000265054371964477,0.050274339130582,-0.0058725024659923,0.0564785117963741
"18","FRSonly_poorrec_25_yrfwd",12,2191.95,1307.79,0.139594,0.031,1131.23835,1.93765531375417,0.222072581916128,2317.78,1330.94,0.139663,0.029,1151.2631,2.01324962122038,0.207642682743461,"FRSonly_poorrec_25_yrfwd-12","FRSonly_poorrec_25_yrfwd",-0.064516129032258,0.0177016187614222,-0.0649783014551387,0.00049429058555535,0.0574055065124662,0.017701618761422,0.0390132893758831
"19","FRSonly_poorrec_25_yrfwd",120,2102.5,1307.79,0.139594,0.04,1131.23835,1.85858267623264,0.286545266988553,3623.61,1311.03,0.139689,0.031,1134.04095,3.19530789430487,0.221921554309931,"FRSonly_poorrec_25_yrfwd-120","FRSonly_poorrec_25_yrfwd",-0.225,0.00247746197784067,-0.225527063691486,0.000680545009097896,0.723476813317479,0.00247746197784049,0.719217517286764
"20","FRSonly_poorrec_25_yrfwd",121,1958.58,1307.79,0.139594,0.04,1131.23835,1.73135926659488,0.286545266988553,3596.68,1301.87,0.139677,0.037,1126.11755,3.19387616328331,0.264896869205381,"FRSonly_poorrec_25_yrfwd-121","FRSonly_poorrec_25_yrfwd",-0.0750000000000001,-0.00452672065086895,-0.0755496610036013,0.000594581429001245,0.836371248557628,-0.00452672065086908,0.84472178877398
"21","FRSonly_poorrec_25_yrfwd",122,2022.51,1307.79,0.139594,0.023,1131.23835,1.78787255577041,0.164763528518418,3088.75,1314.25,0.139675,0.037,1136.82625,2.71699391177851,0.264900662251656,"FRSonly_poorrec_25_yrfwd-122","FRSonly_poorrec_25_yrfwd",0.608695652173913,0.0049396309805093,0.607762741145983,0.000580254165651803,0.527186515765064,0.00493963098050913,0.519679858057746
"22","FRSonly_poorrec_25_yrfwd",123,2098.88,1307.79,0.139594,0.039,1131.23835,1.85538264327761,0.279381635313839,3206.88,1333.19,0.13974,0.035,1153.20935,2.78083073121112,0.250465149563475,"FRSonly_poorrec_25_yrfwd-123","FRSonly_poorrec_25_yrfwd",-0.102564102564102,0.0194220784682558,-0.103501741329135,0.00104589022450827,0.527900594602836,0.0194220784682557,0.498790958989823
"23","FRSonly_poorrec_25_yrfwd",125,2189.27,1307.79,0.139594,0.031,1131.23835,1.93528622858304,0.222072581916128,2720.28,1302.05,0.139667,0.04,1126.27325,2.41529309161875,0.286395497862774,"FRSonly_poorrec_25_yrfwd-125","FRSonly_poorrec_25_yrfwd",0.290322580645161,-0.00438908387432224,0.289648165440517,0.000522945112254234,0.242551170024712,-0.00438908387432234,0.248028873427762
"24","FRSonly_poorrec_25_yrfwd",127,2163.61,1307.79,0.139594,0.031,1131.23835,1.91260312205646,0.222072581916128,2274.08,1329.21,0.139692,0.029,1149.76665,1.97786220360453,0.20759957621052,"FRSonly_poorrec_25_yrfwd-127","FRSonly_poorrec_25_yrfwd",-0.064516129032258,0.0163787764090567,-0.0651724115635042,0.000702035904122059,0.0510581851627603,0.0163787764090566,0.034120555799314
"25","FRSonly_poorrec_25_yrfwd",128,2301.46,1307.79,0.139594,0.033,1131.23835,2.03446073057902,0.236399845265556,2312.98,1274.35,0.139678,0.033,1102.31275,2.09829742058232,0.236257678374547,"FRSonly_poorrec_25_yrfwd-128","FRSonly_poorrec_25_yrfwd",0,-0.0255698544873413,-0.000601383181317035,0.000601745060675966,0.00500551823625002,-0.0255698544873413,0.0313776958403779
"26","FRSonly_poorrec_25_yrfwd",14,2306.92,1307.79,0.139594,0.031,1131.23835,2.03928729962169,0.222072581916128,2957.12,1301.13,0.139708,0.033,1125.47745,2.62743602726114,0.236206945915767,"FRSonly_poorrec_25_yrfwd-14","FRSonly_poorrec_25_yrfwd",0.0645161290322581,-0.00509256073222744,0.0636474970376002,0.000816654010917396,0.281847658349661,-0.00509256073222754,0.288408959222447
"27","FRSonly_poorrec_25_yrfwd",15,2038.1,1307.79,0.139594,0.034,1131.23835,1.80165391316516,0.24356347694027,3621.03,1291.32,0.139657,0.046,1116.9918,3.24176954566721,0.329378405665309,"FRSonly_poorrec_25_yrfwd-15","FRSonly_poorrec_25_yrfwd",0.352941176470588,-0.0125937650540223,0.352330857660091,0.000451308795507024,0.776669447034002,-0.0125937650540225,0.799329783583153
"28","FRSonly_poorrec_25_yrfwd",16,2205.97,1307.79,0.139594,0.028,1131.23835,1.9500488115524,0.200581686891987,3815.28,1305.64,0.139614,0.029,1129.3786,3.37821169977898,0.207715558611601,"FRSonly_poorrec_25_yrfwd-16","FRSonly_poorrec_25_yrfwd",0.0357142857142857,-0.00164399483097426,0.0355659174581346,0.000143272633494221,0.729524880211426,-0.00164399483097429,0.732372892291674
"29","FRSonly_poorrec_25_yrfwd",17,2309.35,1307.79,0.139594,0.029,1131.23835,2.04143538804179,0.207745318566701,3328.77,1313.07,0.13971,0.036,1135.80555,2.93075694162614,0.257676615847112,"FRSonly_poorrec_25_yrfwd-17","FRSonly_poorrec_25_yrfwd",0.241379310344827,0.00403734544536983,0.240348603881439,0.000830981274266838,0.441431571654362,0.00403734544536965,0.435635415548186
"30","FRSonly_poorrec_25_yrfwd",19,2275.11,1307.79,0.139594,0.03,1131.23835,2.01116767301957,0.214908950241414,2586.85,1300.38,0.13963,0.041,1124.8287,2.2997724008998,0.293633173386808,"FRSonly_poorrec_25_yrfwd-19","FRSonly_poorrec_25_yrfwd",0.366666666666667,-0.00566604730117206,0.366314306858603,0.000257890740289756,0.137021946191613,-0.0056660473011721,0.143501077385017
"31","FRSonly_poorrec_25_yrfwd",2,2082.78,1307.79,0.139594,0.032,1131.23835,1.84115045251074,0.229236213590842,3674.56,1311.45,0.139696,0.029,1134.40425,3.23919801957724,0.207593631886382,"FRSonly_poorrec_25_yrfwd-2","FRSonly_poorrec_25_yrfwd",-0.09375,0.0027986144564496,-0.0944117047016378,0.000730690430820744,0.764257386761924,0.00279861445644949,0.759333690063194
"32","FRSonly_poorrec_25_yrfwd",20,2156.08,1307.79,0.139594,0.036,1131.23835,1.90594669991519,0.257890740289697,2391.65,1296.63,0.139646,0.032,1121.58495,2.13238417651735,0.229150852870831,"FRSonly_poorrec_25_yrfwd-20","FRSonly_poorrec_25_yrfwd",-0.111111111111111,-0.00853348014589471,-0.11144210678748,0.000372508847085093,0.109258469073504,-0.00853348014589487,0.118805775949683
"33","FRSonly_poorrec_25_yrfwd",21,2158.44,1307.79,0.139594,0.034,1131.23835,1.90803290924499,0.24356347694027,3056.22,1295.63,0.139668,0.035,1120.71995,2.72701489787881,0.250594266403185,"FRSonly_poorrec_25_yrfwd-21","FRSonly_poorrec_25_yrfwd",0.0294117647058824,-0.00929812890448746,0.0288663536554754,0.000530108743928756,0.415939289486851,-0.00929812890448761,0.42922843975364
"34","FRSonly_poorrec_25_yrfwd",22,2093.42,1307.79,0.139594,0.038,1131.23835,1.85055607423493,0.272218003639125,2291.66,1309.6,0.139757,0.034,1132.804,2.02299780014901,0.243279406398248,"FRSonly_poorrec_25_yrfwd-22","FRSonly_poorrec_25_yrfwd",-0.105263157894737,0.00138401425305286,-0.106306698506392,0.00116767196297833,0.0946967163779842,0.00138401425305282,0.0931837345082192
"35","FRSonly_poorrec_25_yrfwd",23,2093.9,1307.79,0.139594,0.03,1131.23835,1.85098038799692,0.214908950241414,3363.85,1317.41,0.139664,0.034,1139.55965,2.95188584467693,0.243441402222477,"FRSonly_poorrec_25_yrfwd-23","FRSonly_poorrec_25_yrfwd",0.133333333333333,0.00735592105766242,0.132765303394814,0.000501454217230071,0.606499832847796,0.00735592105766225,0.594768839161702
"36","FRSonly_poorrec_25_yrfwd",26,2126.61,1307.79,0.139594,0.034,1131.23835,1.87989560290278,0.24356347694027,3576.26,1285.04,0.139669,0.027,1111.5596,3.21733535475741,0.193314192841647,"FRSonly_poorrec_25_yrfwd-26","FRSonly_poorrec_25_yrfwd",-0.205882352941177,-0.0173957592579847,-0.206308781307739,0.000537272375603477,0.681671768683492,-0.0173957592579848,0.711443630055549
"37","FRSonly_poorrec_25_yrfwd",27,2172.66,1307.79,0.139594,0.04,1131.23835,1.92060320444405,0.286545266988553,2550.94,1310.88,0.139695,0.034,1133.9112,2.24968233844061,0.24338737964852,"FRSonly_poorrec_25_yrfwd-27","FRSonly_poorrec_25_yrfwd",-0.15,0.0023627646640517,-0.150614553133613,0.000723526799146222,0.174109156517817,0.00236276466405168,0.171341552089006
"38","FRSonly_poorrec_25_yrfwd",28,2201.75,1307.79,0.139594,0.036,1131.23835,1.94631838639487,0.257890740289697,2934.99,1286.97,0.139599,0.043,1113.22905,2.63646551444197,0.308025129119836,"FRSonly_poorrec_25_yrfwd-28","FRSonly_poorrec_25_yrfwd",0.194444444444444,-0.0159199871539008,0.194401663176511,3.58181583736049e-05,0.333026002043829,-0.0159199871539008,0.354591074549445
"39","FRSonly_poorrec_25_yrfwd",29,2261.04,1307.79,0.139594,0.032,1131.23835,1.99872997587113,0.229236213590842,2176.25,1300.67,0.139697,0.033,1125.07955,1.93430766740005,0.2362255452873,"FRSonly_poorrec_25_yrfwd-29","FRSonly_poorrec_25_yrfwd",0.03125,-0.00544429916118005,0.0304896490261066,0.000737854062495465,-0.0375004422743516,-0.00544429916118023,-0.0322316217041791
"40","FRSonly_poorrec_25_yrfwd",3,2043.31,1307.79,0.139594,0.03,1131.23835,1.8062594854568,0.214908950241414,3498.15,1298.77,0.139645,0.036,1123.43605,3.1137953958305,0.257796555551577,"FRSonly_poorrec_25_yrfwd-3","FRSonly_poorrec_25_yrfwd",0.2,-0.00689713180250637,0.199561745855562,0.000365345215410372,0.712001605238559,-0.0068971318025065,0.723891512211504
"41","FRSonly_poorrec_25_yrfwd",30,2216.95,1307.79,0.139594,0.034,1131.23835,1.95975498885801,0.24356347694027,3459.57,1302.78,0.139523,0.037,1126.9047,3.06997565987612,0.265189251951291,"FRSonly_poorrec_25_yrfwd-30","FRSonly_poorrec_25_yrfwd",0.0882352941176469,-0.00383089028054946,0.0887890716731922,-0.000508617848904593,0.560508807144952,-0.00383089028054962,0.566509934828671
"42","FRSonly_poorrec_25_yrfwd",31,2199.86,1307.79,0.139594,0.031,1131.23835,1.94464765095702,0.222072581916128,2872.53,1282.8,0.139668,0.044,1109.622,2.58874643797618,0.315032792049718,"FRSonly_poorrec_25_yrfwd-31","FRSonly_poorrec_25_yrfwd",0.419354838709677,-0.0191085724772326,0.41860282494801,0.000530108743928756,0.305778549544062,-0.0191085724772326,0.331216190605105
"43","FRSonly_poorrec_25_yrfwd",33,2217.67,1307.79,0.139594,0.032,1131.23835,1.960391459501,0.229236213590842,2953.44,1298.99,0.139693,0.043,1123.62635,2.62848944402203,0.307817857730881,"FRSonly_poorrec_25_yrfwd-33","FRSonly_poorrec_25_yrfwd",0.34375,-0.00672890907561599,0.342797688502645,0.00070919953579678,0.331776143429816,-0.00672890907561608,0.340798252962747
"44","FRSonly_poorrec_25_yrfwd",35,2058.34,1307.79,0.139594,0.034,1131.23835,1.81954581012923,0.24356347694027,3676.6,1321.59,0.139578,0.026,1143.17535,3.21612952903507,0.186275774119131,"FRSonly_poorrec_25_yrfwd-35","FRSonly_poorrec_25_yrfwd",-0.235294117647059,0.0105521528685799,-0.235206458459238,-0.000114618106795337,0.786196643897509,0.0105521528685798,0.767545236361295
"45","FRSonly_poorrec_25_yrfwd",36,2208.76,1307.79,0.139594,0.035,1131.23835,1.95251513529399,0.250727108614983,2159.05,1308.64,0.139659,0.036,1131.9736,1.90733246782434,0.25777071295083,"FRSonly_poorrec_25_yrfwd-36","FRSonly_poorrec_25_yrfwd",0.0285714285714284,0.000649951444803987,0.0280927115330911,0.000465636058856466,-0.0225058403810283,0.000649951444803934,-0.0231407514609864
"46","FRSonly_poorrec_25_yrfwd",38,2080.45,1307.79,0.139594,0.038,1131.23835,1.83909076279106,0.272218003639125,2465.49,1291.35,0.13965,0.032,1117.01775,2.20720753989809,0.229144289294665,"FRSonly_poorrec_25_yrfwd-38","FRSonly_poorrec_25_yrfwd",-0.157894736842105,-0.0125708255912645,-0.158232423163171,0.000401163373783977,0.185075344276479,-0.0125708255912647,0.200162376188745
"47","FRSonly_poorrec_25_yrfwd",4,2205.95,1307.79,0.139594,0.036,1131.23835,1.95003113181232,0.257890740289697,3222.37,1303.95,0.139688,0.028,1127.91675,2.85692184285764,0.200446709810435,"FRSonly_poorrec_25_yrfwd-4","FRSonly_poorrec_25_yrfwd",-0.222222222222222,-0.00293625123299591,-0.222745610853394,0.000673381377423175,0.460762936603278,-0.00293625123299606,0.465064734737068
"48","FRSonly_poorrec_25_yrfwd",40,2090.61,1307.79,0.139594,0.033,1131.23835,1.84807207075326,0.236399845265556,3249.08,1305.06,0.139716,0.031,1128.8769,2.87815261345148,0.221878668155401,"FRSonly_poorrec_25_yrfwd-40","FRSonly_poorrec_25_yrfwd",-0.0606060606060607,-0.00208749111095807,-0.0614263393186353,0.000873963064315164,0.554130134267032,-0.0020874911109582,0.557381153581507
"49","FRSonly_poorrec_25_yrfwd",41,2262.02,1307.79,0.139594,0.039,1131.23835,1.9995962831352,0.279381635313839,2271.52,1287.41,0.139529,0.041,1113.60965,2.03978117466924,0.293845723828021,"FRSonly_poorrec_25_yrfwd-41","FRSonly_poorrec_25_yrfwd",0.0512820512820513,-0.0155835417001198,0.0517717941550981,-0.000465636058856466,0.00419978603195374,-0.01558354170012,0.0200965024154919
"50","FRSonly_poorrec_25_yrfwd",42,2211.08,1307.79,0.139594,0.03,1131.23835,1.95456598514363,0.214908950241414,3182.47,1321.64,0.13955,0.043,1143.2186,2.7837808097244,0.308133285560731,"FRSonly_poorrec_25_yrfwd-42","FRSonly_poorrec_25_yrfwd",0.433333333333333,0.0105903853065097,0.433785262152156,-0.000315199793687325,0.439328292056371,0.0105903853065096,0.424244988853546
"51","FRSonly_poorrec_25_yrfwd",43,1998.69,1307.79,0.139594,0.036,1131.23835,1.76681598533147,0.257890740289697,3847.13,1312.66,0.139634,0.034,1135.4509,3.388195825993,0.243493704971569,"FRSonly_poorrec_25_yrfwd-43","FRSonly_poorrec_25_yrfwd",-0.0555555555555554,0.00372383945434682,-0.0558261041166351,0.00028654526698864,0.924825760873372,0.00372383945434674,0.91768461125698
"52","FRSonly_poorrec_25_yrfwd",44,2175.66,1307.79,0.139594,0.03,1131.23835,1.92325516545651,0.214908950241414,2493.02,1291.5,0.139648,0.046,1117.1475,2.23159430603389,0.329399633363886,"FRSonly_poorrec_25_yrfwd-44","FRSonly_poorrec_25_yrfwd",0.533333333333333,-0.0124561282774756,0.532740413993278,0.000386836110434535,0.145868380169696,-0.0124561282774757,0.160321493536296
"53","FRSonly_poorrec_25_yrfwd",47,2063.98,1307.79,0.139594,0.033,1131.23835,1.82453149683265,0.236399845265556,2221.61,1312.39,0.139692,0.03,1135.21735,1.95699087932368,0.214758182286745,"FRSonly_poorrec_25_yrfwd-47","FRSonly_poorrec_25_yrfwd",-0.090909090909091,0.00351738428952684,-0.0915468576322457,0.000702035904122059,0.0763718640684503,0.00351738428952671,0.0725991207720863
"54","FRSonly_poorrec_25_yrfwd",48,2122.12,1307.79,0.139594,0.033,1131.23835,1.87592650125413,0.236399845265556,3570.97,1300.39,0.139605,0.03,1124.83735,3.17465454005417,0.214892016761577,"FRSonly_poorrec_25_yrfwd-48","FRSonly_poorrec_25_yrfwd",-0.090909090909091,-0.00565840081358614,-0.0909807215813449,7.87999484219308e-05,0.682737074246508,-0.00565840081358618,0.692312858703036
"55","FRSonly_poorrec_25_yrfwd",49,2094.81,1307.79,0.139594,0.033,1131.23835,1.8517848161707,0.236399845265556,2932.86,1311.5,0.139702,0.049,1134.4475,2.58527609254725,0.350746589168373,"FRSonly_poorrec_25_yrfwd-49","FRSonly_poorrec_25_yrfwd",0.484848484848485,0.00283684689437919,0.483700586920297,0.00077367222086907,0.4000601486531,0.00283684689437909,0.396099627759845
"56","FRSonly_poorrec_25_yrfwd",5,2166.04,1307.79,0.139594,0.037,1131.23835,1.91475121047655,0.265054371964411,3402.34,1304.45,0.139693,0.038,1128.34925,3.01532526387552,0.272025083576128,"FRSonly_poorrec_25_yrfwd-5","FRSonly_poorrec_25_yrfwd",0.0270270270270271,-0.00255392685369964,0.0262991761277288,0.00070919953579678,0.570765082823955,-0.00255392685369969,0.574786973564598
"57","FRSonly_poorrec_25_yrfwd",50,2100.1,1307.79,0.139594,0.034,1131.23835,1.85646110742268,0.24356347694027,3259.41,1318.11,0.139662,0.032,1140.16515,2.85871744106545,0.229124600821984,"FRSonly_poorrec_25_yrfwd-50","FRSonly_poorrec_25_yrfwd",-0.0588235294117648,0.00789117518867704,-0.0592817786134088,0.000487126953880629,0.552026093995524,0.00789117518867703,0.539874673180847
"58","FRSonly_poorrec_25_yrfwd",51,2078.68,1307.79,0.139594,0.041,1131.23835,1.83752610579371,0.293708898663266,2619.66,1308.75,0.139626,0.04,1132.06875,2.31404673965252,0.286479595490811,"FRSonly_poorrec_25_yrfwd-51","FRSonly_poorrec_25_yrfwd",-0.024390243902439,0.000734062808249079,-0.0246138377330661,0.000229236213590872,0.260251698193084,0.000734062808249059,0.25932727287865
"59","FRSonly_poorrec_25_yrfwd",52,2106.06,1307.79,0.139594,0.034,1131.23835,1.86172966996743,0.24356347694027,2511.13,1300.24,0.139713,0.031,1124.7076,2.23269585801679,0.221883432465125,"FRSonly_poorrec_25_yrfwd-52","FRSonly_poorrec_25_yrfwd",-0.0882352941176471,-0.0057730981273751,-0.0890118861312751,0.000852472169291001,0.192335451031785,-0.00577309812737516,0.19925889028553
"60","FRSonly_poorrec_25_yrfwd",54,2036.16,1307.79,0.139594,0.029,1131.23835,1.7999389783771,0.207745318566701,2622.71,1308.34,0.139704,0.041,1131.7141,2.31746692914757,0.293477638435549,"FRSonly_poorrec_25_yrfwd-54","FRSonly_poorrec_25_yrfwd",0.413793103448276,0.000420556817226062,0.412679912405934,0.000787999484218512,0.288066753103882,0.000420556817225972,0.287525275571889
"61","FRSonly_poorrec_25_yrfwd",55,2084.3,1307.79,0.139594,0.037,1131.23835,1.84249411275705,0.265054371964411,2794.14,1316.73,0.13965,0.025,1138.97145,2.45321337949252,0.179018976011457,"FRSonly_poorrec_25_yrfwd-55","FRSonly_poorrec_25_yrfwd",-0.324324324324324,0.00683595990181923,-0.324595271963693,0.000401163373783977,0.34056517775752,0.00683595990181914,0.331463347701888
"62","FRSonly_poorrec_25_yrfwd",56,2120.25,1307.79,0.139594,0.032,1131.23835,1.87427344555637,0.229236213590842,2074.98,1286.22,0.139647,0.033,1112.5803,1.86501594536592,0.236310124814711,"FRSonly_poorrec_25_yrfwd-56","FRSonly_poorrec_25_yrfwd",0.03125,-0.0164934737228452,0.0308586113557756,0.000379672478759814,-0.0213512557481429,-0.0164934737228454,-0.00493924737203896
"63","FRSonly_poorrec_25_yrfwd",57,2057,1307.79,0.139594,0.031,1131.23835,1.81836126754366,0.222072581916128,2390.06,1341.43,0.139627,0.039,1160.33695,2.05979823360792,0.279315605148001,"FRSonly_poorrec_25_yrfwd-57","FRSonly_poorrec_25_yrfwd",0.258064516129032,0.02572278423906,0.257767180162262,0.000236399845265593,0.161915410792416,0.0257227842390599,0.132777226601622
"64","FRSonly_poorrec_25_yrfwd",58,2098.46,1307.79,0.139594,0.035,1131.23835,1.85501136873586,0.250727108614983,2600.38,1302.61,0.139676,0.033,1126.75765,2.30784321721712,0.236261061313325,"FRSonly_poorrec_25_yrfwd-58","FRSonly_poorrec_25_yrfwd",-0.0571428571428572,-0.00396088056951026,-0.0576963830579341,0.000587417797326524,0.239184926088656,-0.00396088056951044,0.244112707939815
"65","FRSonly_poorrec_25_yrfwd",59,2023.1,1307.79,0.139594,0.031,1131.23835,1.78839410810286,0.222072581916128,2913.77,1309.77,0.139734,0.038,1132.95105,2.57184103408528,0.271945267436701,"FRSonly_poorrec_25_yrfwd-59","FRSonly_poorrec_25_yrfwd",0.225806451612903,0.00151400454201366,0.224578311695447,0.00100290843445994,0.440250111215461,0.00151400454201364,0.438072862370086
"66","FRSonly_poorrec_25_yrfwd",6,2092.18,1307.79,0.139594,0.037,1131.23835,1.84945993034978,0.265054371964411,2959.44,1287.4,0.139676,0.044,1113.601,2.65754071700726,0.315014748417767,"FRSonly_poorrec_25_yrfwd-6","FRSonly_poorrec_25_yrfwd",0.189189189189189,-0.0155911881877058,0.188491048395399,0.000587417797326524,0.414524562896118,-0.0155911881877059,0.436927977404003
"67","FRSonly_poorrec_25_yrfwd",60,2086.82,1307.79,0.139594,0.038,1131.23835,1.84472176000752,0.272218003639125,2718.68,1301.65,0.139697,0.029,1125.92725,2.41461426570855,0.207592145858537,"FRSonly_poorrec_25_yrfwd-60","FRSonly_poorrec_25_yrfwd",-0.236842105263158,-0.00469494337775934,-0.237404789237459,0.000737854062495465,0.302786057254579,-0.00469494337775933,0.30893141613872
"68","FRSonly_poorrec_25_yrfwd",61,2091.28,1307.79,0.139594,0.027,1131.23835,1.84866434204604,0.193418055217273,2201.37,1298.25,0.139685,0.025,1122.98625,1.96028223854032,0.178974120342199,"FRSonly_poorrec_25_yrfwd-61","FRSonly_poorrec_25_yrfwd",-0.074074074074074,-0.00729474915697468,-0.0746772831463385,0.000651890482399012,0.0526424008262881,-0.00729474915697472,0.0603775893522905
"69","FRSonly_poorrec_25_yrfwd",63,2215.1,1307.79,0.139594,0.036,1131.23835,1.95811961290032,0.257890740289697,2977.15,1286.88,0.139663,0.038,1113.1512,2.67452435931435,0.272083515319018,"FRSonly_poorrec_25_yrfwd-63","FRSonly_poorrec_25_yrfwd",0.0555555555555556,-0.0159888055421741,0.0550340621511941,0.00049429058555535,0.344025100446933,-0.0159888055421741,0.365863628398525
"70","FRSonly_poorrec_25_yrfwd",64,2095.22,1307.79,0.139594,0.03,1131.23835,1.85214725084241,0.214908950241414,3377.87,1302.92,0.139707,0.039,1127.0258,2.99715410241718,0.27915566149155,"FRSonly_poorrec_25_yrfwd-64","FRSonly_poorrec_25_yrfwd",0.3,-0.00372383945434641,0.298948513675049,0.000809490379242675,0.612179150638119,-0.00372383945434656,0.618205086584767
"71","FRSonly_poorrec_25_yrfwd",65,2227.62,1307.79,0.139594,0.031,1131.23835,1.96918713019232,0.222072581916128,3103.87,1293.95,0.139661,0.031,1119.26675,2.77312803225862,0.221966046355103,"FRSonly_poorrec_25_yrfwd-65","FRSonly_poorrec_25_yrfwd",0,-0.0105827388189234,-0.000479733067928804,0.000479963322205908,0.393357035760139,-0.0105827388189235,0.408260286561885
"72","FRSonly_poorrec_25_yrfwd",66,2106.72,1307.79,0.139594,0.033,1131.23835,1.86231310139017,0.236399845265556,3585.13,1320.8,0.139731,0.026,1142.492,3.13799133823257,0.186071809405214,"FRSonly_poorrec_25_yrfwd-66","FRSonly_poorrec_25_yrfwd",-0.212121212121212,0.00994808034929165,-0.212893692057228,0.00098141753943578,0.701759132680186,0.00994808034929155,0.684996650611614
"73","FRSonly_poorrec_25_yrfwd",69,2061.4,1307.79,0.139594,0.034,1131.23835,1.82225081036194,0.24356347694027,3283.65,1312.85,0.139698,0.027,1135.61525,2.89151629480143,0.193274062620796,"FRSonly_poorrec_25_yrfwd-69","FRSonly_poorrec_25_yrfwd",-0.205882352941177,0.00386912271847925,-0.206473544191546,0.000745017694170186,0.592922285825167,0.00386912271847922,0.586782828334765
"74","FRSonly_poorrec_25_yrfwd",70,1967.19,1307.79,0.139594,0.035,1131.23835,1.73897039470064,0.250727108614983,3554.96,1311.15,0.139703,0.024,1134.14475,3.13448525860566,0.171793018045425,"FRSonly_poorrec_25_yrfwd-70","FRSonly_poorrec_25_yrfwd",-0.314285714285714,0.00256921982887188,-0.314820726827627,0.000780835852543791,0.807125900395996,0.00256921982887171,0.80249489477091
"75","FRSonly_poorrec_25_yrfwd",71,2084,1307.79,0.139594,0.031,1131.23835,1.84222891665581,0.222072581916128,3947.86,1307.49,0.139661,0.031,1130.97885,3.49065767233401,0.221966046355103,"FRSonly_poorrec_25_yrfwd-71","FRSonly_poorrec_25_yrfwd",0,-0.000229394627577724,-0.000479733067928804,0.000479963322205908,0.89436660268714,-0.000229394627577787,0.894801259916493
"76","FRSonly_poorrec_25_yrfwd",72,2263.54,1307.79,0.139594,0.032,1131.23835,2.00093994338152,0.229236213590842,1751.08,1312.05,0.139678,0.041,1134.92325,1.5429060951919,0.293532267071407,"FRSonly_poorrec_25_yrfwd-72","FRSonly_poorrec_25_yrfwd",0.28125,0.00325740371160525,0.280479477798938,0.000601745060675966,-0.226397589616265,0.00325740371160507,-0.228909343183762
"77","FRSonly_poorrec_25_yrfwd",73,2112.36,1307.79,0.139594,0.03,1131.23835,1.8672987880936,0.214908950241414,3815.83,1306.38,0.139707,0.036,1130.0187,3.37678482665818,0.257682149069123,"FRSonly_poorrec_25_yrfwd-73","FRSonly_poorrec_25_yrfwd",0.2,-0.00107815474961556,0.199029397238506,0.000809490379242675,0.806429775227707,-0.00107815474961565,0.808379488161976
"78","FRSonly_poorrec_25_yrfwd",74,1994.89,1307.79,0.139594,0.026,1131.23835,1.76345683471569,0.186254423542559,3393.9,1290.93,0.139721,0.036,1116.65445,3.03934668419581,0.257656329399303,"FRSonly_poorrec_25_yrfwd-74","FRSonly_poorrec_25_yrfwd",0.384615384615385,-0.0128919780698735,0.383356832544857,0.000909781222688769,0.70129681335813,-0.0128919780698735,0.723516348323789
"79","FRSonly_poorrec_25_yrfwd",75,2124.69,1307.79,0.139594,0.032,1131.23835,1.87819834785481,0.229236213590842,2635.95,1316.09,0.139623,0.036,1138.41785,2.31545034189336,0.257837175823467,"FRSonly_poorrec_25_yrfwd-75","FRSonly_poorrec_25_yrfwd",0.125,0.00634658469631971,0.12476633505941,0.00020774531856671,0.240628044561795,0.00634658469631971,0.232803949879924
"80","FRSonly_poorrec_25_yrfwd",76,2052.33,1307.79,0.139594,0.028,1131.23835,1.81423304823426,0.200581686891987,3297.29,1290.98,0.139579,0.032,1116.6977,2.95271495589182,0.229260848695004,"FRSonly_poorrec_25_yrfwd-76","FRSonly_poorrec_25_yrfwd",0.142857142857143,-0.0128537456319439,0.142979961168944,-0.000107454475120616,0.606608099087379,-0.0128537456319439,0.627527929096874
"81","FRSonly_poorrec_25_yrfwd",77,2122.29,1307.79,0.139594,0.036,1131.23835,1.87607677904484,0.257890740289697,2959.35,1318.39,0.139664,0.039,1140.40735,2.594993797611,0.279241608431665,"FRSonly_poorrec_25_yrfwd-77","FRSonly_poorrec_25_yrfwd",0.0833333333333334,0.00810527684108334,0.0827903635391606,0.000501454217230071,0.394413581555772,0.00810527684108315,0.383202343633388
"82","FRSonly_poorrec_25_yrfwd",78,2196.79,1307.79,0.139594,0.035,1131.23835,1.94193381085427,0.250727108614983,2838.45,1305.18,0.139668,0.03,1128.9807,2.51417052567861,0.214795085488444,"FRSonly_poorrec_25_yrfwd-78","FRSonly_poorrec_25_yrfwd",-0.142857142857143,-0.00199573325992686,-0.14331128103789,0.000530108743928756,0.292089821967507,-0.00199573325992698,0.294673645222027
"83","FRSonly_poorrec_25_yrfwd",79,2122.14,1307.79,0.139594,0.034,1131.23835,1.87594418099422,0.24356347694027,2955.6,1305.27,0.139606,0.041,1129.05855,2.61775618279495,0.293683652565076,"FRSonly_poorrec_25_yrfwd-79","FRSonly_poorrec_25_yrfwd",0.205882352941176,-0.00192691487165361,0.20577869988733,8.59635800966517e-05,0.392745059232661,-0.00192691487165369,0.395433941647232
"84","FRSonly_poorrec_25_yrfwd",80,2153.34,1307.79,0.139594,0.031,1131.23835,1.90352457552381,0.222072581916128,2918.2,1313.7,0.139707,0.033,1136.3505,2.56804568660814,0.236208636646696,"FRSonly_poorrec_25_yrfwd-80","FRSonly_poorrec_25_yrfwd",0.0645161290322581,0.00451907416328323,0.0636551104535137,0.000809490379242675,0.355197042733614,0.00451907416328316,0.349100358161371
"85","FRSonly_poorrec_25_yrfwd",81,2138.88,1307.79,0.139594,0.035,1131.23835,1.89074212344375,0.250727108614983,4376.29,1296.03,0.139742,0.03,1121.06595,3.90368648695467,0.214681341329021,"FRSonly_poorrec_25_yrfwd-81","FRSonly_poorrec_25_yrfwd",-0.142857142857143,-0.00899226940105056,-0.143764938243334,0.00106021748785771,1.04606616546978,-0.00899226940105062,1.06463189165353
"86","FRSonly_poorrec_25_yrfwd",82,2034.04,1307.79,0.139594,0.027,1131.23835,1.7980649259283,0.193418055217273,3874.1,1302.82,0.139705,0.039,1126.9393,3.43771842902275,0.279159657850471,"FRSonly_poorrec_25_yrfwd-82","FRSonly_poorrec_25_yrfwd",0.444444444444444,-0.00380030433020579,0.443296788073281,0.000795163115893233,0.904633143890976,-0.00380030433020594,0.911898941718103
"87","FRSonly_poorrec_25_yrfwd",83,2111.83,1307.79,0.139594,0.035,1131.23835,1.8668302749814,0.250727108614983,3785.17,1300.5,0.139635,0.024,1124.9325,3.36479744340216,0.171876678483188,"FRSonly_poorrec_25_yrfwd-83","FRSonly_poorrec_25_yrfwd",-0.314285714285714,-0.00557428945014105,-0.314487055537652,0.000293708898663361,0.792364915736589,-0.00557428945014105,0.802412082392275
"88","FRSonly_poorrec_25_yrfwd",84,2071.72,1307.79,0.139594,0.032,1131.23835,1.8313735562448,0.229236213590842,3828.67,1315.99,0.139566,0.031,1138.33135,3.36340556728056,0.222117134545663,"FRSonly_poorrec_25_yrfwd-84","FRSonly_poorrec_25_yrfwd",-0.03125,0.00627011982046054,-0.0310556475072727,-0.000200581686891989,0.848063444867067,0.00627011982046051,0.836548068422026
"89","FRSonly_poorrec_25_yrfwd",85,2242.03,1307.79,0.139594,0.032,1131.23835,1.98192538292218,0.229236213590842,2780.38,1311.97,0.139583,0.044,1134.85405,2.44998905365849,0.315224633372259,"FRSonly_poorrec_25_yrfwd-85","FRSonly_poorrec_25_yrfwd",0.375,0.00319623181091771,0.375108358467721,-7.87999484217319e-05,0.240117215202294,0.0031962318109177,0.236166141656752
"90","FRSonly_poorrec_25_yrfwd",86,2126.71,1307.79,0.139594,0.04,1131.23835,1.8799840016032,0.286545266988553,2515.95,1316.25,0.139551,0.04,1138.55625,2.20977224445432,0.28663356049043,"FRSonly_poorrec_25_yrfwd-86","FRSonly_poorrec_25_yrfwd",0,0.00646892849769479,0.000308131077527003,-0.000308036162012604,0.183024483827132,0.00646892849769461,0.175420770905439
"91","FRSonly_poorrec_25_yrfwd",87,2205.59,1307.79,0.139594,0.026,1131.23835,1.94971289649082,0.186254423542559,3772.9,1313.96,0.139688,0.027,1136.5754,3.31953339831216,0.193287898745776,"FRSonly_poorrec_25_yrfwd-87","FRSonly_poorrec_25_yrfwd",0.0384615384615385,0.00471788284051729,0.0377627283660729,0.000673381377423175,0.710608045919686,0.00471788284051726,0.702575494210863
"92","FRSonly_poorrec_25_yrfwd",88,2226.9,1307.79,0.139594,0.035,1131.23835,1.96855065954933,0.250727108614983,2351.96,1309.18,0.139708,0.032,1132.4407,2.07689462238508,0.229049159675895,"FRSonly_poorrec_25_yrfwd-88","FRSonly_poorrec_25_yrfwd",-0.0857142857142858,0.00106286177444413,-0.0864603315486587,0.000816654010917396,0.0561587857559836,0.00106286177444399,0.0550374268044253
"93","FRSonly_poorrec_25_yrfwd",89,2119.34,1307.79,0.139594,0.034,1131.23835,1.87346901738259,0.24356347694027,2819.72,1295.58,0.139584,0.036,1120.6767,2.51608693211878,0.257909215955983,"FRSonly_poorrec_25_yrfwd-89","FRSonly_poorrec_25_yrfwd",0.0588235294117646,-0.00933636134241725,0.0588993850635161,-7.16363167470109e-05,0.330470806949333,-0.00933636134241739,0.343009630142691
"94","FRSonly_poorrec_25_yrfwd",9,2044.59,1307.79,0.139594,0.034,1131.23835,1.80739098882212,0.24356347694027,2360.11,1323.2,0.139653,0.029,1144.568,2.06200942189542,0.207657551216229,"FRSonly_poorrec_25_yrfwd-9","FRSonly_poorrec_25_yrfwd",-0.147058823529412,0.0117832373699142,-0.147419170456522,0.00042265426880814,0.154319447908872,0.0117832373699142,0.140876232452194
"95","FRSonly_poorrec_25_yrfwd",90,2074.29,1307.79,0.139594,0.033,1131.23835,1.83364540284547,0.236399845265556,3907.65,1312.67,0.139627,0.033,1135.45955,3.44147001978186,0.23634397358677,"FRSonly_poorrec_25_yrfwd-90","FRSonly_poorrec_25_yrfwd",0,0.00373148594193273,-0.000236343973586834,0.000236399845265593,0.88384941353427,0.00373148594193266,0.87684598911073
"96","FRSonly_poorrec_25_yrfwd",91,2060.7,1307.79,0.139594,0.03,1131.23835,1.82163201945903,0.214908950241414,1968.63,1324.38,0.139664,0.031,1145.5887,1.71844397557343,0.221961278496964,"FRSonly_poorrec_25_yrfwd-91","FRSonly_poorrec_25_yrfwd",0.0333333333333334,0.0126855229050537,0.032815423683507,0.000501454217230071,-0.0446789925753383,0.0126855229050537,-0.0566459322098656
"97","FRSonly_poorrec_25_yrfwd",93,2250.84,1307.79,0.139594,0.034,1131.23835,1.98971330842877,0.24356347694027,4328.98,1302.01,0.139637,0.027,1126.23865,3.84375016787073,0.193358493808947,"FRSonly_poorrec_25_yrfwd-93","FRSonly_poorrec_25_yrfwd",-0.205882352941177,-0.00441966982466591,-0.2061268945657,0.000308036162012803,0.923273089157825,-0.00441966982466602,0.931811056189823
"98","FRSonly_poorrec_25_yrfwd",95,2068.85,1307.79,0.139594,0.034,1131.23835,1.82883651354288,0.24356347694027,2328.32,1295.43,0.139634,0.03,1120.54695,2.0778424322158,0.214847386739619,"FRSonly_poorrec_25_yrfwd-95","FRSonly_poorrec_25_yrfwd",-0.11764705882353,-0.00945105865620601,-0.117899820454988,0.00028654526698864,0.125417502477222,-0.0094510586562062,0.136155373555256
"99","FRSonly_poorrec_25_yrfwd",97,2125.2,1307.79,0.139594,0.031,1131.23835,1.87864918122693,0.222072581916128,2931.38,1311.18,0.139657,0.028,1134.1707,2.58460212382492,0.200491203448449,"FRSonly_poorrec_25_yrfwd-97","FRSonly_poorrec_25_yrfwd",-0.0967741935483871,0.00259215929162963,-0.0971816434134597,0.000451308795507024,0.379343120647469,0.00259215929162947,0.375776887804537
"100","FRSonly_poorrec_25_yrfwd",99,2131.79,1307.79,0.139594,0.026,1131.23835,1.8844746555843,0.186254423542559,3008.25,1299.28,0.139656,0.034,1123.8772,2.67667143705736,0.243455347425102,"FRSonly_poorrec_25_yrfwd-99","FRSonly_poorrec_25_yrfwd",0.307692307692308,-0.00650716093562418,0.307111760325371,0.000444145163832303,0.411138057688609,-0.00650716093562421,0.420380703516244
"101","FRSonly_SQ_25_yrfwd",1,3514.32,1307.79,0.139594,0.033,1131.23835,3.10661320843658,0.236399845265556,3510.84,1300.29,0.139636,0.034,1124.75085,3.12143796112712,0.243490217422441,"FRSonly_SQ_25_yrfwd-1","FRSonly_SQ_25_yrfwd",0.0303030303030303,-0.00573486568944551,0.0299931336626743,0.000300872530338082,-0.00099023424161716,-0.00573486568944555,0.00477199821667126
"102","FRSonly_SQ_25_yrfwd",10,3133.89,1307.79,0.139594,0.036,1131.23835,2.77031803244648,0.257890740289697,3521.9,1289.75,0.139699,0.032,1115.63375,3.15686039437226,0.229063915990809,"FRSonly_SQ_25_yrfwd-10","FRSonly_SQ_25_yrfwd",-0.111111111111111,-0.0137942636050129,-0.111779214199418,0.000752181325844907,0.123810982516936,-0.013794263605013,0.13952995915939
"103","FRSonly_SQ_25_yrfwd",100,2643.97,1307.79,0.139594,0.038,1131.23835,2.33723511937162,0.272218003639125,2727.22,1299.85,0.13966,0.038,1124.37025,2.42555332640649,0.27208935987398,"FRSonly_SQ_25_yrfwd-100","FRSonly_SQ_25_yrfwd",0,-0.00607131114322628,-0.000472576256623369,0.000472799690531187,0.0314867415288373,-0.0060713111432264,0.0377874721729415
"104","FRSonly_SQ_25_yrfwd",103,3696.95,1307.79,0.139594,0.041,1131.23835,3.26805575500512,0.293708898663266,3947.15,1302.92,0.139619,0.038,1127.0258,3.50227119911541,0.272169260630716,"FRSonly_SQ_25_yrfwd-103","FRSonly_SQ_25_yrfwd",-0.0731707317073171,-0.00372383945434641,-0.0733366885735553,0.000179090791867826,0.0676774097566914,-0.00372383945434656,0.0716681298204825
"105","FRSonly_SQ_25_yrfwd",104,3307.35,1307.79,0.139594,0.036,1131.23835,2.92365441818694,0.257890740289697,3177.75,1324.89,0.139665,0.038,1146.02985,2.77283353483332,0.272079619088533,"FRSonly_SQ_25_yrfwd-104","FRSonly_SQ_25_yrfwd",0.0555555555555556,0.0130754937719361,0.0550189540845752,0.000508617848904792,-0.0391854505873282,0.013075493771936,-0.0515864263626431
"106","FRSonly_SQ_25_yrfwd",106,3721.87,1307.79,0.139594,0.035,1131.23835,3.29008471114863,0.250727108614983,5113.98,1317.25,0.139712,0.025,1139.42125,4.48822593048883,0.178939532753092,"FRSonly_SQ_25_yrfwd-106","FRSonly_SQ_25_yrfwd",-0.285714285714286,0.00723357725628754,-0.286317567567568,0.00084530853761628,0.374035095261253,0.00723357725628735,0.364167285808854
"107","FRSonly_SQ_25_yrfwd",107,3449.15,1307.79,0.139594,0.035,1131.23835,3.0490037753759,0.250727108614983,4134.58,1311.28,0.139686,0.029,1134.2572,3.64518735256871,0.207608493335051,"FRSonly_SQ_25_yrfwd-107","FRSonly_SQ_25_yrfwd",-0.171428571428571,0.0026686241674888,-0.171974285182481,0.000659054114073733,0.198724323384022,0.00266862416748867,0.195533892744791
"108","FRSonly_SQ_25_yrfwd",108,3076.17,1307.79,0.139594,0.033,1131.23835,2.71929430256674,0.236399845265556,2738.87,1323.92,0.139647,0.037,1145.1908,2.39162766588764,0.264953776307404,"FRSonly_SQ_25_yrfwd-108","FRSonly_SQ_25_yrfwd",0.121212121212121,0.0123337844761011,0.120786589389567,0.000379672478759814,-0.109649336675151,0.012333784476101,-0.120496937889296
"109","FRSonly_SQ_25_yrfwd",11,3217.12,1307.79,0.139594,0.031,1131.23835,2.84389227080217,0.222072581916128,3165.49,1310.69,0.139674,0.032,1133.74685,2.79206067915426,0.229104915732348,"FRSonly_SQ_25_yrfwd-11","FRSonly_SQ_25_yrfwd",0.0322580645161291,0.00221748139991907,0.0316668260239166,0.000573090533977082,-0.0160485154423833,0.00221748139991902,-0.0182255819533182
"110","FRSonly_SQ_25_yrfwd",110,3955.79,1307.79,0.139594,0.036,1131.23835,3.4968669511602,0.257890740289697,4153.17,1308.76,0.139679,0.034,1132.0774,3.66862725110492,0.243415259273047,"FRSonly_SQ_25_yrfwd-110","FRSonly_SQ_25_yrfwd",-0.0555555555555554,0.000741709295834996,-0.0561302860288391,0.000608908692350687,0.049896480854646,0.000741709295834979,0.0491183400294152
"111","FRSonly_SQ_25_yrfwd",111,3870.62,1307.79,0.139594,0.036,1131.23835,3.42157777801645,0.257890740289697,3828.02,1281.81,0.139695,0.037,1108.76565,3.45250594659025,0.264862736676331,"FRSonly_SQ_25_yrfwd-111","FRSonly_SQ_25_yrfwd",0.0277777777777778,-0.0198655747482392,0.0270346906554357,0.000723526799146222,-0.0110059887046519,-0.0198655747482394,0.00903915403370479
"112","FRSonly_SQ_25_yrfwd",112,4557.57,1307.79,0.139594,0.035,1131.23835,4.02883265051967,0.250727108614983,4397.66,1305.76,0.139676,0.036,1129.4824,3.89351795123147,0.257739339614536,"FRSonly_SQ_25_yrfwd-112","FRSonly_SQ_25_yrfwd",0.0285714285714284,-0.00155223697994325,0.0279675821186172,0.000587417797326524,-0.035086679963226,-0.00155223697994324,-0.0335865773106141
"113","FRSonly_SQ_25_yrfwd",114,3609.82,1307.79,0.139594,0.03,1131.23835,3.19103396733323,0.214908950241414,4242.55,1314.86,0.139689,0.025,1137.3539,3.73019339011367,0.178968995411235,"FRSonly_SQ_25_yrfwd-114","FRSonly_SQ_25_yrfwd",-0.166666666666667,0.00540606672325066,-0.167233401818802,0.000680545009097896,0.175280207877401,0.00540606672325063,0.168960728183979
"114","FRSonly_SQ_25_yrfwd",115,4544.64,1307.79,0.139594,0.028,1131.23835,4.01740269855597,0.200581686891987,4714.27,1291.72,0.13968,0.028,1117.3378,4.21919852707033,0.200458190148912,"FRSonly_SQ_25_yrfwd-115","FRSonly_SQ_25_yrfwd",0,-0.0122879055505852,-0.00061569301260023,0.000616072324025408,0.0373252886917336,-0.0122879055505853,0.0502304209102297
"115","FRSonly_SQ_25_yrfwd",116,2734.81,1307.79,0.139594,0.037,1131.23835,2.41753649882892,0.265054371964411,3021.44,1295.4,0.139675,0.033,1120.521,2.69645995032668,0.236262752819044,"FRSonly_SQ_25_yrfwd-116","FRSonly_SQ_25_yrfwd",-0.108108108108108,-0.00947399811896396,-0.108625331972387,0.000580254165651803,0.104808012256793,-0.00947399811896396,0.115375073606076
"116","FRSonly_SQ_25_yrfwd",117,3049.05,1307.79,0.139594,0.035,1131.23835,2.6953205750141,0.250727108614983,2931.37,1331.76,0.139659,0.037,1151.9724,2.54465297953319,0.264931010532798,"FRSonly_SQ_25_yrfwd-117","FRSonly_SQ_25_yrfwd",0.057142857142857,0.018328630743468,0.0566508424090103,0.000465636058856466,-0.0385956281464719,0.018328630743468,-0.0558996940392223
"117","FRSonly_SQ_25_yrfwd",118,3948.57,1307.79,0.139594,0.028,1131.23835,3.49048456499022,0.200581686891987,3616.42,1325.44,0.139679,0.03,1146.5056,3.1542977199588,0.214778169946807,"FRSonly_SQ_25_yrfwd-118","FRSonly_SQ_25_yrfwd",0.0714285714285714,0.013496050589162,0.0707765662698042,0.000608908692350687,-0.0841190608245517,0.0134960505891619,-0.0963152361146038
"118","FRSonly_SQ_25_yrfwd",12,4084.92,1307.79,0.139594,0.031,1131.23835,3.61101619300654,0.222072581916128,3426.38,1307.51,0.13966,0.037,1130.99615,3.02952401738945,0.264929113561507,"FRSonly_SQ_25_yrfwd-12","FRSonly_SQ_25_yrfwd",0.193548387096774,-0.000214101652405889,0.192984344467901,0.000472799690531187,-0.161212459485131,-0.000214101652405946,-0.161032835228839
"119","FRSonly_SQ_25_yrfwd",120,4246.57,1307.79,0.139594,0.04,1131.23835,3.75391269222795,0.286545266988553,4514.21,1311.35,0.139643,0.038,1134.31775,3.97966971776647,0.272122483762165,"FRSonly_SQ_25_yrfwd-120","FRSonly_SQ_25_yrfwd",-0.05,0.00272214958059023,-0.0503333500426087,0.00035101795206093,0.0630249825153007,0.00272214958059011,0.0601391252401609
"120","FRSonly_SQ_25_yrfwd",121,2778.63,1307.79,0.139594,0.04,1131.23835,2.45627280935092,0.286545266988553,2976.2,1301.81,0.139661,0.038,1126.06565,2.64300753690515,0.272087411661094,"FRSonly_SQ_25_yrfwd-121","FRSonly_SQ_25_yrfwd",-0.05,-0.00457259957638446,-0.0504557464145325,0.000479963322205908,0.0711033854813342,-0.0045725995763846,0.0760236105872852
"121","FRSonly_SQ_25_yrfwd",122,3299.4,1307.79,0.139594,0.023,1131.23835,2.91662672150392,0.164763528518418,2776.32,1298.87,0.139664,0.028,1123.52255,2.47108524880075,0.200481154771451,"FRSonly_SQ_25_yrfwd-122","FRSonly_SQ_25_yrfwd",0.217391304347826,-0.0068206669266472,0.216781144311565,0.000501454217230071,-0.158537915984724,-0.0068206669266473,-0.152759168466177
"122","FRSonly_SQ_25_yrfwd",123,4246.61,1307.79,0.139594,0.039,1131.23835,3.75394805170811,0.279381635313839,4510.44,1319.48,0.139672,0.037,1141.3502,3.95184580508244,0.264906352024744,"FRSonly_SQ_25_yrfwd-123","FRSonly_SQ_25_yrfwd",-0.0512820512820513,0.00893874398794934,-0.0518118639861008,0.00055876327062764,0.0621272026392817,0.00893874398794918,0.0527172328035483
"123","FRSonly_SQ_25_yrfwd",125,3708.29,1307.79,0.139594,0.031,1131.23835,3.27808016763222,0.222072581916128,3686.14,1307.21,0.139728,0.031,1130.73665,3.25994562924975,0.221859612962327,"FRSonly_SQ_25_yrfwd-125","FRSonly_SQ_25_yrfwd",0,-0.000443496279983613,-0.000959006068933862,0.000959926644411617,-0.00597310350592863,-0.000443496279983734,-0.0055320606742747
"124","FRSonly_SQ_25_yrfwd",127,3104.64,1307.79,0.139594,0.031,1131.23835,2.74446141257499,0.222072581916128,2734.86,1304.26,0.139713,0.035,1128.1849,2.42412391798543,0.250513552783206,"FRSonly_SQ_25_yrfwd-127","FRSonly_SQ_25_yrfwd",0.129032258064516,-0.00269921011783227,0.128070609265123,0.000852472169291001,-0.119105596784168,-0.00269921011783235,-0.116721442364534
"125","FRSonly_SQ_25_yrfwd",128,3187.88,1307.79,0.139594,0.033,1131.23835,2.81804449080072,0.236399845265556,3313.65,1318.52,0.139715,0.031,1140.5198,2.90538577234696,0.221880256235909,"FRSonly_SQ_25_yrfwd-128","FRSonly_SQ_25_yrfwd",-0.0606060606060607,0.00820468117970026,-0.0614196215455925,0.000866799432640443,0.0394525515389538,0.00820468117970012,0.0309935779336893
"126","FRSonly_SQ_25_yrfwd",14,3810.99,1307.79,0.139594,0.031,1131.23835,3.36886563295878,0.222072581916128,3806.41,1296.14,0.139714,0.031,1121.1611,3.39506070983019,0.22188184433915,"FRSonly_SQ_25_yrfwd-14","FRSonly_SQ_25_yrfwd",0,-0.00890815803760527,-0.000858897461957951,0.000859635800965722,-0.00120178746205052,-0.00890815803760532,0.00777563718040079
"127","FRSonly_SQ_25_yrfwd",15,4039.95,1307.79,0.139594,0.034,1131.23835,3.57126329742976,0.24356347694027,4413.46,1306.08,0.139676,0.031,1129.7592,3.9065492894415,0.221942209112518,"FRSonly_SQ_25_yrfwd-15","FRSonly_SQ_25_yrfwd",-0.0882352941176471,-0.00130754937719349,-0.0887705665043303,0.000587417797326524,0.0924541145311205,-0.00130754937719361,0.0938844224263857
"128","FRSonly_SQ_25_yrfwd",16,3148.55,1307.79,0.139594,0.028,1131.23835,2.78327728192737,0.200581686891987,2663.8,1297.01,0.139648,0.034,1121.91365,2.37433602844568,0.243469294225481,"FRSonly_SQ_25_yrfwd-16","FRSonly_SQ_25_yrfwd",0.214285714285714,-0.00824291361762965,0.213816166361137,0.000386836110434535,-0.15395975925426,-0.00824291361762972,-0.146927960119913
"129","FRSonly_SQ_25_yrfwd",17,2657.71,1307.79,0.139594,0.029,1131.23835,2.34938110080869,0.207745318566701,2343.39,1300.38,0.139668,0.034,1124.8287,2.08333055513253,0.243434430220237,"FRSonly_SQ_25_yrfwd-17","FRSonly_SQ_25_yrfwd",0.172413793103448,-0.00566604730117206,0.171792615591852,0.000530108743928756,-0.118267230058961,-0.0056660473011721,-0.113242821943438
"130","FRSonly_SQ_25_yrfwd",19,3795.39,1307.79,0.139594,0.03,1131.23835,3.35507543569399,0.214908950241414,3943.55,1311.62,0.139721,0.028,1134.5513,3.47586750815058,0.200399367310569,"FRSonly_SQ_25_yrfwd-19","FRSonly_SQ_25_yrfwd",-0.0666666666666666,0.0029286047454102,-0.0675150239882815,0.000909781222688769,0.0390368315245601,0.00292860474541014,0.0360027888409024
"131","FRSonly_SQ_25_yrfwd",2,2666.33,1307.79,0.139594,0.032,1131.23835,2.35700106878449,0.229236213590842,2480.73,1302.36,0.139639,0.034,1126.5414,2.20207619533556,0.243484986286066,"FRSonly_SQ_25_yrfwd-2","FRSonly_SQ_25_yrfwd",0.0625000000000001,-0.00415204275915859,0.0621575992380351,0.000322363425362245,-0.0696087881094988,-0.00415204275915863,-0.0657296576996541
"132","FRSonly_SQ_25_yrfwd",20,3724.8,1307.79,0.139594,0.036,1131.23835,3.2926747930708,0.257890740289697,3801.61,1298.42,0.139682,0.035,1123.1333,3.38482529188655,0.250569149926261,"FRSonly_SQ_25_yrfwd-20","FRSonly_SQ_25_yrfwd",-0.0277777777777776,-0.00716475886801388,-0.0283902801442641,0.00063039958737485,0.0206212414089347,-0.00716475886801389,0.0279865169222521
"133","FRSonly_SQ_25_yrfwd",21,3370.91,1307.79,0.139594,0.034,1131.23835,2.97984063217093,0.24356347694027,3516.52,1313.19,0.139682,0.033,1135.90935,3.09577520424495,0.236250912787618,"FRSonly_SQ_25_yrfwd-21","FRSonly_SQ_25_yrfwd",-0.0294117647058824,0.00412910329640104,-0.0300232376566269,0.00063039958737485,0.0431960509180014,0.00412910329640087,0.0389062994921166
"134","FRSonly_SQ_25_yrfwd",22,3028.81,1307.79,0.139594,0.038,1131.23835,2.67742867805003,0.272218003639125,3487.99,1332.95,0.139696,0.033,1153.00175,3.02513851344978,0.236227236284504,"FRSonly_SQ_25_yrfwd-22","FRSonly_SQ_25_yrfwd",-0.131578947368421,0.0192385627661936,-0.132213031002658,0.000730690430820744,0.151604095337773,0.0192385627661934,0.129867076665881
"135","FRSonly_SQ_25_yrfwd",23,3554.15,1307.79,0.139594,0.03,1131.23835,3.14182241081201,0.214908950241414,3480.33,1303.43,0.139698,0.031,1127.46695,3.08685766797865,0.221907257083136,"FRSonly_SQ_25_yrfwd-23","FRSonly_SQ_25_yrfwd",0.0333333333333334,-0.00333386858746422,0.0325640548421119,0.000745017694170186,-0.0207700856744932,-0.00333386858746427,-0.0174945415896869
"136","FRSonly_SQ_25_yrfwd",26,2872.15,1307.79,0.139594,0.034,1131.23835,2.53894327397935,0.24356347694027,2981.93,1298.07,0.139709,0.032,1122.83055,2.65572574597298,0.229047520202707,"FRSonly_SQ_25_yrfwd-26","FRSonly_SQ_25_yrfwd",-0.0588235294117648,-0.0074323859335214,-0.0595982489653916,0.000823817642592117,0.038222237696499,-0.00743238593352146,0.0459964872750348
"137","FRSonly_SQ_25_yrfwd",27,4240.87,1307.79,0.139594,0.04,1131.23835,3.74887396630427,0.286545266988553,4582.04,1287.6,0.139678,0.037,1113.774,4.11397644405418,0.264894972722977,"FRSonly_SQ_25_yrfwd-27","FRSonly_SQ_25_yrfwd",-0.0750000000000001,-0.0154382584359874,-0.0755562794427183,0.000601745060675966,0.0804481155989219,-0.0154382584359875,0.0973899045504148
"138","FRSonly_SQ_25_yrfwd",28,3078.95,1307.79,0.139594,0.036,1131.23835,2.72175178643829,0.257890740289697,3212.91,1303.01,0.13967,0.034,1127.10365,2.85058965073886,0.24343094436887,"FRSonly_SQ_25_yrfwd-28","FRSonly_SQ_25_yrfwd",-0.0555555555555554,-0.00365502106607316,-0.0560694653270008,0.000544436007278198,0.0435083388817617,-0.00365502106607328,0.0473363753971027
"139","FRSonly_SQ_25_yrfwd",29,3762.09,1307.79,0.139594,0.032,1131.23835,3.32563866845568,0.229236213590842,3982.42,1313.99,0.139725,0.029,1136.60135,3.50379664778684,0.207550545714797,"FRSonly_SQ_25_yrfwd-29","FRSonly_SQ_25_yrfwd",-0.09375,0.00474082230327504,-0.0945996600465199,0.000938435749387454,0.0585658503650896,0.00474082230327503,0.0535710571990353
"140","FRSonly_SQ_25_yrfwd",3,3673.62,1307.79,0.139594,0.03,1131.23835,3.24743233819822,0.214908950241414,4251.92,1292.38,0.139605,0.026,1117.9087,3.80345908391267,0.186239747860034,"FRSonly_SQ_25_yrfwd-3","FRSonly_SQ_25_yrfwd",-0.133333333333333,-0.0117832373699138,-0.133401621240882,7.87999484219308e-05,0.157419656905178,-0.011783237369914,0.171220425187656
"141","FRSonly_SQ_25_yrfwd",30,3057.87,1307.79,0.139594,0.034,1131.23835,2.70311734039073,0.24356347694027,3149.69,1301.14,0.139655,0.034,1125.4861,2.7985152371051,0.243457090687766,"FRSonly_SQ_25_yrfwd-30","FRSonly_SQ_25_yrfwd",0,-0.00508491424464153,-0.000436790662704553,0.000436981532157582,0.0300274373992355,-0.00508491424464162,0.0352918074583411
"142","FRSonly_SQ_25_yrfwd",31,3510.56,1307.79,0.139594,0.031,1131.23835,3.10328941730096,0.222072581916128,3445.87,1305.04,0.139671,0.031,1128.8596,3.05252309498896,0.221950154291156,"FRSonly_SQ_25_yrfwd-31","FRSonly_SQ_25_yrfwd",0,-0.00210278408612991,-0.000551295544529512,0.000551599638952919,-0.0184272594685748,-0.00210278408613004,-0.016358874563544
"143","FRSonly_SQ_25_yrfwd",33,3242.23,1307.79,0.139594,0.032,1131.23835,2.86608918447646,0.229236213590842,3320.56,1294.2,0.139645,0.032,1119.483,2.96615491258018,0.229152493823624,"FRSonly_SQ_25_yrfwd-33","FRSonly_SQ_25_yrfwd",0,-0.0103915766292753,-0.000365211787031417,0.000365345215410372,0.0241592977672774,-0.0103915766292753,0.0349136826047502
"144","FRSonly_SQ_25_yrfwd",35,3431.18,1307.79,0.139594,0.034,1131.23835,3.03311852891126,0.24356347694027,3576.78,1313.39,0.139647,0.032,1136.08235,3.14834571631185,0.229149211941538,"FRSonly_SQ_25_yrfwd-35","FRSonly_SQ_25_yrfwd",-0.0588235294117648,0.00428203304811959,-0.0591807325950854,0.000379672478759814,0.0424343811749895,0.00428203304811945,0.0379896750826785
"145","FRSonly_SQ_25_yrfwd",36,2781.83,1307.79,0.139594,0.035,1131.23835,2.45910156776421,0.250727108614983,3421.07,1283.27,0.139691,0.028,1110.02855,3.08196577466408,0.200442405022514,"FRSonly_SQ_25_yrfwd-36","FRSonly_SQ_25_yrfwd",-0.2,-0.0187491875606939,-0.200555511808205,0.000694872272447338,0.229791180625703,-0.018749187560694,0.25328933748197
"146","FRSonly_SQ_25_yrfwd",38,3187.94,1307.79,0.139594,0.038,1131.23835,2.81809753002097,0.272218003639125,3713.75,1290.03,0.139681,0.033,1115.87595,3.32810291323153,0.236252604148023,"FRSonly_SQ_25_yrfwd-38","FRSonly_SQ_25_yrfwd",-0.131578947368421,-0.0135801619526071,-0.132119841488444,0.000623235955700128,0.16493723219383,-0.0135801619526071,0.180975064836298
"147","FRSonly_SQ_25_yrfwd",4,3391.79,1307.79,0.139594,0.036,1131.23835,2.99829828081765,0.257890740289697,3281.51,1291.94,0.139653,0.038,1117.5281,2.9364004359264,0.272102998145403,"FRSonly_SQ_25_yrfwd-4","FRSonly_SQ_25_yrfwd",0.0555555555555556,-0.0121196828236948,0.0551096089752616,0.00042265426880814,-0.0325138053947915,-0.0121196828236949,-0.0206443252451773
"148","FRSonly_SQ_25_yrfwd",40,3896.4,1307.79,0.139594,0.033,1131.23835,3.44436696298353,0.236399845265556,4005.31,1298.6,0.139647,0.032,1123.289,3.56569858691753,0.229149211941538,"FRSonly_SQ_25_yrfwd-40","FRSonly_SQ_25_yrfwd",-0.0303030303030303,-0.00702712209146717,-0.0306710578252395,0.000379672478759814,0.0279514423570475,-0.00702712209146733,0.0352261025720953
"149","FRSonly_SQ_25_yrfwd",41,3117.76,1307.79,0.139594,0.039,1131.23835,2.75605932206948,0.279381635313839,3011.87,1301.27,0.139522,0.042,1125.59855,2.67579413637304,0.301027794899729,"FRSonly_SQ_25_yrfwd-41","FRSonly_SQ_25_yrfwd",0.076923076923077,-0.0049855099060246,0.0774788205444303,-0.000515781480579314,-0.0339634866057683,-0.00498550990602465,-0.0291231705550407
"150","FRSonly_SQ_25_yrfwd",42,4218.06,1307.79,0.139594,0.03,1131.23835,3.72871022273953,0.214908950241414,4096.31,1286.42,0.139681,0.03,1112.7533,3.68123824031796,0.214775094680021,"FRSonly_SQ_25_yrfwd-42","FRSonly_SQ_25_yrfwd",0,-0.0163405439711267,-0.000622847774572028,0.000623235955700128,-0.0288639801235639,-0.0163405439711268,-0.0127314753857961
"151","FRSonly_SQ_25_yrfwd",43,3609.97,1307.79,0.139594,0.036,1131.23835,3.19116656538386,0.257890740289697,3608.3,1296.4,0.139625,0.036,1121.386,3.21771450686918,0.257833482542525,"FRSonly_SQ_25_yrfwd-43","FRSonly_SQ_25_yrfwd",0,-0.00870934936037122,-0.000222023276634013,0.000222072581916151,-0.000462607722501743,-0.00870934936037122,0.00831919642594059
"152","FRSonly_SQ_25_yrfwd",44,3099.21,1307.79,0.139594,0.03,1131.23835,2.73966136314244,0.214908950241414,3317.48,1320.95,0.139667,0.028,1142.62175,2.90339300822866,0.200476848503942,"FRSonly_SQ_25_yrfwd-44","FRSonly_SQ_25_yrfwd",-0.0666666666666666,0.0100627776630806,-0.0671544936646929,0.000522945112254234,0.0704276251044621,0.0100627776630805,0.0597634610207533
"153","FRSonly_SQ_25_yrfwd",47,2762.63,1307.79,0.139594,0.033,1131.23835,2.44212901728447,0.236399845265556,2967.71,1304.12,0.139667,0.031,1128.0638,2.63079978277824,0.22195651084365,"FRSonly_SQ_25_yrfwd-47","FRSonly_SQ_25_yrfwd",-0.0606060606060607,-0.00280626094403532,-0.0610970553118665,0.000522945112254234,0.074233610726011,-0.00280626094403541,0.0772566740571188
"154","FRSonly_SQ_25_yrfwd",48,3050.91,1307.79,0.139594,0.033,1131.23835,2.69696479084182,0.236399845265556,3492.97,1300.78,0.139709,0.029,1125.1747,3.10438014647859,0.207574315183703,"FRSonly_SQ_25_yrfwd-48","FRSonly_SQ_25_yrfwd",-0.121212121212121,-0.00536018779773496,-0.121935486249883,0.000823817642592117,0.144894474107725,-0.0053601877977351,0.151064395434541
"155","FRSonly_SQ_25_yrfwd",49,2638.99,1307.79,0.139594,0.033,1131.23835,2.33283286409093,0.236399845265556,2295.59,1289.64,0.139643,0.038,1115.5386,2.0578310781895,0.272122483762165,"FRSonly_SQ_25_yrfwd-49","FRSonly_SQ_25_yrfwd",0.151515151515151,-0.013878374968458,0.151111090857444,0.00035101795206093,-0.130125540452976,-0.0138783749684581,-0.117883192634377
"156","FRSonly_SQ_25_yrfwd",5,4883.46,1307.79,0.139594,0.037,1131.23835,4.31691517530324,0.265054371964411,5204.86,1296.31,0.139683,0.035,1121.30815,4.64177487695956,0.250567356084849,"FRSonly_SQ_25_yrfwd-5","FRSonly_SQ_25_yrfwd",-0.0540540540540539,-0.00877816774864467,-0.0546567701267985,0.000637563219049571,0.0658139925380774,-0.00877816774864467,0.0752527414749346
"157","FRSonly_SQ_25_yrfwd",50,3958.11,1307.79,0.139594,0.034,1131.23835,3.49891780100984,0.24356347694027,4272.54,1321.21,0.139691,0.031,1142.84665,3.73850682416578,0.221918376989212,"FRSonly_SQ_25_yrfwd-50","FRSonly_SQ_25_yrfwd",-0.0882352941176471,0.0102615863403147,-0.0888684141931753,0.000694872272447338,0.0794394294246496,0.0102615863403146,0.06847517912161
"158","FRSonly_SQ_25_yrfwd",51,3128.37,1307.79,0.139594,0.041,1131.23835,2.76543842418355,0.293708898663266,3605.09,1311.87,0.139651,0.036,1134.76755,3.17694139209391,0.257785479516795,"FRSonly_SQ_25_yrfwd-51","FRSonly_SQ_25_yrfwd",-0.121951219512195,0.00311976693505833,-0.122309604203231,0.000408327005458698,0.152386066865492,0.00311976693505833,0.148802072145885
"159","FRSonly_SQ_25_yrfwd",52,3310.05,1307.79,0.139594,0.034,1131.23835,2.92604118309815,0.24356347694027,3142.12,1290.02,0.139688,0.036,1115.8673,2.81585453754223,0.257717198327702,"FRSonly_SQ_25_yrfwd-52","FRSonly_SQ_25_yrfwd",0.0588235294117646,-0.013587808440193,0.0581110171575642,0.000673381377423175,-0.0507333726076646,-0.013587808440193,-0.0376572435796171
"160","FRSonly_SQ_25_yrfwd",54,3662.55,1307.79,0.139594,0.029,1131.23835,3.23764660206225,0.207745318566701,3962.11,1301.29,0.139638,0.027,1125.61585,3.51994865743939,0.193357109096378,"FRSonly_SQ_25_yrfwd-54","FRSonly_SQ_25_yrfwd",-0.0689655172413794,-0.00497021693085277,-0.0692588866482843,0.000315199793687524,0.0817900096927004,-0.00497021693085281,0.0871935977191991
"161","FRSonly_SQ_25_yrfwd",55,3877.51,1307.79,0.139594,0.037,1131.23835,3.42766844847507,0.265054371964411,3863.7,1311,0.139677,0.037,1134.015,3.40709778971178,0.264896869205381,"FRSonly_SQ_25_yrfwd-55","FRSonly_SQ_25_yrfwd",0,0.00245452251508291,-0.000594228112001263,0.000594581429001245,-0.00356156399338761,0.00245452251508272,-0.00600135604493725
"162","FRSonly_SQ_25_yrfwd",56,4022.99,1307.79,0.139594,0.032,1131.23835,3.55627087783932,0.229236213590842,3757.12,1303.26,0.139667,0.035,1127.3199,3.33278956576567,0.250596060629927,"FRSonly_SQ_25_yrfwd-56","FRSonly_SQ_25_yrfwd",0.0937500000000001,-0.00346385887642502,0.0931783277366879,0.000522945112254234,-0.0660876611674401,-0.00346385887642509,-0.0628414762964924
"163","FRSonly_SQ_25_yrfwd",57,3364.5,1307.79,0.139594,0.031,1131.23835,2.97417427547431,0.222072581916128,3803.52,1318.95,0.139704,0.027,1140.89175,3.33381322110533,0.193265761896581,"FRSonly_SQ_25_yrfwd-57","FRSonly_SQ_25_yrfwd",-0.129032258064516,0.00853348014589511,-0.129718039800278,0.000787999484218512,0.130485956308515,0.00853348014589505,0.120920602601094
"164","FRSonly_SQ_25_yrfwd",58,2926.85,1307.79,0.139594,0.035,1131.23835,2.58729736310655,0.250727108614983,3048.63,1310.82,0.139633,0.034,1133.8593,2.68871984381131,0.243495448783597,"FRSonly_SQ_25_yrfwd-58","FRSonly_SQ_25_yrfwd",-0.0285714285714286,0.002316885738536,-0.0288427520715019,0.000279381635313919,0.0416078719442405,0.00231688573853598,0.0392001639050047
"165","FRSonly_SQ_25_yrfwd",59,2513.93,1307.79,0.139594,0.031,1131.23835,2.2222814493515,0.222072581916128,2599.37,1300.09,0.139696,0.029,1124.57785,2.31141845804628,0.207593631886382,"FRSonly_SQ_25_yrfwd-59","FRSonly_SQ_25_yrfwd",-0.064516129032258,-0.00588779544116406,-0.0651991790468518,0.000730690430820744,0.033986626517047,-0.00588779544116414,0.0401105848769922
"166","FRSonly_SQ_25_yrfwd",6,3017.37,1307.79,0.139594,0.037,1131.23835,2.66731586672252,0.265054371964411,3292.43,1300.94,0.139596,0.036,1125.3131,2.92579016453287,0.257887045474082,"FRSonly_SQ_25_yrfwd-6","FRSonly_SQ_25_yrfwd",-0.0270270270270271,-0.00523784399636008,-0.027040966867323,1.4327263349442e-05,0.0911588568853008,-0.0052378439963602,0.0969042703322422
"167","FRSonly_SQ_25_yrfwd",60,2851.65,1307.79,0.139594,0.038,1131.23835,2.52082154039421,0.272218003639125,2895.27,1307.53,0.139688,0.037,1131.01345,2.55988998185654,0.26487600939236,"FRSonly_SQ_25_yrfwd-60","FRSonly_SQ_25_yrfwd",-0.0263157894736842,-0.000198808677234054,-0.0269710090758654,0.000673381377423175,0.0152964073431171,-0.000198808677234106,0.0154982972163202
"168","FRSonly_SQ_25_yrfwd",61,2632.24,1307.79,0.139594,0.027,1131.23835,2.3268659518129,0.193418055217273,2538.54,1319.48,0.139714,0.027,1141.3502,2.22415521546323,0.19325192894055,"FRSonly_SQ_25_yrfwd-61","FRSonly_SQ_25_yrfwd",0,0.00893874398794934,-0.000858897461958136,0.000859635800965722,-0.0355970580190256,0.00893874398794918,-0.0441412348096991
"169","FRSonly_SQ_25_yrfwd",63,2565.55,1307.79,0.139594,0.036,1131.23835,2.2679128585059,0.257890740289697,2237.12,1341.31,0.139674,0.041,1160.23315,1.9281641797599,0.293540673282071,"FRSonly_SQ_25_yrfwd-63","FRSonly_SQ_25_yrfwd",0.138888888888889,0.0256310263880288,0.138236576281595,0.000573090533977082,-0.128015435286781,0.0256310263880286,-0.149806760639747
"170","FRSonly_SQ_25_yrfwd",64,2950.34,1307.79,0.139594,0.03,1131.23835,2.60806221783411,0.214908950241414,2816.39,1304.38,0.139671,0.031,1128.2887,2.4961607787085,0.221950154291156,"FRSonly_SQ_25_yrfwd-64","FRSonly_SQ_25_yrfwd",0.0333333333333334,-0.00260745226680106,0.0327636612706529,0.000551599638952919,-0.0454015469403527,-0.00260745226680113,-0.0429059699421365
"171","FRSonly_SQ_25_yrfwd",65,3592.99,1307.79,0.139594,0.031,1131.23835,3.17615646605333,0.222072581916128,3538.95,1310.72,0.139687,0.032,1133.7728,3.12139257530256,0.229083594035236,"FRSonly_SQ_25_yrfwd-65","FRSonly_SQ_25_yrfwd",0.0322580645161291,0.00224042086267682,0.0315708137340234,0.000666217745748454,-0.0150403981085391,0.00224042086267678,-0.01724218921079
"172","FRSonly_SQ_25_yrfwd",66,3889.14,1307.79,0.139594,0.033,1131.23835,3.43794921733338,0.236399845265556,3504.56,1281.77,0.139688,0.037,1108.73105,3.16087476760031,0.26487600939236,"FRSonly_SQ_25_yrfwd-66","FRSonly_SQ_25_yrfwd",0.121212121212121,-0.0198961606985831,0.12045762591264,0.000673381377423175,-0.0988856148145862,-0.0198961606985831,-0.0805929442867034
"173","FRSonly_SQ_25_yrfwd",69,3272.82,1307.79,0.139594,0.034,1131.23835,2.89313034693352,0.24356347694027,3444.73,1285.89,0.139696,0.033,1112.29485,3.09695760975608,0.236227236284504,"FRSonly_SQ_25_yrfwd-69","FRSonly_SQ_25_yrfwd",-0.0294117647058824,-0.0167458078131809,-0.0301204464147358,0.000730690430820744,0.0525265673028153,-0.0167458078131809,0.0704521533357819
"174","FRSonly_SQ_25_yrfwd",70,3831.97,1307.79,0.139594,0.035,1131.23835,3.38741168030592,0.250727108614983,3823.58,1299.74,0.139701,0.035,1124.2751,3.40092918539244,0.250535071330914,"FRSonly_SQ_25_yrfwd-70","FRSonly_SQ_25_yrfwd",0,-0.00615542250667137,-0.000765921503783111,0.000766508589194349,-0.00218947434348387,-0.00615542250667153,0.00399051144716253
"175","FRSonly_SQ_25_yrfwd",71,3015.06,1307.79,0.139594,0.031,1131.23835,2.66527385674292,0.222072581916128,3425.2,1291.7,0.13965,0.028,1117.3205,3.06554833639945,0.200501253132832,"FRSonly_SQ_25_yrfwd-71","FRSonly_SQ_25_yrfwd",-0.0967741935483871,-0.012303198525757,-0.0971363893604979,0.000401163373783977,0.136030460422015,-0.0123031985257571,0.150181370159717
"176","FRSonly_SQ_25_yrfwd",72,3059.1,1307.79,0.139594,0.032,1131.23835,2.70420464440584,0.229236213590842,3073.59,1322.08,0.139666,0.032,1143.5992,2.68764616134744,0.229118038749588,"FRSonly_SQ_25_yrfwd-72","FRSonly_SQ_25_yrfwd",0,0.0109268307602903,-0.000515515587186792,0.000515781480579513,0.00473668726095918,0.0109268307602902,-0.00612323593654708
"177","FRSonly_SQ_25_yrfwd",73,2984.77,1307.79,0.139594,0.03,1131.23835,2.63849789038711,0.214908950241414,3024.89,1310.33,0.139698,0.03,1133.43545,2.66878012329683,0.214748958467551,"FRSonly_SQ_25_yrfwd-73","FRSonly_SQ_25_yrfwd",0,0.00194220784682564,-0.000744463056020794,0.000745017694170186,0.0134415717123932,0.00194220784682553,0.0114770730043199
"178","FRSonly_SQ_25_yrfwd",74,3322.85,1307.79,0.139594,0.026,1131.23835,2.93735621675132,0.186254423542559,3418.55,1309.48,0.1397,0.025,1132.7002,3.0180536738671,0.178954903364352,"FRSonly_SQ_25_yrfwd-74","FRSonly_SQ_25_yrfwd",-0.0384615384615384,0.00129225640202186,-0.039191123836793,0.000759344957519628,0.0288005778172353,0.00129225640202177,0.0274728194883481
"179","FRSonly_SQ_25_yrfwd",75,3755.14,1307.79,0.139594,0.032,1131.23835,3.31949495877681,0.229236213590842,3539.21,1306.47,0.139701,0.035,1130.09655,3.13177666102954,0.250535071330914,"FRSonly_SQ_25_yrfwd-75","FRSonly_SQ_25_yrfwd",0.0937500000000001,-0.00100933636134231,0.0929122733552373,0.000766508589194349,-0.0575025165506479,-0.00100933636134237,-0.0565502584213736
"180","FRSonly_SQ_25_yrfwd",76,2564.36,1307.79,0.139594,0.028,1131.23835,2.26686091397096,0.200581686891987,2135.22,1313.58,0.139677,0.034,1136.2467,1.87918697585656,0.243418744675215,"FRSonly_SQ_25_yrfwd-76","FRSonly_SQ_25_yrfwd",0.214285714285714,0.00442731631225202,0.213564151578284,0.000594581429001245,-0.167347798281053,0.00442731631225194,-0.171017963971725
"181","FRSonly_SQ_25_yrfwd",77,3851.19,1307.79,0.139594,0.036,1131.23835,3.40440191052575,0.257890740289697,4063.53,1305.27,0.139693,0.034,1129.05855,3.59904276000567,0.243390864252325,"FRSonly_SQ_25_yrfwd-77","FRSonly_SQ_25_yrfwd",-0.0555555555555554,-0.00192691487165361,-0.0562248804322495,0.00070919953579678,0.0551362046536266,-0.00192691487165369,0.057173287583386
"182","FRSonly_SQ_25_yrfwd",78,3570.97,1307.79,0.139594,0.035,1131.23835,3.15669107222187,0.250727108614983,3486.14,1291.35,0.139677,0.036,1117.01775,3.12093518657157,0.257737494361992,"FRSonly_SQ_25_yrfwd-78","FRSonly_SQ_25_yrfwd",0.0285714285714284,-0.0125708255912645,0.0279602225133699,0.000594581429001245,-0.0237554501998056,-0.0125708255912647,-0.0113270145327014
"183","FRSonly_SQ_25_yrfwd",79,2737.62,1307.79,0.139594,0.034,1131.23835,2.42002050231059,0.24356347694027,2671.2,1317.84,0.139688,0.035,1139.9316,2.3432984926464,0.250558387263043,"FRSonly_SQ_25_yrfwd-79","FRSonly_SQ_25_yrfwd",0.0294117647058824,0.00768472002385707,0.0287190444587432,0.000673381377423175,-0.0242619501610889,0.00768472002385701,-0.0317030411894998
"184","FRSonly_SQ_25_yrfwd",80,3258.09,1307.79,0.139594,0.031,1131.23835,2.88010921836234,0.222072581916128,3253.59,1289.21,0.139703,0.032,1115.16665,2.91758186993845,0.2290573573939,"FRSonly_SQ_25_yrfwd-80","FRSonly_SQ_25_yrfwd",0.0322580645161291,-0.0142071739346529,0.0314526692917441,0.000780835852543791,-0.00138117731554377,-0.0142071739346531,0.0130108439420302
"185","FRSonly_SQ_25_yrfwd",81,3311.34,1307.79,0.139594,0.035,1131.23835,2.92718152633351,0.250727108614983,3623.34,1317.66,0.139692,0.032,1139.7759,3.17899334421793,0.229075394439195,"FRSonly_SQ_25_yrfwd-81","FRSonly_SQ_25_yrfwd",-0.0857142857142858,0.00754708324731056,-0.0863556968187157,0.000702035904122059,0.0942216746090706,0.00754708324731044,0.0860253508773099
"186","FRSonly_SQ_25_yrfwd",82,3148.2,1307.79,0.139594,0.027,1131.23835,2.78296788647591,0.193418055217273,3330.81,1305.78,0.139677,0.025,1129.4997,2.94892508603588,0.178984371084717,"FRSonly_SQ_25_yrfwd-82","FRSonly_SQ_25_yrfwd",-0.074074074074074,-0.00153694400477121,-0.07462428528889,0.000594581429001245,0.0580045740423099,-0.0015369440047714,0.0596331708915686
"187","FRSonly_SQ_25_yrfwd",83,3411.07,1307.79,0.139594,0.035,1131.23835,3.01534155025773,0.250727108614983,3861.15,1306.21,0.139641,0.031,1129.87165,3.41733505748197,0.221997837311391,"FRSonly_SQ_25_yrfwd-83","FRSonly_SQ_25_yrfwd",-0.114285714285714,-0.00120814503857636,-0.114583825667247,0.000336690688711488,0.131946867112079,-0.00120814503857647,0.133316077308018
"188","FRSonly_SQ_25_yrfwd",84,3078.95,1307.79,0.139594,0.032,1131.23835,2.72175178643829,0.229236213590842,2790.74,1312.33,0.139686,0.035,1135.16545,2.45844339254687,0.250561974714717,"FRSonly_SQ_25_yrfwd-84","FRSonly_SQ_25_yrfwd",0.0937500000000001,0.00347150536401114,0.0930296343226951,0.000659054114073733,-0.0936065866610371,0.00347150536401101,-0.0967422507825302
"189","FRSonly_SQ_25_yrfwd",85,4200.53,1307.79,0.139594,0.032,1131.23835,3.71321393055672,0.229236213590842,4152.89,1294.02,0.139705,0.032,1119.3273,3.71016591840474,0.229054078236284,"FRSonly_SQ_25_yrfwd-85","FRSonly_SQ_25_yrfwd",0,-0.010529213405822,-0.000794531333882206,0.000795163115893233,-0.0113414259629141,-0.010529213405822,-0.000820855520037907
"190","FRSonly_SQ_25_yrfwd",86,3801.59,1307.79,0.139594,0.04,1131.23835,3.36055615511974,0.286545266988553,4103.39,1300.58,0.139655,0.037,1125.0017,3.64745226607213,0.264938598689628,"FRSonly_SQ_25_yrfwd-86","FRSonly_SQ_25_yrfwd",-0.0750000000000001,-0.00551311754945351,-0.0754040313630018,0.000436981532157582,0.0793878350900545,-0.00551311754945369,0.0853716163960864
"191","FRSonly_SQ_25_yrfwd",87,3549.67,1307.79,0.139594,0.026,1131.23835,3.1378621490334,0.186254423542559,3683.44,1301.09,0.139673,0.025,1125.44285,3.27288053764791,0.178989496896322,"FRSonly_SQ_25_yrfwd-87","FRSonly_SQ_25_yrfwd",-0.0384615384615384,-0.00512314668257131,-0.0390053911636464,0.000565926902302361,0.0376851932714872,-0.0051231466825714,0.0430287827195031
"192","FRSonly_SQ_25_yrfwd",88,3271.3,1307.79,0.139594,0.035,1131.23835,2.89178668668721,0.250727108614983,4119.33,1315.38,0.139679,0.027,1137.8037,3.62042239799361,0.193300352952126,"FRSonly_SQ_25_yrfwd-88","FRSonly_SQ_25_yrfwd",-0.228571428571429,0.00580368407771917,-0.229040872285741,0.000608908692350687,0.25923333231437,0.00580368407771901,0.251967309573971
"193","FRSonly_SQ_25_yrfwd",89,3400.02,1307.79,0.139594,0.034,1131.23835,3.00557349386184,0.24356347694027,2686.8,1311.62,0.139649,0.044,1134.5513,2.36816087558139,0.315075653961002,"FRSonly_SQ_25_yrfwd-89","FRSonly_SQ_25_yrfwd",0.294117647058823,0.0029286047454102,0.293607965853886,0.000393999742109256,-0.209769354297916,0.00292860474541014,-0.212076869716283
"194","FRSonly_SQ_25_yrfwd",9,3613.4,1307.79,0.139594,0.034,1131.23835,3.1941986408081,0.24356347694027,3280.59,1319.59,0.139659,0.037,1141.44535,2.87406663840717,0.264931010532798,"FRSonly_SQ_25_yrfwd-9","FRSonly_SQ_25_yrfwd",0.0882352941176469,0.00902285535139443,0.0877288083622165,0.000465636058856466,-0.0921043892179111,0.0090228553513943,-0.100222947411917
"195","FRSonly_SQ_25_yrfwd",90,2930.21,1307.79,0.139594,0.033,1131.23835,2.5902675594405,0.236399845265556,3047.05,1314.71,0.139609,0.033,1137.22415,2.6793750378938,0.236374445773553,"FRSonly_SQ_25_yrfwd-90","FRSonly_SQ_25_yrfwd",0,0.0052913694094619,-0.000107442929897246,0.000107454475120815,0.039874275222595,0.00529136940946182,0.0344008780593115
"196","FRSonly_SQ_25_yrfwd",91,3383.63,1307.79,0.139594,0.03,1131.23835,2.99108494686376,0.214908950241414,4033.91,1313.98,0.139657,0.025,1136.5927,3.5491253815021,0.179010003078972,"FRSonly_SQ_25_yrfwd-91","FRSonly_SQ_25_yrfwd",-0.166666666666667,0.00473317581568912,-0.167042587673132,0.000451308795507024,0.192184133607989,0.0047331758156891,0.186567899124181
"197","FRSonly_SQ_25_yrfwd",93,2912.27,1307.79,0.139594,0.034,1131.23835,2.57440883258599,0.24356347694027,3510.28,1297.22,0.139652,0.029,1122.0953,3.1283260878109,0.20765903818062,"FRSonly_SQ_25_yrfwd-93","FRSonly_SQ_25_yrfwd",-0.147058823529412,-0.00808233737832518,-0.147413065418073,0.000415490637133419,0.205341537700831,-0.00808233737832522,0.215162894181226
"198","FRSonly_SQ_25_yrfwd",95,3806.09,1307.79,0.139594,0.034,1131.23835,3.36453409663843,0.24356347694027,4437.29,1312.72,0.139704,0.028,1135.5028,3.90777548060648,0.200423753077936,"FRSonly_SQ_25_yrfwd-95","FRSonly_SQ_25_yrfwd",-0.176470588235294,0.00376971837986232,-0.177119018024664,0.000787999484218512,0.165839483564498,0.00376971837986226,0.161461102299664
"199","FRSonly_SQ_25_yrfwd",97,3697.37,1307.79,0.139594,0.031,1131.23835,3.26842702954687,0.222072581916128,3891.99,1301.27,0.13967,0.03,1125.59855,3.45770701285996,0.214792009737238,"FRSonly_SQ_25_yrfwd-97","FRSonly_SQ_25_yrfwd",-0.0322580645161291,-0.0049855099060246,-0.0327846513787106,0.000544436007278198,0.0526374152438084,-0.00498550990602465,0.057911644225795
"200","FRSonly_SQ_25_yrfwd",99,3168.52,1307.79,0.139594,0.026,1131.23835,2.80093050240031,0.186254423542559,3569.47,1312.21,0.139646,0.023,1135.06165,3.14473667575677,0.164702175500909,"FRSonly_SQ_25_yrfwd-99","FRSonly_SQ_25_yrfwd",-0.115384615384615,0.00337974751298013,-0.115714019735617,0.000372508847085093,0.126541729261611,0.00337974751297997,0.122747127449907
"201","HRF_poorrec_25_yrfwd",1,2288.67,1307.9,0.139546,0.033,1131.3335,2.02298438082139,0.236481160334227,2320.68,1272.45,0.139712,0.033,1100.66925,2.10842630517751,0.236200183234082,"HRF_poorrec_25_yrfwd-1","HRF_poorrec_25_yrfwd",0,-0.0271045186940898,-0.00118815849748061,0.00118957189743883,0.0139862889800626,-0.0271045186940898,0.0422355828182042
"202","HRF_poorrec_25_yrfwd",10,2204.34,1307.9,0.139546,0.036,1131.3335,1.94844402645197,0.257979447637338,2442.25,1285.59,0.139856,0.033,1112.03535,2.1961981694197,0.235956984326736,"HRF_poorrec_25_yrfwd-10","HRF_poorrec_25_yrfwd",-0.0833333333333332,-0.0170578790427403,-0.0853651851428135,0.00222148968798822,0.107927996588548,-0.0170578790427404,0.127154867989143
"203","HRF_poorrec_25_yrfwd",100,2050.51,1307.9,0.139546,0.038,1131.3335,1.81247174241724,0.272311639172746,2410.93,1276.37,0.139592,0.032,1104.06005,2.18369462784203,0.229239497965499,"HRF_poorrec_25_yrfwd-100","HRF_poorrec_25_yrfwd",-0.157894736842105,-0.0241073476565488,-0.158172237287011,0.000329640405314309,0.175770905774661,-0.0241073476565488,0.204815819599864
"204","HRF_poorrec_25_yrfwd",103,1974.34,1307.9,0.139546,0.041,1131.3335,1.74514411532939,0.293809926475857,2144.14,1318.92,0.139575,0.037,1140.8658,1.87939720868134,0.265090453161383,"HRF_poorrec_25_yrfwd-103","HRF_poorrec_25_yrfwd",-0.0975609756097562,0.00842572062084264,-0.0977484786132117,0.00020781677726342,0.0860034239290092,0.00842572062084256,0.0769295166930147
"205","HRF_poorrec_25_yrfwd",104,2077.73,1307.9,0.139546,0.036,1131.3335,1.83653184494227,0.257979447637338,1805.71,1298.45,0.139744,0.042,1123.15925,1.60770612003596,0.300549576368216,"HRF_poorrec_25_yrfwd-104","HRF_poorrec_25_yrfwd",0.166666666666667,-0.00722532303692945,0.165013643996642,0.00141888696200539,-0.130921727077147,-0.00722532303692946,-0.1245966551228
"206","HRF_poorrec_25_yrfwd",106,1984.86,1307.9,0.139546,0.035,1131.3335,1.7544428764816,0.250813351869634,2268.83,1288.16,0.139735,0.03,1114.2584,2.03617939967964,0.214692095752675,"HRF_poorrec_25_yrfwd-106","HRF_poorrec_25_yrfwd",-0.142857142857143,-0.0150928970104746,-0.144016480174207,0.00135439210009599,0.143068024948863,-0.0150928970104748,0.160584608923284
"207","HRF_poorrec_25_yrfwd",107,2267.21,1307.9,0.139546,0.035,1131.3335,2.004015615201,0.250813351869634,3002.87,1285.79,0.139717,0.026,1112.20835,2.69991679166947,0.186090454275428,"HRF_poorrec_25_yrfwd-107","HRF_poorrec_25_yrfwd",-0.257142857142857,-0.0169049621530699,-0.258052041933746,0.00122540237627739,0.324478103042947,-0.0169049621530699,0.347253370278094
"208","HRF_poorrec_25_yrfwd",108,2059.3,1307.9,0.139546,0.033,1131.3335,1.82024133467276,0.236481160334227,2105.17,1299.76,0.139625,0.032,1124.2924,1.87243994533806,0.229185317815577,"HRF_poorrec_25_yrfwd-108","HRF_poorrec_25_yrfwd",-0.0303030303030303,-0.00622371740958781,-0.0308516860638616,0.000566121565648573,0.0222745593162725,-0.00622371740958797,0.0286767527310832
"209","HRF_poorrec_25_yrfwd",11,2111.04,1307.9,0.139546,0.031,1131.3335,1.86597497554877,0.222148968798819,2343.99,1281.22,0.139726,0.028,1108.2553,2.11502710611896,0.200392196155333,"HRF_poorrec_25_yrfwd-11","HRF_poorrec_25_yrfwd",-0.0967741935483871,-0.0203991130820398,-0.0979377611389663,0.00128989723818659,0.110348453842656,-0.02039911308204,0.133470241473603
"210","HRF_poorrec_25_yrfwd",110,2149.1,1307.9,0.139546,0.036,1131.3335,1.89961669127627,0.257979447637338,2404.8,1284.9,0.139555,0.032,1111.4385,2.16368247095993,0.229300275876894,"HRF_poorrec_25_yrfwd-110","HRF_poorrec_25_yrfwd",-0.111111111111111,-0.0175854423121034,-0.11116843618008,6.44948619093991e-05,0.118980038155507,-0.0175854423121034,0.139010033390605
"211","HRF_poorrec_25_yrfwd",111,2289.06,1307.9,0.139546,0.036,1131.3335,2.02332910675764,0.257979447637338,2771.33,1283.73,0.139562,0.03,1110.42645,2.49573485934165,0.214958226451326,"HRF_poorrec_25_yrfwd-111","HRF_poorrec_25_yrfwd",-0.166666666666667,-0.0184800061166756,-0.166762203656201,0.000114657532283177,0.210684735218823,-0.0184800061166756,0.233479442867814
"212","HRF_poorrec_25_yrfwd",112,2269.51,1307.9,0.139546,0.035,1131.3335,2.00604861431223,0.250813351869634,3059.14,1307.21,0.139499,0.025,1130.73665,2.70543985639804,0.179212754213292,"HRF_poorrec_25_yrfwd-112","HRF_poorrec_25_yrfwd",-0.285714285714286,-0.000527563269363016,-0.285473628587199,-0.00033680650108202,0.347929729324832,-0.000527563269363143,0.348641222897581
"213","HRF_poorrec_25_yrfwd",114,2305.47,1307.9,0.139546,0.03,1131.3335,2.03783411345991,0.214982873031115,1858,1308.95,0.139587,0.037,1132.24175,1.64099230575096,0.265067663894202,"HRF_poorrec_25_yrfwd-114","HRF_poorrec_25_yrfwd",0.233333333333333,0.000802813670770096,0.232971074192678,0.000293809926475753,-0.19409057589125,0.000802813670769902,-0.194737051994473
"214","HRF_poorrec_25_yrfwd",115,2273.2,1307.9,0.139546,0.028,1131.3335,2.00931025201676,0.200650681495708,2964.1,1286.22,0.139457,0.022,1112.5803,2.66416725156827,0.157754720092932,"HRF_poorrec_25_yrfwd-115","HRF_poorrec_25_yrfwd",-0.214285714285714,-0.0165761908402782,-0.213784279639705,-0.000637782523325683,0.303932781981348,-0.0165761908402784,0.325911341413914
"215","HRF_poorrec_25_yrfwd",116,2181.48,1307.9,0.139546,0.037,1131.3335,1.9282377831117,0.265145543405042,2533.53,1293.85,0.139531,0.032,1119.18025,2.26373723088841,0.229339716622113,"HRF_poorrec_25_yrfwd-116","HRF_poorrec_25_yrfwd",-0.135135135135135,-0.0107424114993502,-0.135042159574342,-0.000107491436515665,0.161381264095935,-0.0107424114993502,0.17399277761029
"216","HRF_poorrec_25_yrfwd",117,2227.5,1307.9,0.139546,0.035,1131.3335,1.96891544358936,0.250813351869634,2305.4,1320.05,0.139402,0.034,1141.84325,2.01901618282545,0.243898939756962,"HRF_poorrec_25_yrfwd-117","HRF_poorrec_25_yrfwd",-0.0285714285714286,0.00928970104748064,-0.027567958647857,-0.00103191779054939,0.0349719416386083,0.00928970104748059,0.0254458561941866
"217","HRF_poorrec_25_yrfwd",118,2361.79,1307.9,0.139546,0.028,1131.3335,2.08761607430523,0.200650681495708,2788.86,1308.72,0.139442,0.024,1132.0428,2.46356409845988,0.172114570932718,"HRF_poorrec_25_yrfwd-118","HRF_poorrec_25_yrfwd",-0.142857142857143,0.000626959247648889,-0.142217860165107,-0.000745273959841149,0.18082471345886,0.000626959247648854,0.180084848350176
"218","HRF_poorrec_25_yrfwd",12,2191.73,1307.9,0.139546,0.031,1131.3335,1.93729788784651,0.222148968798819,2454.02,1331.74,0.139519,0.027,1151.9551,2.13030872470637,0.193522029257664,"HRF_poorrec_25_yrfwd-12","HRF_poorrec_25_yrfwd",-0.129032258064516,0.0182276932487193,-0.128863706619679,-0.000193484585727998,0.119672587408121,0.0182276932487193,0.0996288893260554
"219","HRF_poorrec_25_yrfwd",120,2102.24,1307.9,0.139546,0.04,1131.3335,1.85819654416668,0.286643830708154,2113.44,1301.95,0.139857,0.04,1126.18675,1.87663369330175,0.286006420844148,"HRF_poorrec_25_yrfwd-120","HRF_poorrec_25_yrfwd",0,-0.0045492774676962,-0.00222369992206321,0.00222865578375594,0.00532765050612693,-0.00454927746769634,0.00992206620604728
"220","HRF_poorrec_25_yrfwd",121,1958.33,1307.9,0.139546,0.04,1131.3335,1.73099267368994,0.286643830708154,2211.62,1313.1,0.139585,0.036,1135.8315,1.94713740550425,0.25790736827023,"HRF_poorrec_25_yrfwd-121","HRF_poorrec_25_yrfwd",-0.1,0.00397583913143211,-0.100251459684064,0.000279477734940331,0.129339794620927,0.00397583913143193,0.124867502387259
"221","HRF_poorrec_25_yrfwd",122,2022.3,1307.9,0.139546,0.023,1131.3335,1.78753656636173,0.164820202657188,2512.6,1299.95,0.139736,0.019,1124.45675,2.23450123804228,0.135970687582298,"HRF_poorrec_25_yrfwd-122","HRF_poorrec_25_yrfwd",-0.173913043478261,-0.00607844636440086,-0.175036279593071,0.0013615581958637,0.242446719082233,-0.00607844636440098,0.250045050877074
"222","HRF_poorrec_25_yrfwd",123,2098.64,1307.9,0.139546,0.039,1131.3335,1.85501445860129,0.27947773494045,2453.24,1293.08,0.139616,0.033,1118.5142,2.19330250791631,0.236362594545038,"HRF_poorrec_25_yrfwd-123","HRF_poorrec_25_yrfwd",-0.153846153846154,-0.0113311415245815,-0.154270394400465,0.000501626703739174,0.168966568825525,-0.0113311415245815,0.182364103819489
"223","HRF_poorrec_25_yrfwd",125,2189.02,1307.9,0.139546,0.031,1131.3335,1.93490248454589,0.222148968798819,2320.49,1281.58,0.139821,0.029,1108.5667,2.09323444407991,0.207408043140873,"HRF_poorrec_25_yrfwd-125","HRF_poorrec_25_yrfwd",-0.064516129032258,-0.0201238626806332,-0.0663560390923786,0.00197067633611854,0.0600588391152204,-0.0201238626806332,0.081829425926432
"224","HRF_poorrec_25_yrfwd",127,2163.37,1307.9,0.139546,0.031,1131.3335,1.91223012489244,0.222148968798819,2550.23,1330.64,0.139678,0.026,1151.0036,2.21565770949804,0.186142413264795,"HRF_poorrec_25_yrfwd-127","HRF_poorrec_25_yrfwd",-0.161290322580645,0.0173866503555318,-0.162082928985515,0.000945924641336858,0.17882285508258,0.0173866503555318,0.158677337343313
"225","HRF_poorrec_25_yrfwd",128,2301.2,1307.9,0.139546,0.033,1131.3335,2.03405980641429,0.236481160334227,2177.42,1276.66,0.139828,0.035,1104.3109,1.97174545682742,0.25030752066825,"HRF_poorrec_25_yrfwd-128","HRF_poorrec_25_yrfwd",0.0606060606060607,-0.0238856181665265,0.0584670690658046,0.00202083900649251,-0.0537893273074916,-0.0238856181665265,-0.0306354559440009
"226","HRF_poorrec_25_yrfwd",14,2306.66,1307.9,0.139546,0.031,1131.3335,2.03888596952181,0.222148968798819,2720.86,1287.68,0.139833,0.027,1113.8432,2.44276752778129,0.193087468623286,"HRF_poorrec_25_yrfwd-14","HRF_poorrec_25_yrfwd",-0.129032258064516,-0.0154598975456839,-0.130819874306287,0.00205666948533107,0.179566992968188,-0.0154598975456839,0.198089331280359
"227","HRF_poorrec_25_yrfwd",15,2037.84,1307.9,0.139546,0.034,1131.3335,1.80127256905236,0.243647256101931,2395.84,1306.89,0.139439,0.029,1130.45985,2.1193499264923,0.207976247678196,"HRF_poorrec_25_yrfwd-15","HRF_poorrec_25_yrfwd",-0.147058823529412,-0.000772230292835641,-0.146404310044072,-0.000766772247144282,0.175676206179092,-0.000772230292835837,0.176584800604208
"228","HRF_poorrec_25_yrfwd",16,2205.72,1307.9,0.139546,0.028,1131.3335,1.94966382591871,0.200650681495708,3066.79,1326.39,0.139432,0.021,1147.32735,2.67298604883776,0.150611050547937,"HRF_poorrec_25_yrfwd-16","HRF_poorrec_25_yrfwd",-0.25,0.0141371664500345,-0.249386797865626,-0.000816934917518259,0.390380465335582,0.0141371664500344,0.370998432295484
"229","HRF_poorrec_25_yrfwd",17,2309.1,1307.9,0.139546,0.029,1131.3335,2.04104271640502,0.207816777263411,2325.99,1288.72,0.139805,0.029,1114.7428,2.08657100095197,0.207431779979257,"HRF_poorrec_25_yrfwd-17","HRF_poorrec_25_yrfwd",0,-0.0146647297193975,-0.00185258037981477,0.00185601880383536,0.00731453813173958,-0.0146647297193976,0.0223063849575566
"230","HRF_poorrec_25_yrfwd",19,2274.84,1307.9,0.139546,0.03,1131.3335,2.01075986877433,0.214982873031115,1917.3,1302.21,0.139736,0.035,1126.41165,1.70213083289755,0.250472319230549,"HRF_poorrec_25_yrfwd-19","HRF_poorrec_25_yrfwd",0.166666666666667,-0.00435048551112466,0.165080341978207,0.0013615581958637,-0.157171493379754,-0.00435048551112475,-0.153488758488555
"231","HRF_poorrec_25_yrfwd",2,2082.55,1307.9,0.139546,0.032,1131.3335,1.84079230394928,0.229315064566523,2347.87,1318.46,0.139575,0.028,1140.4679,2.05869012183508,0.200608991581587,"HRF_poorrec_25_yrfwd-2","HRF_poorrec_25_yrfwd",-0.125,0.00807401177460063,-0.125181801898621,0.00020781677726342,0.127401502965115,0.00807401177460046,0.118371756236877
"232","HRF_poorrec_25_yrfwd",20,2155.85,1307.9,0.139546,0.036,1131.3335,1.90558310171139,0.257979447637338,2332.98,1296.04,0.139608,0.033,1121.0746,2.08102119163167,0.236376138903215,"HRF_poorrec_25_yrfwd-20","HRF_poorrec_25_yrfwd",-0.0833333333333332,-0.00906797155745856,-0.0837404255725555,0.000444297937597685,0.0821624881137371,-0.00906797155745862,0.0920653052405456
"233","HRF_poorrec_25_yrfwd",21,2158.18,1307.9,0.139546,0.034,1131.3335,1.90764261820232,0.243647256101931,2455.13,1318.3,0.139477,0.03,1140.3295,2.15300051432503,0.215089226180661,"HRF_poorrec_25_yrfwd-21","HRF_poorrec_25_yrfwd",-0.11764705882353,0.00795167826286422,-0.117210554217457,-0.000494460607971662,0.137592786514563,0.00795167826286403,0.128618376304633
"234","HRF_poorrec_25_yrfwd",22,2093.18,1307.9,0.139546,0.038,1131.3335,1.85018829549377,0.272311639172746,2479.65,1311.3,0.139548,0.032,1134.2745,2.18611103396929,0.229311778026199,"HRF_poorrec_25_yrfwd-22","HRF_poorrec_25_yrfwd",-0.157894736842105,0.00259958712439792,-0.157906805883054,1.4332191535422e-05,0.184632950821239,0.00259958712439779,0.181561379073513
"235","HRF_poorrec_25_yrfwd",23,2093.66,1307.9,0.139546,0.03,1131.3335,1.85061257356916,0.214982873031115,2785.73,1307.9,0.139491,0.022,1131.3335,2.46234200613701,0.157716268433089,"HRF_poorrec_25_yrfwd-23","HRF_poorrec_25_yrfwd",-0.266666666666667,0,-0.266377520174539,-0.000394135267223708,0.330555104458222,0,0.330555104458222
"236","HRF_poorrec_25_yrfwd",26,2126.35,1307.9,0.139546,0.034,1131.3335,1.87950767832827,0.243647256101931,2232.37,1295.51,0.139611,0.032,1120.61615,1.99209158283146,0.229208300205571,"HRF_poorrec_25_yrfwd-26","HRF_poorrec_25_yrfwd",-0.0588235294117648,-0.00947320131508516,-0.0592617217503931,0.000465796224900818,0.0498600888847085,-0.00947320131508533,0.0599007419875649
"237","HRF_poorrec_25_yrfwd",27,2172.38,1307.9,0.139546,0.04,1131.3335,1.9201941779325,0.286643830708154,2596.71,1313.79,0.139745,0.034,1136.42835,2.28497467526219,0.24330029696948,"HRF_poorrec_25_yrfwd-27","HRF_poorrec_25_yrfwd",-0.15,0.00450340240079512,-0.151210418977423,0.0014260530577731,0.195329546396118,0.00450340240079507,0.189970629804979
"238","HRF_poorrec_25_yrfwd",28,2201.5,1307.9,0.139546,0.036,1131.3335,1.94593371450593,0.257979447637338,2272.31,1304.14,0.139732,0.035,1128.0811,2.01431439636742,0.250479489308104,"HRF_poorrec_25_yrfwd-28","HRF_poorrec_25_yrfwd",-0.0277777777777776,-0.00287483752580459,-0.0290719218058695,0.00133289381279285,0.0321644333409039,-0.00287483752580472,0.0351402935011333
"239","HRF_poorrec_25_yrfwd",29,2260.79,1307.9,0.139546,0.032,1131.3335,1.99834089594271,0.229315064566523,2639.88,1301.78,0.139352,0.027,1126.0397,2.34439336375085,0.193753946839658,"HRF_poorrec_25_yrfwd-29","HRF_poorrec_25_yrfwd",-0.15625,-0.00467925682391613,-0.155075366697285,-0.00139022257893454,0.167680324134484,-0.00467925682391629,0.173169887335411
"240","HRF_poorrec_25_yrfwd",3,2043.05,1307.9,0.139546,0.03,1131.3335,1.80587775399562,0.214982873031115,2462.57,1299.28,0.139774,0.025,1123.8772,2.19113796418328,0.178860159972527,"HRF_poorrec_25_yrfwd-3","HRF_poorrec_25_yrfwd",-0.166666666666667,-0.00659071794479705,-0.168026003882458,0.00163386983503652,0.205340055309464,-0.00659071794479709,0.213336816035995
"241","HRF_poorrec_25_yrfwd",30,2216.7,1307.9,0.139546,0.034,1131.3335,1.95936918689317,0.243647256101931,2551.73,1283.58,0.139553,0.03,1110.2967,2.29824154210312,0.214972089457052,"HRF_poorrec_25_yrfwd-30","HRF_poorrec_25_yrfwd",-0.11764705882353,-0.0185946937839285,-0.117691317783124,5.0162670373977e-05,0.151139080615329,-0.0185946937839286,0.172949721510766
"242","HRF_poorrec_25_yrfwd",31,2199.6,1307.9,0.139546,0.031,1131.3335,1.94425428045753,0.222148968798819,1869.54,1302.25,0.139689,0.036,1126.44625,1.65967972284519,0.257715353392178,"HRF_poorrec_25_yrfwd-31","HRF_poorrec_25_yrfwd",0.161290322580645,-0.00431990213319061,0.160101506595643,0.00102475169478168,-0.150054555373704,-0.00431990213319068,-0.146366944114623
"243","HRF_poorrec_25_yrfwd",33,2217.43,1307.9,0.139546,0.032,1131.3335,1.96001444313282,0.229315064566523,2055.89,1290.7,0.139777,0.035,1116.4555,1.84144374764601,0.250398849596142,"HRF_poorrec_25_yrfwd-33","HRF_poorrec_25_yrfwd",0.0937500000000001,-0.0131508525116599,0.0919424333044779,0.00165536812233965,-0.0728501012433312,-0.0131508525116599,-0.0604948070164662
"244","HRF_poorrec_25_yrfwd",35,2058.1,1307.9,0.139546,0.034,1131.3335,1.81918063948429,0.243647256101931,2559.21,1317.51,0.139455,0.027,1139.64615,2.24561808066477,0.193610842207164,"HRF_poorrec_25_yrfwd-35","HRF_poorrec_25_yrfwd",-0.205882352941177,0.00734765654866587,-0.205364159216446,-0.000652114714861105,0.243481852193771,0.00734765654866572,0.23441181811465
"245","HRF_poorrec_25_yrfwd",36,2208.51,1307.9,0.139546,0.035,1131.3335,1.95212994223189,0.250813351869634,2130.67,1307.46,0.139396,0.036,1130.9529,1.88395997746679,0.258257051852277,"HRF_poorrec_25_yrfwd-36","HRF_poorrec_25_yrfwd",0.0285714285714284,-0.000336417157274984,0.0296782445079384,-0.00107491436515566,-0.0352454822482127,-0.000336417157275063,-0.0349208130515941
"246","HRF_poorrec_25_yrfwd",38,2080.22,1307.9,0.139546,0.038,1131.3335,1.83873278745834,0.272311639172746,2395.2,1292.58,0.139846,0.033,1118.0817,2.14224058939521,0.235973856956938,"HRF_poorrec_25_yrfwd-38","HRF_poorrec_25_yrfwd",-0.131578947368421,-0.0117134337487576,-0.133441898870712,0.00214982873031111,0.151416677082232,-0.0117134337487577,0.165063572046489
"247","HRF_poorrec_25_yrfwd",4,2205.69,1307.9,0.139546,0.036,1131.3335,1.94963730853899,0.257979447637338,2334.07,1314.74,0.139739,0.034,1137.2501,2.05238056255172,0.24331074360057,"HRF_poorrec_25_yrfwd-4","HRF_poorrec_25_yrfwd",-0.0555555555555554,0.00522975762672989,-0.0568599714865252,0.00138305648316683,0.058204008722894,0.00522975762672981,0.0526986499297754
"248","HRF_poorrec_25_yrfwd",40,2090.37,1307.9,0.139546,0.033,1131.3335,1.84770450092745,0.236481160334227,1961.9,1305.94,0.139872,0.034,1129.6381,1.73675091164152,0.243079386867994,"HRF_poorrec_25_yrfwd-40","HRF_poorrec_25_yrfwd",0.0303030303030303,-0.0014985855187704,0.0279017006024556,0.0023361472202714,-0.0614580193936958,-0.00149858551877058,-0.0600494230707497
"249","HRF_poorrec_25_yrfwd",41,2261.76,1307.9,0.139546,0.039,1131.3335,1.99919829122005,0.27947773494045,2335.24,1319.23,0.139554,0.038,1141.13395,2.04642058016064,0.272296028777391,"HRF_poorrec_25_yrfwd-41","HRF_poorrec_25_yrfwd",-0.0256410256410257,0.00866274179983175,-0.0256968812366725,5.73287661416881e-05,0.0324879739671758,0.00866274179983174,0.0236206128966665
"250","HRF_poorrec_25_yrfwd",42,2210.82,1307.9,0.139546,0.03,1131.3335,1.95417178046968,0.214982873031115,1963.65,1297.27,0.139798,0.034,1122.13855,1.74991760152969,0.243208057339876,"HRF_poorrec_25_yrfwd-42","HRF_poorrec_25_yrfwd",0.133333333333333,-0.00812753268598522,0.131290385651678,0.00180585613346138,-0.111800146551958,-0.00812753268598525,-0.104522120819341
"251","HRF_poorrec_25_yrfwd",43,1998.44,1307.9,0.139546,0.036,1131.3335,1.76644641036441,0.257979447637338,2219.15,1308.1,0.139528,0.032,1131.5065,1.96123486696718,0.229344647669285,"HRF_poorrec_25_yrfwd-43","HRF_poorrec_25_yrfwd",-0.111111111111111,0.000152916889670466,-0.110996438787276,-0.000128989723818599,0.110441144092392,0.000152916889670325,0.110271364848589
"252","HRF_poorrec_25_yrfwd",44,2175.42,1307.9,0.139546,0.03,1131.3335,1.92288127240995,0.214982873031115,2256.66,1318.05,0.139572,0.029,1140.11325,1.97932968501155,0.207778064368211,"HRF_poorrec_25_yrfwd-44","HRF_poorrec_25_yrfwd",-0.0333333333333332,0.00776053215077598,-0.0335134076557858,0.000186318489960287,0.0373445127837382,0.00776053215077595,0.0293561612001452
"253","HRF_poorrec_25_yrfwd",47,2063.72,1307.9,0.139546,0.033,1131.3335,1.82414822861694,0.236481160334227,2201.58,1311.38,0.139863,0.031,1134.3437,1.94084032908192,0.221645467350193,"HRF_poorrec_25_yrfwd-47","HRF_poorrec_25_yrfwd",-0.0606060606060607,0.00266075388026622,-0.0627352003984851,0.002271652358362,0.0668016979047546,0.00266075388026609,0.0639707336467145
"254","HRF_poorrec_25_yrfwd",48,2121.89,1307.9,0.139546,0.033,1131.3335,1.87556542787781,0.236481160334227,2456.02,1289.88,0.13969,0.029,1115.7462,2.20123537055291,0.207602548500251,"HRF_poorrec_25_yrfwd-48","HRF_poorrec_25_yrfwd",-0.121212121212121,-0.0137778117593087,-0.122118023241941,0.00103191779054939,0.157468106263755,-0.0137778117593088,0.173638273469133
"255","HRF_poorrec_25_yrfwd",49,2094.55,1307.9,0.139546,0.033,1131.3335,1.85139925583393,0.236481160334227,2224.36,1336.92,0.139444,0.031,1156.4358,1.92346172610706,0.222311465534551,"HRF_poorrec_25_yrfwd-49","HRF_poorrec_25_yrfwd",-0.0606060606060607,0.0221882406911844,-0.0599189160762267,-0.000730941768305727,0.0619751259220357,0.0221882406911843,0.0389232468610168
"256","HRF_poorrec_25_yrfwd",5,2165.77,1307.9,0.139546,0.037,1131.3335,1.91435151526937,0.265145543405042,2579.14,1304.14,0.139627,0.031,1128.0811,2.28630725220022,0.222020096399693,"HRF_poorrec_25_yrfwd-5","HRF_poorrec_25_yrfwd",-0.162162162162162,-0.00287483752580459,-0.162648206156983,0.000580453757183995,0.190865142651343,-0.00287483752580472,0.194298556959906
"257","HRF_poorrec_25_yrfwd",50,2099.87,1307.9,0.139546,0.034,1131.3335,1.85610167116947,0.243647256101931,2403.67,1291.24,0.139481,0.029,1116.9226,2.15204706216886,0.207913622643944,"HRF_poorrec_25_yrfwd-50","HRF_poorrec_25_yrfwd",-0.147058823529412,-0.0127379769095495,-0.146661341603769,-0.000465796224900818,0.144675622776648,-0.0127379769095497,0.159444601336373
"258","HRF_poorrec_25_yrfwd",51,2078.43,1307.9,0.139546,0.041,1131.3335,1.83715058380221,0.293809926475857,2278.51,1290.52,0.139791,0.038,1116.2998,2.04112730289838,0.271834381326409,"HRF_poorrec_25_yrfwd-51","HRF_poorrec_25_yrfwd",-0.0731707317073171,-0.0132884777123633,-0.0747951078884139,0.00175569346308741,0.0962649692315836,-0.0132884777123634,0.111028851360683
"259","HRF_poorrec_25_yrfwd",52,2105.81,1307.9,0.139546,0.034,1131.3335,1.86135211235237,0.243647256101931,2507.77,1295.27,0.139587,0.028,1120.40855,2.23826389043532,0.200591745649667,"HRF_poorrec_25_yrfwd-52","HRF_poorrec_25_yrfwd",-0.176470588235294,-0.00965670158268988,-0.176712478281519,0.000293809926475753,0.190881418551531,-0.00965670158268989,0.202493539820692
"260","HRF_poorrec_25_yrfwd",54,2035.92,1307.9,0.139546,0.029,1131.3335,1.79957545675082,0.207816777263411,2145.47,1327.01,0.139712,0.028,1147.86365,1.86909830274702,0.200412276683463,"HRF_poorrec_25_yrfwd-54","HRF_poorrec_25_yrfwd",-0.0344827586206897,0.0146112088080129,-0.0356299461354985,0.00118957189743883,0.0538085975873314,0.0146112088080128,0.0386329151886351
"261","HRF_poorrec_25_yrfwd",55,2084.06,1307.9,0.139546,0.037,1131.3335,1.84212701206143,0.265145543405042,2295.64,1304.74,0.139518,0.034,1128.6001,2.03405971698922,0.243696153901289,"HRF_poorrec_25_yrfwd-55","HRF_poorrec_25_yrfwd",-0.081081081081081,-0.0024160868567934,-0.0808966623700205,-0.000200650681495709,0.101522988781513,-0.0024160868567934,0.104190809684183
"262","HRF_poorrec_25_yrfwd",56,2120,1307.9,0.139546,0.032,1131.3335,1.87389483295598,0.229315064566523,2446.34,1288.72,0.13976,0.028,1114.7428,2.19453312459161,0.20034344590727,"HRF_poorrec_25_yrfwd-56","HRF_poorrec_25_yrfwd",-0.125,-0.0146647297193975,-0.126339796794505,0.00153354449428856,0.153933962264151,-0.0146647297193976,0.171107943731208
"263","HRF_poorrec_25_yrfwd",57,2056.76,1307.9,0.139546,0.031,1131.3335,1.81799619652384,0.222148968798819,2005.15,1302.61,0.139582,0.032,1126.75765,1.77957522631419,0.229255921250591,"HRF_poorrec_25_yrfwd-57","HRF_poorrec_25_yrfwd",0.0322580645161291,-0.00404465173178373,0.0319918318333865,0.000257979447637397,-0.0250928645053386,-0.00404465173178392,-0.0211336911942426
"264","HRF_poorrec_25_yrfwd",58,2098.21,1307.9,0.139546,0.035,1131.3335,1.85463437615875,0.250813351869634,2663.19,1314.65,0.139444,0.028,1137.17225,2.34194072182117,0.200797452740885,"HRF_poorrec_25_yrfwd-58","HRF_poorrec_25_yrfwd",-0.2,0.00516094502637827,-0.199414818852012,-0.000730941768305727,0.269267613823211,0.00516094502637816,0.262750627253929
"265","HRF_poorrec_25_yrfwd",59,2022.85,1307.9,0.139546,0.031,1131.3335,1.78802271832311,0.222148968798819,2323,1313.94,0.139391,0.027,1136.5581,2.04389023315218,0.193699736711839,"HRF_poorrec_25_yrfwd-59","HRF_poorrec_25_yrfwd",-0.129032258064516,0.00461809006804802,-0.128063759380957,-0.00111074484399421,0.148379761227971,0.00461809006804799,0.143100818690399
"266","HRF_poorrec_25_yrfwd",6,2091.93,1307.9,0.139546,0.037,1131.3335,1.84908340467245,0.265145543405042,2294.51,1308.31,0.139682,0.034,1131.68815,2.02751084740085,0.243410031356939,"HRF_poorrec_25_yrfwd-6","HRF_poorrec_25_yrfwd",-0.081081081081081,0.000313479623824445,-0.0819757774125551,0.000974589024407702,0.0968388043576986,0.00031347962382434,0.0964950754939072
"267","HRF_poorrec_25_yrfwd",60,2086.57,1307.9,0.139546,0.038,1131.3335,1.84434563283064,0.272311639172746,2714.39,1302.33,0.139779,0.029,1126.51545,2.40954529296513,0.207470363931635,"HRF_poorrec_25_yrfwd-60","HRF_poorrec_25_yrfwd",-0.236842105263158,-0.0042587353773225,-0.238114226178844,0.00166970031387487,0.300886143287788,-0.00425873537732255,0.306449967985148
"268","HRF_poorrec_25_yrfwd",61,2091.05,1307.9,0.139546,0.027,1131.3335,1.84830556153424,0.193484585728004,2873.56,1299.12,0.139635,0.019,1123.7388,2.55714228253042,0.136069037132524,"HRF_poorrec_25_yrfwd-61","HRF_poorrec_25_yrfwd",-0.296296296296296,-0.00671305145653346,-0.296744820159437,0.000637782523325683,0.374218693957581,-0.00671305145653353,0.383506242554283
"269","HRF_poorrec_25_yrfwd",63,2214.84,1307.9,0.139546,0.036,1131.3335,1.95772510935104,0.257979447637338,2624.7,1300.22,0.139594,0.03,1124.6903,2.33370911085478,0.214908950241414,"HRF_poorrec_25_yrfwd-63","HRF_poorrec_25_yrfwd",-0.166666666666667,-0.0058720085633458,-0.166953211933655,0.000343972596849731,0.185051741886547,-0.00587200856334587,0.192051478375517
"270","HRF_poorrec_25_yrfwd",64,2094.98,1307.9,0.139546,0.03,1131.3335,1.85177933827647,0.214982873031115,2069.39,1313.03,0.139748,0.03,1135.77095,1.82201349664737,0.214672124109111,"HRF_poorrec_25_yrfwd-64","HRF_poorrec_25_yrfwd",0,0.00392231822004731,-0.00144545896900146,0.00144755134507623,-0.0122149137461934,0.00392231822004731,-0.01607418390185
"271","HRF_poorrec_25_yrfwd",65,2227.37,1307.9,0.139546,0.031,1131.3335,1.96880053494394,0.222148968798819,3070.09,1311.44,0.139851,0.023,1134.3956,2.70636627998205,0.16446074750985,"HRF_poorrec_25_yrfwd-65","HRF_poorrec_25_yrfwd",-0.258064516129032,0.0027066289471673,-0.259682597677113,0.00218565920914967,0.378347557882166,0.00270662894716719,0.374626952780215
"272","HRF_poorrec_25_yrfwd",66,2106.49,1307.9,0.139546,0.033,1131.3335,1.86195317295917,0.236481160334227,2397.23,1279.7,0.139692,0.029,1106.9405,2.16563582234095,0.20759957621052,"HRF_poorrec_25_yrfwd-66","HRF_poorrec_25_yrfwd",-0.121212121212121,-0.0215612814435355,-0.122130592064447,0.00104624998208481,0.138021068222493,-0.0215612814435355,0.163098972515589
"273","HRF_poorrec_25_yrfwd",69,2061.17,1307.9,0.139546,0.034,1131.3335,1.82189425134145,0.243647256101931,2639.33,1301.44,0.139754,0.027,1125.7456,2.34451726926581,0.193196616912575,"HRF_poorrec_25_yrfwd-69","HRF_poorrec_25_yrfwd",-0.205882352941177,-0.00493921553635598,-0.207064261656406,0.0014905479196823,0.280500880567833,-0.00493921553635602,0.286856944380585
"274","HRF_poorrec_25_yrfwd",70,1966.96,1307.9,0.139546,0.035,1131.3335,1.73862083992032,0.250813351869634,2191.47,1295.71,0.139522,0.031,1120.78915,1.95529194764243,0.2221871819498,"HRF_poorrec_25_yrfwd-70","HRF_poorrec_25_yrfwd",-0.114285714285714,-0.00932028442541469,-0.114133357360949,-0.000171986298424865,0.114140602757555,-0.00932028442541483,0.124622403428704
"275","HRF_poorrec_25_yrfwd",71,2083.74,1307.9,0.139546,0.031,1131.3335,1.84184416001117,0.222148968798819,1984.75,1290.55,0.139614,0.033,1116.32575,1.77793085933922,0.236365980489063,"HRF_poorrec_25_yrfwd-71","HRF_poorrec_25_yrfwd",0.0645161290322581,-0.0132655401789128,0.063997648816992,0.000487294512203752,-0.0475059268430801,-0.0132655401789129,-0.0347007103313041
"276","HRF_poorrec_25_yrfwd",72,2263.29,1307.9,0.139546,0.032,1131.3335,2.00055067758535,0.229315064566523,2558.17,1297.82,0.139831,0.028,1122.6143,2.27876128069988,0.200241720362438,"HRF_poorrec_25_yrfwd-72","HRF_poorrec_25_yrfwd",-0.125,-0.00770701123939139,-0.126783402821978,0.00204233729379565,0.130288208758047,-0.00770701123939151,0.139067011014355
"277","HRF_poorrec_25_yrfwd",73,2112.12,1307.9,0.139546,0.03,1131.3335,1.86692960121839,0.214982873031115,2053.58,1319.1,0.139687,0.031,1141.0215,1.79977327333446,0.221924731721635,"HRF_poorrec_25_yrfwd-73","HRF_poorrec_25_yrfwd",0.0333333333333334,0.00856334582154588,0.0322902870942416,0.00101041950324626,-0.0277162282446073,0.00856334582154585,-0.0359715373520747
"278","HRF_poorrec_25_yrfwd",74,1994.64,1307.9,0.139546,0.026,1131.3335,1.7630875422676,0.1863184899603,2295.04,1296.96,0.139612,0.023,1121.8704,2.04572649389805,0.164742285763401,"HRF_poorrec_25_yrfwd-74","HRF_poorrec_25_yrfwd",-0.115384615384615,-0.00836455386497433,-0.115802807340784,0.000472962320668529,0.150603617695424,-0.00836455386497443,0.160309085541454
"279","HRF_poorrec_25_yrfwd",75,2124.43,1307.9,0.139546,0.032,1131.3335,1.87781056602673,0.229315064566523,2409.06,1314.49,0.139728,0.029,1137.03385,2.11872320247986,0.207546089545403,"HRF_poorrec_25_yrfwd-75","HRF_poorrec_25_yrfwd",-0.09375,0.00503861151464186,-0.0949304183842894,0.00130422942972201,0.133979467433618,0.00503861151464173,0.128294430126078
"280","HRF_poorrec_25_yrfwd",76,2052.09,1307.9,0.139546,0.028,1131.3335,1.81386832441539,0.200650681495708,2215.89,1315.12,0.139651,0.026,1137.5788,1.94790022458224,0.186178401873241,"HRF_poorrec_25_yrfwd-76","HRF_poorrec_25_yrfwd",-0.0714285714285715,0.00552029971710379,-0.0721267404355961,0.00075244005560886,0.0798210604798034,0.0055202997171036,0.0738928500832887
"281","HRF_poorrec_25_yrfwd",77,2122.04,1307.9,0.139546,0.036,1131.3335,1.87569801477637,0.257979447637338,2649.26,1339.23,0.139757,0.029,1158.43395,2.28693228474528,0.207503023104388,"HRF_poorrec_25_yrfwd-77","HRF_poorrec_25_yrfwd",-0.194444444444444,0.0239544307668783,-0.195660642718751,0.00151204620698543,0.248449605096982,0.0239544307668781,0.219243325273734
"282","HRF_poorrec_25_yrfwd",78,2196.54,1307.9,0.139546,0.035,1131.3335,1.94154950772694,0.250813351869634,2360.08,1313.33,0.139681,0.033,1136.03045,2.07747952530674,0.236252604148023,"HRF_poorrec_25_yrfwd-78","HRF_poorrec_25_yrfwd",-0.0571428571428572,0.00415169355455311,-0.058054117187428,0.000967422928639991,0.0744534586212862,0.00415169355455298,0.070011100432321
"283","HRF_poorrec_25_yrfwd",79,2121.89,1307.9,0.139546,0.034,1131.3335,1.87556542787781,0.243647256101931,2856.54,1328.4,0.139474,0.025,1149.066,2.4859668635222,0.17924487718141,"HRF_poorrec_25_yrfwd-79","HRF_poorrec_25_yrfwd",-0.264705882352941,0.0156739811912226,-0.264326304965969,-0.000515958895274795,0.346224356587759,0.0156739811912226,0.325449289356467
"284","HRF_poorrec_25_yrfwd",80,2153.11,1307.9,0.139546,0.031,1131.3335,1.90316118103106,0.222148968798819,2639.93,1286.02,0.13957,0.026,1112.4073,2.37316853278471,0.186286451243104,"HRF_poorrec_25_yrfwd-80","HRF_poorrec_25_yrfwd",-0.161290322580645,-0.0167291077299487,-0.16143454434935,0.000171986298424865,0.226100849468908,-0.0167291077299489,0.246961401082708
"285","HRF_poorrec_25_yrfwd",81,2138.64,1307.9,0.139546,0.035,1131.3335,1.89037096488348,0.250813351869634,3015.97,1313.7,0.139638,0.025,1136.3505,2.65408428121429,0.179034360274424,"HRF_poorrec_25_yrfwd-81","HRF_poorrec_25_yrfwd",-0.285714285714286,0.00443458980044351,-0.286184890318436,0.000659280810628816,0.410227995361538,0.00443458980044342,0.404001823196587
"286","HRF_poorrec_25_yrfwd",82,2033.81,1307.9,0.139546,0.027,1131.3335,1.79771040104443,0.193484585728004,2790.96,1300.39,0.139745,0.02,1124.83735,2.48121206145937,0.143117821746753,"HRF_poorrec_25_yrfwd-82","HRF_poorrec_25_yrfwd",-0.259259259259259,-0.00574202920712588,-0.260314090612134,0.0014260530577731,0.372281579891927,-0.00574202920712592,0.38020676746257
"287","HRF_poorrec_25_yrfwd",83,2111.59,1307.9,0.139546,0.035,1131.3335,1.86646112751015,0.250813351869634,2535.11,1305.69,0.139515,0.028,1129.42185,2.24460860217996,0.200695265742035,"HRF_poorrec_25_yrfwd-83","HRF_poorrec_25_yrfwd",-0.2,-0.00168973163085864,-0.199822241336057,-0.000222148968798842,0.200569239293613,-0.00168973163085866,0.202601312771114
"288","HRF_poorrec_25_yrfwd",84,2071.5,1307.9,0.139546,0.032,1131.3335,1.83102506908882,0.229315064566523,1976.78,1307.04,0.139565,0.033,1130.5896,1.74845054297333,0.236448966431412,"HRF_poorrec_25_yrfwd-84","HRF_poorrec_25_yrfwd",0.03125,-0.000657542625582942,0.0311096084261815,0.00013615581958631,-0.0457253198165581,-0.000657542625583093,-0.0450974306739476
"289","HRF_poorrec_25_yrfwd",85,2241.8,1307.9,0.139546,0.032,1131.3335,1.98155539458524,0.229315064566523,2045.39,1283.91,0.139432,0.035,1110.58215,1.8417277821366,0.251018417579896,"HRF_poorrec_25_yrfwd-85","HRF_poorrec_25_yrfwd",0.0937500000000001,-0.0183423809159722,0.0946442531126286,-0.000816934917518259,-0.0876126327058614,-0.0183423809159722,-0.0705645740869658
"290","HRF_poorrec_25_yrfwd",86,2126.46,1307.9,0.139546,0.04,1131.3335,1.87960490872055,0.286643830708154,2778,1317.68,0.13965,0.031,1139.7932,2.43728423717566,0.221983530254207,"HRF_poorrec_25_yrfwd-86","HRF_poorrec_25_yrfwd",-0.225,0.00747763590488579,-0.225577157178661,0.000745273959841149,0.306396546372845,0.00747763590488567,0.296700293698807
"291","HRF_poorrec_25_yrfwd",87,2205.34,1307.9,0.139546,0.026,1131.3335,1.94932793910903,0.1863184899603,2702.87,1322.33,0.139639,0.021,1143.81545,2.36302980520153,0.150387785647276,"HRF_poorrec_25_yrfwd-87","HRF_poorrec_25_yrfwd",-0.192307692307692,0.0110329535897239,-0.192845617848661,0.000666446906396527,0.225602401443768,0.0110329535897239,0.212227946766922
"292","HRF_poorrec_25_yrfwd",88,2226.64,1307.9,0.139546,0.035,1131.3335,1.96815527870429,0.250813351869634,2260.18,1310.67,0.139349,0.034,1133.72955,1.9935795093283,0.243991704282054,"HRF_poorrec_25_yrfwd-88","HRF_poorrec_25_yrfwd",-0.0285714285714286,0.00211789892193598,-0.027198103835898,-0.00141172086623768,0.015063054647361,0.00211789892193591,0.0129177971367953
"293","HRF_poorrec_25_yrfwd",89,2119.09,1307.9,0.139546,0.034,1131.3335,1.87309047243806,0.243647256101931,1878.33,1293.99,0.139749,0.039,1119.30135,1.67812716387772,0.279071764377563,"HRF_poorrec_25_yrfwd-89","HRF_poorrec_25_yrfwd",0.147058823529412,-0.0106353696765808,0.145392600936216,0.00145471744084394,-0.113614806355558,-0.0106353696765808,-0.104086434387
"294","HRF_poorrec_25_yrfwd",9,2044.35,1307.9,0.139546,0.034,1131.3335,1.80702684044979,0.243647256101931,1946.11,1323.54,0.139639,0.036,1144.8621,1.69986411463878,0.257807632538188,"HRF_poorrec_25_yrfwd-9","HRF_poorrec_25_yrfwd",0.0588235294117646,0.0119581007722304,0.0581183497109983,0.000666446906396527,-0.0480543938171057,0.0119581007722302,-0.0593033392820713
"295","HRF_poorrec_25_yrfwd",90,2074.04,1307.9,0.139546,0.033,1131.3335,1.83327020723774,0.236481160334227,2078.11,1295.73,0.139572,0.034,1120.80645,1.85412030774805,0.243601868569627,"HRF_poorrec_25_yrfwd-90","HRF_poorrec_25_yrfwd",0.0303030303030303,-0.00930499273644767,0.0301111015580966,0.000186318489960287,0.0019623536672389,-0.00930499273644779,0.0113731737023776
"296","HRF_poorrec_25_yrfwd",91,2060.47,1307.9,0.139546,0.03,1131.3335,1.82127551248151,0.214982873031115,2365.73,1324.64,0.139397,0.026,1145.8136,2.06467264832605,0.186517643851733,"HRF_poorrec_25_yrfwd-91","HRF_poorrec_25_yrfwd",-0.133333333333333,0.012799143665418,-0.13240696236887,-0.00106774826938795,0.148150664654181,0.0127991436654179,0.133641030243087
"297","HRF_poorrec_25_yrfwd",93,2250.6,1307.9,0.139546,0.034,1131.3335,1.98933382596732,0.243647256101931,2840.24,1295.61,0.139896,0.027,1120.70265,2.53433861336903,0.193000514668039,"HRF_poorrec_25_yrfwd-93","HRF_poorrec_25_yrfwd",-0.205882352941177,-0.00939674287025003,-0.207869122945112,0.00250813351869627,0.261992357593531,-0.00939674287025016,0.273963464697385
"298","HRF_poorrec_25_yrfwd",95,2068.63,1307.9,0.139546,0.034,1131.3335,1.82848823976308,0.243647256101931,2034.84,1294.71,0.139416,0.034,1119.92415,1.81694447789165,0.243874447696104,"HRF_poorrec_25_yrfwd-95","HRF_poorrec_25_yrfwd",0,-0.010084868873767,0.000932461123543916,-0.000931592449801436,-0.0163344822418703,-0.0100848688737671,-0.00631328198912672
"299","HRF_poorrec_25_yrfwd",97,2124.95,1307.9,0.139546,0.031,1131.3335,1.8782702006084,0.222148968798819,2178.88,1289.49,0.139607,0.031,1115.40885,1.95343617723671,0.222051902841548,"HRF_poorrec_25_yrfwd-97","HRF_poorrec_25_yrfwd",0,-0.0140759996941662,-0.00043694084107529,0.000437131841829974,0.0253794206922517,-0.0140759996941663,0.0400187239322492
"300","HRF_poorrec_25_yrfwd",99,2131.56,1307.9,0.139546,0.026,1131.3335,1.88411286327153,0.1863184899603,2366.42,1300.88,0.139677,0.024,1125.2612,2.10299617546575,0.171824996241328,"HRF_poorrec_25_yrfwd-99","HRF_poorrec_25_yrfwd",-0.0769230769230769,-0.00536738282743313,-0.077788810557985,0.000938758545569147,0.110182213965359,-0.00536738282743328,0.116173142522979
"301","HRF_SQ_25_yrfwd",1,3389.28,1320.58,0.133915,0.033,1142.3017,2.96706202923448,0.246424971063734,2905.05,1313.31,0.134289,0.039,1136.01315,2.55723272217403,0.290418425932131,"HRF_SQ_25_yrfwd-1","HRF_SQ_25_yrfwd",0.181818181818182,-0.00550515682503141,0.178526772990951,0.00279281633872222,-0.142871052258887,-0.00550515682503141,-0.138126302390175
"302","HRF_SQ_25_yrfwd",10,2948.63,1320.58,0.133915,0.036,1142.3017,2.58130579688361,0.268827241160438,3728.48,1303.99,0.133804,0.029,1127.95135,3.30553263666913,0.216734925712236,"HRF_SQ_25_yrfwd-10","HRF_SQ_25_yrfwd",-0.194444444444444,-0.0125626618606975,-0.193776178423498,-0.000828883993578016,0.26447875793165,-0.0125626618606975,0.280566076541521
"303","HRF_SQ_25_yrfwd",100,2337.48,1320.58,0.133915,0.038,1142.3017,2.04628952228645,0.283762087891573,2776.98,1314,0.13399,0.032,1136.61,2.44321271148415,0.23882379282036,"HRF_SQ_25_yrfwd-100","HRF_SQ_25_yrfwd",-0.157894736842105,-0.00498265913462274,-0.158366099591093,0.000560056752417517,0.188022999127265,-0.00498265913462261,0.193972155393824
"304","HRF_SQ_25_yrfwd",103,3649.67,1320.58,0.133915,0.041,1142.3017,3.19501406677413,0.306164357988276,3385.48,1313.26,0.133877,0.044,1135.9699,2.98025502260227,0.328659889301374,"HRF_SQ_25_yrfwd-103","HRF_SQ_25_yrfwd",0.073170731707317,-0.00554301897651026,0.0734753433120354,-0.00028376208789165,-0.0723873665290287,-0.00554301897651027,-0.0672169322837098
"305","HRF_SQ_25_yrfwd",104,3114.66,1320.58,0.133915,0.036,1142.3017,2.72665268728918,0.268827241160438,2537.33,1336.86,0.133899,0.044,1156.3839,2.19419346810346,0.328605889513738,"HRF_SQ_25_yrfwd-104","HRF_SQ_25_yrfwd",0.222222222222222,0.0123279165215283,0.222368269284229,-0.000119478773849203,-0.185358915579871,0.0123279165215284,-0.195279443424491
"306","HRF_SQ_25_yrfwd",106,3809.82,1320.58,0.133915,0.035,1142.3017,3.33521345542951,0.26135981779487,3592.42,1327.44,0.133944,0.037,1148.2356,3.12864363376297,0.27623484441259,"HRF_SQ_25_yrfwd-106","HRF_SQ_25_yrfwd",0.057142857142857,0.00519468718290448,0.0569139768432009,0.000216555277601473,-0.0570630633468248,0.00519468718290458,-0.0619360123203685
"307","HRF_SQ_25_yrfwd",107,3354.52,1320.58,0.133915,0.035,1142.3017,2.93663223997653,0.26135981779487,3242.13,1322.27,0.134218,0.035,1143.76355,2.83461559865236,0.260769792427245,"HRF_SQ_25_yrfwd-107","HRF_SQ_25_yrfwd",0,0.0012797407199866,-0.00225752134587013,0.002262629279767,-0.0335040482692009,0.00127974071998671,-0.0347393316518874
"308","HRF_SQ_25_yrfwd",108,2860.95,1320.58,0.133915,0.033,1142.3017,2.50454849187391,0.246424971063734,2548.91,1337.34,0.133872,0.037,1156.7991,2.20341630625404,0.276383411019481,"HRF_SQ_25_yrfwd-108","HRF_SQ_25_yrfwd",0.121212121212121,0.0126913931757258,0.121572257171934,-0.000321099204719525,-0.109068666002552,0.0126913931757258,-0.120234120679595
"309","HRF_SQ_25_yrfwd",11,2955.35,1320.58,0.133915,0.031,1142.3017,2.58718865602669,0.231490124332599,3024.73,1322.27,0.134118,0.031,1143.76355,2.64454134772873,0.231139742614712,"HRF_SQ_25_yrfwd-11","HRF_SQ_25_yrfwd",0,0.0012797407199866,-0.00151359250808978,0.0015158869432101,0.0234760688243356,0.00127974071998671,0.0221679588647109
"310","HRF_SQ_25_yrfwd",110,4124.28,1320.58,0.133915,0.036,1142.3017,3.61049974800878,0.268827241160438,4043.88,1319.48,0.133884,0.037,1141.3502,3.54306679930489,0.276358638821667,"HRF_SQ_25_yrfwd-110","HRF_SQ_25_yrfwd",0.0277777777777778,-0.000832967332535613,0.0280157532723188,-0.000231490124332623,-0.0194943117344117,-0.000832967332535635,-0.0186769016508242
"311","HRF_SQ_25_yrfwd",111,3924.29,1320.58,0.133915,0.036,1142.3017,3.43542340871943,0.268827241160438,4277.55,1296.38,0.134056,0.033,1121.3687,3.814579450987,0.246165781464463,"HRF_SQ_25_yrfwd-111","HRF_SQ_25_yrfwd",-0.0833333333333332,-0.0183252813157855,-0.084297482644069,0.00105290669454506,0.0900188314319279,-0.0183252813157854,0.110366611959746
"312","HRF_SQ_25_yrfwd",112,4897.74,1320.58,0.133915,0.035,1142.3017,4.28760633027159,0.26135981779487,4587.31,1321.27,0.1338,0.037,1142.89855,4.01375082679036,0.276532137518685,"HRF_SQ_25_yrfwd-112","HRF_SQ_25_yrfwd",0.057142857142857,0.000522497690408676,0.0580514627375614,-0.000858753687040317,-0.0633822946910206,0.000522497690408801,-0.0638714197121465
"313","HRF_SQ_25_yrfwd",114,3729.5,1320.58,0.133915,0.03,1142.3017,3.26489928186223,0.224022700967031,4119.47,1328.4,0.133925,0.027,1149.066,3.58505951790411,0.201605376143364,"HRF_SQ_25_yrfwd-114","HRF_SQ_25_yrfwd",-0.1,0.00592164049129932,-0.100067201792048,7.46742336555445e-05,0.104563614425526,0.0059216404912994,0.0980612902273873
"314","HRF_SQ_25_yrfwd",115,4941.29,1320.58,0.133915,0.028,1142.3017,4.3257311093908,0.209087854235896,4087.19,1305.33,0.133862,0.034,1129.11045,3.61983187738631,0.253992918079814,"HRF_SQ_25_yrfwd-115","HRF_SQ_25_yrfwd",0.214285714285714,-0.0115479562010632,0.214766486594937,-0.00039577343837507,-0.172849600003238,-0.0115479562010632,-0.16318610985136
"315","HRF_SQ_25_yrfwd",116,2522.39,1320.58,0.133915,0.037,1142.3017,2.20816444552258,0.276294664526005,3055.47,1308.07,0.13422,0.03,1131.48055,2.70041760770877,0.223513634331694,"HRF_SQ_25_yrfwd-116","HRF_SQ_25_yrfwd",-0.189189189189189,-0.00947311030001968,-0.191031666445167,0.00227756412649815,0.211339245715373,-0.00947311030001968,0.222924140991543
"316","HRF_SQ_25_yrfwd",117,2825.99,1320.58,0.133915,0.035,1142.3017,2.47394361752241,0.26135981779487,3221.6,1344.88,0.133955,0.031,1163.3212,2.76931255099623,0.231420999589414,"HRF_SQ_25_yrfwd-117","HRF_SQ_25_yrfwd",-0.114285714285714,0.0184010056187434,-0.114550195428102,0.000298696934622593,0.139989879652794,0.0184010056187434,0.119391942234167
"317","HRF_SQ_25_yrfwd",118,4104.48,1320.58,0.133915,0.028,1142.3017,3.59316632374792,0.209087854235896,4249,1340.69,0.134135,0.027,1159.69685,3.66388854121661,0.201289745405748,"HRF_SQ_25_yrfwd-118","HRF_SQ_25_yrfwd",-0.0357142857142857,0.0152281573248119,-0.0372958479996167,0.00164283314042488,0.0352103067867307,0.0152281573248119,0.019682422436522
"318","HRF_SQ_25_yrfwd",12,4176.37,1320.58,0.133915,0.031,1142.3017,3.65610066062232,0.231490124332599,3903.36,1324.01,0.134087,0.033,1145.26865,3.40824836163987,0.246108869614504,"HRF_SQ_25_yrfwd-12","HRF_SQ_25_yrfwd",0.0645161290322581,0.00259734359145224,0.0631506217556873,0.00128439681887769,-0.0653701659575181,0.00259734359145229,-0.0677914319077494
"319","HRF_SQ_25_yrfwd",120,4777.76,1320.58,0.133915,0.04,1142.3017,4.18257278265453,0.298696934622708,4692.3,1325.09,0.133721,0.041,1146.20285,4.09377799051887,0.306608535682503,"HRF_SQ_25_yrfwd-120","HRF_SQ_25_yrfwd",0.025,0.00341516606339631,0.0264870513980602,-0.00144868013292013,-0.0178870433006262,0.00341516606339638,-0.0212297063912194
"320","HRF_SQ_25_yrfwd",121,2579.3,1320.58,0.133915,0.04,1142.3017,2.25798490889053,0.298696934622708,3107.55,1315.42,0.134026,0.034,1137.8383,2.73109984081218,0.253682121379434,"HRF_SQ_25_yrfwd-121","HRF_SQ_25_yrfwd",-0.15,-0.00390737403262191,-0.150703967886828,0.000828883993578016,0.20480362889156,-0.00390737403262192,0.209529713887288
"321","HRF_SQ_25_yrfwd",122,3091.43,1320.58,0.133915,0.023,1142.3017,2.70631655367404,0.171750737408057,3501.85,1312.76,0.134063,0.021,1135.5374,3.08387024504873,0.156642772427888,"HRF_SQ_25_yrfwd-122","HRF_SQ_25_yrfwd",-0.0869565217391304,-0.00592164049129932,-0.0879644839269272,0.00110517865810388,0.132760567116189,-0.00592164049129923,0.139508325758171
"322","HRF_SQ_25_yrfwd",123,4499,1320.58,0.133915,0.039,1142.3017,3.93853917927287,0.291229511257141,4863.54,1335.1,0.133863,0.036,1154.8615,4.21136214169405,0.268931668945115,"HRF_SQ_25_yrfwd-123","HRF_SQ_25_yrfwd",-0.076923076923077,0.0109951687894713,-0.0765645013644835,-0.000388306015009495,0.0810268948655257,0.0109951687894713,0.0692700897472218
"323","HRF_SQ_25_yrfwd",125,3746.59,1320.58,0.133915,0.031,1142.3017,3.27986030310556,0.231490124332599,3404.86,1318.2,0.13404,0.034,1140.243,2.98608279112435,0.253655625186512,"HRF_SQ_25_yrfwd-125","HRF_SQ_25_yrfwd",0.0967741935483872,-0.00180223841039547,0.0957513886081191,0.000933427920695861,-0.0912109411491516,-0.00180223841039534,-0.0895701294665047
"324","HRF_SQ_25_yrfwd",127,2886.68,1320.58,0.133915,0.031,1142.3017,2.52707318915835,0.231490124332599,3083.96,1318.85,0.134,0.029,1140.80525,2.70331855502944,0.216417910447761,"HRF_SQ_25_yrfwd-127","HRF_SQ_25_yrfwd",-0.064516129032258,-0.00131003044116987,-0.06510953298026,0.000634730986073268,0.0683414857206203,-0.0013100304411698,0.0697428814595571
"325","HRF_SQ_25_yrfwd",128,3032.55,1320.58,0.133915,0.033,1142.3017,2.65477150213468,0.246424971063734,3332.83,1330.18,0.134027,0.03,1150.6057,2.89658742347617,0.223835495832929,"HRF_SQ_25_yrfwd-128","HRF_SQ_25_yrfwd",-0.090909090909091,0.00726953308394804,-0.0916687750161603,0.000836351416943591,0.0990189774282369,0.00726953308394807,0.0910872823318504
"326","HRF_SQ_25_yrfwd",14,3771,1320.58,0.133915,0.031,1142.3017,3.30122943877261,0.231490124332599,4090.16,1309.75,0.134151,0.029,1132.93375,3.61023758008798,0.216174311037562,"HRF_SQ_25_yrfwd-14","HRF_SQ_25_yrfwd",-0.064516129032258,-0.00820094201032885,-0.0661618431420922,0.00176231191427388,0.0846353752320339,-0.00820094201032874,0.093603957872815
"327","HRF_SQ_25_yrfwd",15,4128.07,1320.58,0.133915,0.034,1142.3017,3.61381761053144,0.253892394429302,3779.87,1320.66,0.134144,0.038,1142.3709,3.30879401777479,0.283277671755725,"HRF_SQ_25_yrfwd-15","HRF_SQ_25_yrfwd",0.117647058823529,6.05794423663531e-05,0.115739100387292,0.00171003995071506,-0.0843493448512258,6.05794423663501e-05,-0.0844048110972029
"328","HRF_SQ_25_yrfwd",16,2953.21,1320.58,0.133915,0.028,1142.3017,2.58531524552577,0.209087854235896,2950.76,1309.78,0.133737,0.029,1132.9597,2.60447039731422,0.216843506284723,"HRF_SQ_25_yrfwd-16","HRF_SQ_25_yrfwd",0.0357142857142857,-0.00817822471944154,0.0370927908613815,-0.00132920135907114,-0.000829605751030173,-0.00817822471944142,0.00740921317878169
"329","HRF_SQ_25_yrfwd",17,2320.8,1320.58,0.133915,0.029,1142.3017,2.03168742548488,0.216555277601464,2614.77,1312.7,0.133778,0.026,1135.4855,2.30277709402718,0.194351836624856,"HRF_SQ_25_yrfwd-17","HRF_SQ_25_yrfwd",-0.103448275862069,-0.00596707507307394,-0.102530130978703,-0.00102303700108276,0.126667528438469,-0.00596707507307386,0.133430795082863
"330","HRF_SQ_25_yrfwd",19,3956.68,1320.58,0.133915,0.03,1142.3017,3.46377843961889,0.224022700967031,3821.15,1324.53,0.134186,0.03,1145.71845,3.33515620700705,0.223570268135275,"HRF_SQ_25_yrfwd-19","HRF_SQ_25_yrfwd",0,0.00299110996683284,-0.00201958475548856,0.0020236717320688,-0.0342534650262341,0.00299110996683279,-0.0371335045973624
"331","HRF_SQ_25_yrfwd",2,2317.4,1320.58,0.133915,0.032,1142.3017,2.02871097889463,0.238957547698167,2343.53,1314.4,0.133902,0.031,1136.956,2.06123192102421,0.231512598766262,"HRF_SQ_25_yrfwd-2","HRF_SQ_25_yrfwd",-0.03125,-0.00467976192279137,-0.0311559480067511,-9.70765037524773e-05,0.011275567446276,-0.00467976192279138,0.016030347579278
"332","HRF_SQ_25_yrfwd",20,3730.11,1320.58,0.133915,0.036,1142.3017,3.26543329139754,0.268827241160438,4114.33,1315.58,0.134159,0.033,1137.9767,3.61547824309584,0.245976788735754,"HRF_SQ_25_yrfwd-20","HRF_SQ_25_yrfwd",-0.0833333333333332,-0.0037862151478896,-0.0850005093458755,0.00182205130119848,0.103005005214323,-0.00378621514788956,0.107197091614293
"333","HRF_SQ_25_yrfwd",21,3156.85,1320.58,0.133915,0.034,1142.3017,2.76358688777229,0.253892394429302,3248.07,1325.26,0.134047,0.033,1146.3499,2.83340191332507,0.24618230919006,"HRF_SQ_25_yrfwd-21","HRF_SQ_25_yrfwd",-0.0294117647058824,0.00354389737842459,-0.030367531318032,0.000985699884254887,0.0288958930579534,0.00354389737842468,0.0252624680851094
"334","HRF_SQ_25_yrfwd",22,2872.96,1320.58,0.133915,0.038,1142.3017,2.51506235174123,0.283762087891573,3338.23,1345.03,0.13395,0.032,1163.45095,2.86924859187231,0.238895110115715,"HRF_SQ_25_yrfwd-22","HRF_SQ_25_yrfwd",-0.157894736842105,0.0185145920731799,-0.158114771811949,0.000261359817794924,0.161947956114948,0.01851459207318,0.140826027587695
"335","HRF_SQ_25_yrfwd",23,3467.27,1320.58,0.133915,0.03,1142.3017,3.03533646146198,0.224022700967031,3495.87,1318.15,0.133976,0.03,1140.19975,3.06601540651101,0.223920702215322,"HRF_SQ_25_yrfwd-23","HRF_SQ_25_yrfwd",0,-0.00184010056187432,-0.000455305427837859,0.000455512825299671,0.00824856443253623,-0.0018401005618742,0.0101072633754267
"336","HRF_SQ_25_yrfwd",26,2648.64,1320.58,0.133915,0.034,1142.3017,2.31868691082225,0.253892394429302,2967.69,1311.4,0.133956,0.03,1134.361,2.61617774235891,0.223954134193317,"HRF_SQ_25_yrfwd-26","HRF_SQ_25_yrfwd",-0.11764705882353,-0.00695149101152513,-0.117917121161821,0.000306164357988168,0.120458046393621,-0.00695149101152512,0.128301423598054
"337","HRF_SQ_25_yrfwd",27,4722.58,1320.58,0.133915,0.04,1142.3017,4.13426680534573,0.298696934622708,4407.92,1300.98,0.134301,0.043,1125.3477,3.9169405153625,0.320176320355023,"HRF_SQ_25_yrfwd-27","HRF_SQ_25_yrfwd",0.0749999999999999,-0.014841963379727,0.0719102985085739,0.00288242541910912,-0.0666288342389117,-0.014841963379727,-0.0525670693778707
"338","HRF_SQ_25_yrfwd",28,2978.17,1320.58,0.133915,0.036,1142.3017,2.60716586520006,0.268827241160438,3053.04,1313.92,0.133928,0.035,1136.5408,2.68625640188192,0.261334448360313,"HRF_SQ_25_yrfwd-28","HRF_SQ_25_yrfwd",-0.0277777777777776,-0.00504323857698889,-0.0278721485507964,9.70765037522701e-05,0.0251395991498134,-0.00504323857698879,0.0303358285475984
"339","HRF_SQ_25_yrfwd",29,3705.68,1320.58,0.133915,0.032,1142.3017,3.24404664722113,0.238957547698167,3614.25,1328.42,0.133735,0.033,1149.0833,3.14533332787971,0.246756645605115,"HRF_SQ_25_yrfwd-29","HRF_SQ_25_yrfwd",0.03125,0.00593678535189086,0.0326380061315289,-0.00134413620580229,-0.0246729345221389,0.00593678535189095,-0.0304290690227837
"340","HRF_SQ_25_yrfwd",3,3571.45,1320.58,0.133915,0.03,1142.3017,3.12653828668906,0.224022700967031,3847.46,1307.27,0.133949,0.028,1130.78855,3.40245751515613,0.209034781894602,"HRF_SQ_25_yrfwd-3","HRF_SQ_25_yrfwd",-0.0666666666666666,-0.010078904723682,-0.0669035727528138,0.000253892394429349,0.0772823363059822,-0.010078904723682,0.0882507115431044
"341","HRF_SQ_25_yrfwd",30,2894.74,1320.58,0.133915,0.034,1142.3017,2.53412911842817,0.253892394429302,3625.2,1315.58,0.134056,0.028,1137.9767,3.18565397692237,0.208867935788029,"HRF_SQ_25_yrfwd-30","HRF_SQ_25_yrfwd",-0.176470588235294,-0.0037862151478896,-0.177336775851356,0.00105290669454506,0.252340451992234,-0.00378621514788956,0.257100103446316
"342","HRF_SQ_25_yrfwd",31,3400.42,1320.58,0.133915,0.031,1142.3017,2.97681426894489,0.231490124332599,3103.92,1319.42,0.134074,0.034,1141.2983,2.71963955435665,0.253591300326685,"HRF_SQ_25_yrfwd-31","HRF_SQ_25_yrfwd",0.0967741935483872,-0.000878401914310229,0.0954735155886473,0.00118732031512521,-0.0871951111921468,-0.000878401914310269,-0.0863925967001603
"343","HRF_SQ_25_yrfwd",33,3019.94,1320.58,0.133915,0.032,1142.3017,2.64373238698673,0.238957547698167,3108.19,1306.71,0.133799,0.032,1130.30415,2.74987046628113,0.239164717225091,"HRF_SQ_25_yrfwd-33","HRF_SQ_25_yrfwd",0,-0.0105029608202457,0.000866972099940962,-0.000866221110405892,0.0292224348828122,-0.0105029608202456,0.0401470586875007
"344","HRF_SQ_25_yrfwd",35,3366.17,1320.58,0.133915,0.034,1142.3017,2.94683094667547,0.253892394429302,3528.34,1326.05,0.133573,0.032,1147.03325,3.07605729825182,0.239569374050145,"HRF_SQ_25_yrfwd-35","HRF_SQ_25_yrfwd",-0.0588235294117648,0.00414211937179116,-0.0564137433551427,-0.00255385879102422,0.0481764141442649,0.0041421193717912,0.0438526518537261
"345","HRF_SQ_25_yrfwd",36,2515.1,1320.58,0.133915,0.035,1142.3017,2.2017825938629,0.26135981779487,2740.29,1297.38,0.134162,0.032,1122.2337,2.44181760002395,0.238517613034988,"HRF_SQ_25_yrfwd-36","HRF_SQ_25_yrfwd",-0.0857142857142858,-0.0175680382862076,-0.0873975385834183,0.0018444535712952,0.0895352073476204,-0.0175680382862074,0.109018486579969
"346","HRF_SQ_25_yrfwd",38,3123.35,1320.58,0.133915,0.038,1142.3017,2.73426013460367,0.283762087891573,3262.66,1301.68,0.133922,0.038,1125.9532,2.89768704418621,0.283747255865354,"HRF_SQ_25_yrfwd-38","HRF_SQ_25_yrfwd",0,-0.0143118932590224,-5.22692313435997e-05,5.22719635590263e-05,0.0446027502521331,-0.0143118932590224,0.059770066320418
"347","HRF_SQ_25_yrfwd",4,3228.38,1320.58,0.133915,0.036,1142.3017,2.82620607147831,0.268827241160438,3302.29,1306.32,0.133772,0.035,1129.9668,2.92246639458788,0.261639207008941,"HRF_SQ_25_yrfwd-4","HRF_SQ_25_yrfwd",-0.0277777777777776,-0.0107982856017811,-0.026738488705492,-0.00106784154127621,0.0228938352981991,-0.010798285601781,0.0340599095306631
"348","HRF_SQ_25_yrfwd",40,4052.18,1320.58,0.133915,0.033,1142.3017,3.54738157178616,0.246424971063734,3844.92,1310.13,0.133919,0.034,1133.26245,3.39278866956194,0.253884810967824,"HRF_SQ_25_yrfwd-40","HRF_SQ_25_yrfwd",0.0303030303030303,-0.00791318965908902,0.0302722563865494,2.98696934623007e-05,-0.0511477772458281,-0.00791318965908905,-0.0435794399603825
"349","HRF_SQ_25_yrfwd",41,2952.51,1320.58,0.133915,0.039,1142.3017,2.58470244769836,0.291229511257141,2505.45,1313.26,0.133948,0.046,1135.9699,2.20556020014263,0.343416848329202,"HRF_SQ_25_yrfwd-41","HRF_SQ_25_yrfwd",0.179487179487179,-0.00554301897651026,0.179196596000132,0.000246424971063774,-0.151416930001931,-0.00554301897651027,-0.146686999849192
"350","HRF_SQ_25_yrfwd",42,4423.19,1320.58,0.133915,0.03,1142.3017,3.872173174565,0.224022700967031,4399.3,1299.34,0.134157,0.03,1123.9291,3.91421487351827,0.223618596122454,"HRF_SQ_25_yrfwd-42","HRF_SQ_25_yrfwd",0,-0.016083841948235,-0.00180385667538768,0.00180711645446733,-0.00540107931153747,-0.0160838419482349,0.0108573912007404
"351","HRF_SQ_25_yrfwd",43,3505.53,1320.58,0.133915,0.036,1142.3017,3.06883023985695,0.268827241160438,3603.83,1311.8,0.134091,0.035,1134.707,3.17600050056975,0.261016772192019,"HRF_SQ_25_yrfwd-43","HRF_SQ_25_yrfwd",-0.0277777777777776,-0.00664859379969416,-0.0290538597751606,0.00131426651233978,0.0280414088597159,-0.00664859379969405,0.0349221860893151
"352","HRF_SQ_25_yrfwd",44,2920.03,1320.58,0.133915,0.03,1142.3017,2.55626862850681,0.224022700967031,3204.29,1333.59,0.133978,0.028,1153.55535,2.7777514100212,0.208989535595396,"HRF_SQ_25_yrfwd-44","HRF_SQ_25_yrfwd",-0.0666666666666666,0.00985173181480854,-0.067105544691417,0.000470447672030822,0.0973483149145727,0.00985173181480864,0.0866429995050101
"353","HRF_SQ_25_yrfwd",47,2497.94,1320.58,0.133915,0.033,1142.3017,2.18676029283682,0.246424971063734,2584.79,1314.76,0.133882,0.032,1137.2674,2.272807608835,0.239016447319281,"HRF_SQ_25_yrfwd-47","HRF_SQ_25_yrfwd",-0.0303030303030303,-0.00440715443214348,-0.030064013855711,-0.000246424971063774,0.0347686493670784,-0.0044071544321434,0.0393492218969063
"354","HRF_SQ_25_yrfwd",48,2816.64,1320.58,0.133915,0.033,1142.3017,2.46575838939923,0.246424971063734,2632.5,1311.8,0.134029,0.036,1134.707,2.31998216279621,0.26859858687299,"HRF_SQ_25_yrfwd-48","HRF_SQ_25_yrfwd",0.0909090909090908,-0.00664859379969416,0.0899812048817114,0.000851286263674741,-0.0653757668711656,-0.00664859379969405,-0.0591202395294432
"355","HRF_SQ_25_yrfwd",49,2377.55,1320.58,0.133915,0.033,1142.3017,2.081367820778,0.246424971063734,2565.62,1300.77,0.134132,0.029,1125.16605,2.28021455144332,0.216204932454597,"HRF_SQ_25_yrfwd-49","HRF_SQ_25_yrfwd",-0.121212121212121,-0.0150009844159384,-0.122633832434626,0.00162043087032816,0.0791024373830202,-0.0150009844159384,0.0955365643113455
"356","HRF_SQ_25_yrfwd",5,5596.85,1320.58,0.133915,0.037,1142.3017,4.89962502900941,0.276294664526005,4918.91,1311.17,0.134185,0.042,1134.16205,4.33704337047779,0.313000707977792,"HRF_SQ_25_yrfwd-5","HRF_SQ_25_yrfwd",0.135135135135135,-0.00712565690832802,0.132851075914757,0.00201620430870323,-0.121128849263425,-0.00712565690832805,-0.114821370043773
"357","HRF_SQ_25_yrfwd",50,4274.3,1320.58,0.133915,0.034,1142.3017,3.74183107667615,0.253892394429302,4496.2,1334.1,0.133826,0.032,1153.9965,3.89619899193802,0.23911646466307,"HRF_SQ_25_yrfwd-50","HRF_SQ_25_yrfwd",-0.0588235294117648,0.0102379257598934,-0.0581976069013231,-0.000664600679535569,0.0519149334393935,0.0102379257598934,0.0412546456797798
"358","HRF_SQ_25_yrfwd",51,3016.54,1320.58,0.133915,0.041,1142.3017,2.64075594039648,0.306164357988276,3214.73,1322.97,0.134186,0.04,1144.36905,2.80917244310304,0.298093690847033,"HRF_SQ_25_yrfwd-51","HRF_SQ_25_yrfwd",-0.024390243902439,0.00180981084069124,-0.0263605704931595,0.0020236717320688,0.0657011012617105,0.00180981084069129,0.0637758681634426
"359","HRF_SQ_25_yrfwd",52,3171.92,1320.58,0.133915,0.034,1142.3017,2.77677954957084,0.253892394429302,3258.48,1304.52,0.134175,0.033,1128.4098,2.88767431831946,0.245947456679709,"HRF_SQ_25_yrfwd-52","HRF_SQ_25_yrfwd",-0.0294117647058824,-0.0121613230550213,-0.0312925393746094,0.00194153007504747,0.0272894650558652,-0.0121613230550212,0.0399364684048345
"360","HRF_SQ_25_yrfwd",54,3569.31,1320.58,0.133915,0.029,1142.3017,3.12466487618814,0.216555277601464,3250.34,1312.52,0.134042,0.032,1135.3298,2.86290380116861,0.238731143969801,"HRF_SQ_25_yrfwd-54","HRF_SQ_25_yrfwd",0.103448275862069,-0.00610337881839798,0.10240279809365,0.000948362767427011,-0.0893646110872969,-0.00610337881839794,-0.0837725277402727
"361","HRF_SQ_25_yrfwd",55,4035.93,1320.58,0.133915,0.037,1142.3017,3.53315590793571,0.276294664526005,3576.93,1323.84,0.133913,0.042,1145.1216,3.12362460021713,0.313636465466385,"HRF_SQ_25_yrfwd-55","HRF_SQ_25_yrfwd",0.135135135135135,0.00246861227642396,0.135152088457593,-1.49348467311504e-05,-0.113728434338554,0.00246861227642399,-0.115910907525689
"362","HRF_SQ_25_yrfwd",56,4287.72,1320.58,0.133915,0.032,1142.3017,3.75357928645296,0.238957547698167,3780.53,1316.93,0.133986,0.037,1139.14445,3.31874504589826,0.276148254295225,"HRF_SQ_25_yrfwd-56","HRF_SQ_25_yrfwd",0.15625,-0.00276393705795936,0.155637296060783,0.000530187058955216,-0.118288974093458,-0.00276393705795928,-0.115845225948485
"363","HRF_SQ_25_yrfwd",57,3255.8,1320.58,0.133915,0.031,1142.3017,2.8502102378032,0.231490124332599,3574.82,1330.71,0.133945,0.028,1151.06415,3.10566530979181,0.209041024301019,"HRF_SQ_25_yrfwd-57","HRF_SQ_25_yrfwd",-0.0967741935483871,0.00767087188962421,-0.0969764913138397,0.000224022700967048,0.0979851342220038,0.00767087188962434,0.0896267470379676
"364","HRF_SQ_25_yrfwd",58,2661.49,1320.58,0.133915,0.035,1142.3017,2.32993612808245,0.26135981779487,2974.64,1322.86,0.134377,0.031,1144.2739,2.59958738899839,0.230694240829904,"HRF_SQ_25_yrfwd-58","HRF_SQ_25_yrfwd",-0.114285714285714,0.00172651410743758,-0.117330878264669,0.00344994959489221,0.11765965680878,0.00172651410743762,0.11573332747875
"365","HRF_SQ_25_yrfwd",59,2163.5,1320.58,0.133915,0.031,1142.3017,1.8939829994125,0.231490124332599,2809.84,1313.56,0.13389,0.024,1136.2294,2.4729513247941,0.179251624467847,"HRF_SQ_25_yrfwd-59","HRF_SQ_25_yrfwd",-0.225806451612903,-0.00531584606763698,-0.225661893851236,-0.000186685584139172,0.298747400046221,-0.00531584606763693,0.30568823773032
"366","HRF_SQ_25_yrfwd",6,2771.59,1320.58,0.133915,0.037,1142.3017,2.42632047207844,0.276294664526005,2391.58,1310.87,0.133948,0.045,1133.90255,2.10915832229145,0.335951264669872,"HRF_SQ_25_yrfwd-6","HRF_SQ_25_yrfwd",0.216216216216216,-0.0073528298172017,0.215916584007186,0.000246424971063774,-0.137109024062001,-0.00735282981720156,-0.130717336574791
"367","HRF_SQ_25_yrfwd",60,2545.78,1320.58,0.133915,0.038,1142.3017,2.22864064721255,0.283762087891573,2909.34,1320.75,0.134064,0.034,1142.44875,2.54658250534214,0.253610216016231,"HRF_SQ_25_yrfwd-60","HRF_SQ_25_yrfwd",-0.105263157894737,0.000128731315028276,-0.106257576899642,0.00111264608146946,0.142808883721296,0.0001287313150283,0.142661787366775
"368","HRF_SQ_25_yrfwd",61,2260.05,1320.58,0.133915,0.027,1142.3017,1.97850532832088,0.201620430870328,2753.88,1331.77,0.133938,0.022,1151.98105,2.39056015721786,0.164255103107408,"HRF_SQ_25_yrfwd-61","HRF_SQ_25_yrfwd",-0.185185185185185,0.00847354950097674,-0.185325106198943,0.000171750737408022,0.218504015397889,0.00847354950097689,0.208265716042669
"369","HRF_SQ_25_yrfwd",63,2211.61,1320.58,0.133915,0.036,1142.3017,1.93609971866452,0.268827241160438,2492.69,1353.92,0.133935,0.031,1171.1408,2.12842896430557,0.23145555679994,"HRF_SQ_25_yrfwd-63","HRF_SQ_25_yrfwd",-0.138888888888889,0.0252464826061277,-0.139017475309333,0.000149348467311296,0.12709293229819,0.0252464826061277,0.0993385019309438
"370","HRF_SQ_25_yrfwd",64,2721.74,1320.58,0.133915,0.03,1142.3017,2.38268051251259,0.224022700967031,2679.8,1316.15,0.133758,0.03,1138.46975,2.3538614003578,0.2242856502041,"HRF_SQ_25_yrfwd-64","HRF_SQ_25_yrfwd",0,-0.00335458662103016,0.00117376156940163,-0.00117238546839427,-0.0154092602526324,-0.00335458662103003,-0.0120952481893562
"371","HRF_SQ_25_yrfwd",65,3581,1320.58,0.133915,0.031,1142.3017,3.13489859990579,0.231490124332599,3870.98,1324.56,0.133813,0.029,1145.7444,3.37857204451534,0.216720348546105,"HRF_SQ_25_yrfwd-65","HRF_SQ_25_yrfwd",-0.064516129032258,0.00301382725772014,-0.0638030491757513,-0.000761677183288046,0.0809773806199386,0.00301382725772011,0.077729290707162
"372","HRF_SQ_25_yrfwd",66,3850.34,1320.58,0.133915,0.033,1142.3017,3.37068569538153,0.246424971063734,3615.22,1296.71,0.133913,0.036,1121.65415,3.22311471856097,0.268831256114044,"HRF_SQ_25_yrfwd-66","HRF_SQ_25_yrfwd",0.0909090909090908,-0.0180753911160247,0.0909253837124917,-1.49348467311504e-05,-0.0610647371400968,-0.0180753911160247,-0.0437806992870181
"373","HRF_SQ_25_yrfwd",69,3023.17,1320.58,0.133915,0.034,1142.3017,2.64656001124747,0.253892394429302,3167.47,1299.03,0.134117,0.034,1123.66095,2.81888411268541,0.253509995004362,"HRF_SQ_25_yrfwd-69","HRF_SQ_25_yrfwd",0,-0.016318587287404,-0.00150614761737876,0.00150841951984453,0.0477313548361487,-0.016318587287404,0.065112485908348
"374","HRF_SQ_25_yrfwd",70,3916.39,1320.58,0.133915,0.035,1142.3017,3.42850754752444,0.26135981779487,3905.2,1312.64,0.133876,0.035,1135.4336,3.43939090757927,0.261435955660462,"HRF_SQ_25_yrfwd-70","HRF_SQ_25_yrfwd",0,-0.00601250965484855,0.000291314350593217,-0.000291229511257225,-0.00285722310597261,-0.0060125096548485,0.00317437249414514
"375","HRF_SQ_25_yrfwd",71,2955.32,1320.58,0.133915,0.031,1142.3017,2.58716239326266,0.231490124332599,3310.96,1304.54,0.134024,0.028,1128.4271,2.93413726061701,0.208917805766131,"HRF_SQ_25_yrfwd-71","HRF_SQ_25_yrfwd",-0.0967741935483871,-0.0121461781944298,-0.0975087755105969,0.000813949146846865,0.120338914229254,-0.0121461781944297,0.134114065764843
"376","HRF_SQ_25_yrfwd",72,2894.59,1320.58,0.133915,0.032,1142.3017,2.53399780460801,0.238957547698167,3037.49,1332.79,0.134135,0.03,1152.86335,2.63473550442904,0.223655272673053,"HRF_SQ_25_yrfwd-72","HRF_SQ_25_yrfwd",-0.0625000000000001,0.0092459373911462,-0.0640376299996273,0.00164283314042488,0.0493679588473669,0.00924593739114634,0.0397544542611034
"377","HRF_SQ_25_yrfwd",73,2782.29,1320.58,0.133915,0.03,1142.3017,2.43568752458304,0.224022700967031,3177.28,1323.28,0.134201,0.026,1144.6372,2.77579655807098,0.193739241883443,"HRF_SQ_25_yrfwd-73","HRF_SQ_25_yrfwd",-0.133333333333333,0.00204455617986029,-0.135180314105955,0.00213568308255222,0.141965790769474,0.0020445561798604,0.139635741471459
"378","HRF_SQ_25_yrfwd",74,3278.82,1320.58,0.133915,0.026,1142.3017,2.87036253207012,0.19415300750476,3741.95,1321.45,0.134222,0.023,1143.05425,3.27364164911683,0.171357899599171,"HRF_SQ_25_yrfwd-74","HRF_SQ_25_yrfwd",-0.115384615384615,0.00065880143573292,-0.117407956737575,0.0022924989732293,0.141248985915665,0.000658801435732874,0.140497624443232
"379","HRF_SQ_25_yrfwd",75,3776.55,1320.58,0.133915,0.032,1142.3017,3.30608805011846,0.238957547698167,3380.11,1319.52,0.13365,0.037,1141.3848,2.96141143635345,0.276842499064721,"HRF_SQ_25_yrfwd-75","HRF_SQ_25_yrfwd",0.15625,-0.000802677611352536,0.15854260194538,-0.00197886719187556,-0.104974116587891,-0.000802677611352546,-0.104255122229021
"380","HRF_SQ_25_yrfwd",76,2192.19,1320.58,0.133915,0.028,1142.3017,1.91909895608139,0.209087854235896,2561.6,1327.19,0.133934,0.024,1148.01935,2.23132127520324,0.179192736721072,"HRF_SQ_25_yrfwd-76","HRF_SQ_25_yrfwd",-0.142857142857143,0.00500537642551005,-0.142978737928489,0.000141881043945721,0.16851185344336,0.0050053764255101,0.162692141607632
"381","HRF_SQ_25_yrfwd",77,3868.41,1320.58,0.133915,0.036,1142.3017,3.38650463358323,0.268827241160438,4498.59,1321.12,0.134216,0.03,1142.7688,3.93657054690328,0.223520295642844,"HRF_SQ_25_yrfwd-77","HRF_SQ_25_yrfwd",-0.166666666666667,0.000408911235971938,-0.168535544694125,0.00224769443303585,0.162904138909785,0.000408911235972045,0.162428808708886
"382","HRF_SQ_25_yrfwd",78,3512.29,1320.58,0.133915,0.035,1142.3017,3.07474811601874,0.26135981779487,3504.82,1303.65,0.134043,0.035,1127.65725,3.1080543312252,0.261110240743642,"HRF_SQ_25_yrfwd-78","HRF_SQ_25_yrfwd",0,-0.0128201244907541,-0.000954917451862451,0.000955830190792587,-0.00212681754638706,-0.0128201244907539,0.0108321767994418
"383","HRF_SQ_25_yrfwd",79,2449.02,1320.58,0.133915,0.034,1142.3017,2.14393447895595,0.253892394429302,2571.65,1329.14,0.133886,0.032,1149.7061,2.23678903678079,0.239009306424869,"HRF_SQ_25_yrfwd-79","HRF_SQ_25_yrfwd",-0.0588235294117648,0.00648200033318704,-0.0586196685327552,-0.000216555277601473,0.0500730904606741,0.00648200033318706,0.0433103524087431
"384","HRF_SQ_25_yrfwd",80,3180.91,1320.58,0.133915,0.031,1142.3017,2.78464962452564,0.231490124332599,3603.5,1303.59,0.134017,0.028,1127.60535,3.19571027221536,0.208928717998463,"HRF_SQ_25_yrfwd-80","HRF_SQ_25_yrfwd",-0.0967741935483871,-0.0128655590725289,-0.0974616364269626,0.000761677183287839,0.132851919733661,-0.0128655590725287,0.147616649530818
"385","HRF_SQ_25_yrfwd",81,3153.09,1320.58,0.133915,0.035,1142.3017,2.76029528801367,0.26135981779487,3423.14,1329.9,0.133934,0.033,1150.3635,2.97570289738852,0.246390012991473,"HRF_SQ_25_yrfwd-81","HRF_SQ_25_yrfwd",-0.0571428571428572,0.0070575050356663,-0.0572766117213382,0.000141881043945721,0.08564614394134,0.00705750503566627,0.078037886131329
"386","HRF_SQ_25_yrfwd",82,2900.5,1320.58,0.133915,0.027,1142.3017,2.53917156912224,0.201620430870328,3126.32,1319.94,0.134179,0.025,1141.7481,2.73818717105813,0.186318276332362,"HRF_SQ_25_yrfwd-82","HRF_SQ_25_yrfwd",-0.074074074074074,-0.000484635538929829,-0.0758958527759904,0.00197139976850977,0.0778555421479056,-0.000484635538929768,0.0783781625298736
"387","HRF_SQ_25_yrfwd",83,3307.72,1320.58,0.133915,0.035,1142.3017,2.89566232808723,0.26135981779487,2991.16,1319.66,0.13402,0.038,1141.5059,2.62036315362014,0.283539770183555,"HRF_SQ_25_yrfwd-83","HRF_SQ_25_yrfwd",0.0857142857142856,-0.000696663587211568,0.084863666403735,0.000784079453384565,-0.0957033848088714,-0.000696663587211563,-0.095072955087598
"388","HRF_SQ_25_yrfwd",84,2888.07,1320.58,0.133915,0.032,1142.3017,2.52829003055848,0.238957547698167,2702.55,1325.62,0.134148,0.034,1146.6613,2.35688603077474,0.253451411873453,"HRF_SQ_25_yrfwd-84","HRF_SQ_25_yrfwd",0.0625000000000001,0.00381650486907268,0.0606545569072965,0.00173990964417715,-0.0642366701638118,0.00381650486907265,-0.0677944372330883
"389","HRF_SQ_25_yrfwd",85,4510.85,1320.58,0.133915,0.032,1142.3017,3.94891297106535,0.238957547698167,4318.46,1305.13,0.133902,0.034,1128.93745,3.82524293086388,0.253917043808158,"HRF_SQ_25_yrfwd-85","HRF_SQ_25_yrfwd",0.0625000000000001,-0.0116994048069786,0.0626031537990471,-9.70765037524773e-05,-0.042650498243125,-0.0116994048069786,-0.0313174894224377
"390","HRF_SQ_25_yrfwd",86,4196.33,1320.58,0.133915,0.04,1142.3017,3.67357415295801,0.298696934622708,4543.36,1314.92,0.133941,0.037,1137.4058,3.99449343409362,0.276241031498944,"HRF_SQ_25_yrfwd-86","HRF_SQ_25_yrfwd",-0.0750000000000001,-0.00428599554741097,-0.0751795566704744,0.000194153007504747,0.0826984531721766,-0.00428599554741088,0.0873588684407514
"391","HRF_SQ_25_yrfwd",87,3523.24,1320.58,0.133915,0.026,1142.3017,3.08433402489027,0.19415300750476,3153.21,1313.58,0.13438,0.029,1136.2467,2.77511036995751,0.215805923500521,"HRF_SQ_25_yrfwd-87","HRF_SQ_25_yrfwd",0.115384615384615,-0.00530070120704544,0.111525009445087,0.00347235186498893,-0.10502548790318,-0.00530070120704539,-0.100256214935658
"392","HRF_SQ_25_yrfwd",88,3084.62,1320.58,0.133915,0.035,1142.3017,2.70035490623887,0.26135981779487,3520.13,1327.91,0.133892,0.03,1148.64215,3.0646011031373,0.224061183640546,"HRF_SQ_25_yrfwd-88","HRF_SQ_25_yrfwd",-0.142857142857143,0.00555059140680623,-0.142709902650751,-0.000171750737408022,0.141187569295408,0.00555059140680622,0.134888268226107
"393","HRF_SQ_25_yrfwd",89,3240.16,1320.58,0.133915,0.034,1142.3017,2.83651858348806,0.253892394429302,2844.92,1324.08,0.134308,0.04,1145.3292,2.4839321306049,0.297822914495041,"HRF_SQ_25_yrfwd-89","HRF_SQ_25_yrfwd",0.176470588235294,0.00265035060352262,0.173028105723631,0.00293469738266814,-0.121981630536764,0.00265035060352269,-0.124302535839405
"394","HRF_SQ_25_yrfwd",9,3587.53,1320.58,0.133915,0.034,1142.3017,3.14061512821,0.253892394429302,3768.1,1331.47,0.133855,0.032,1151.72155,3.27171094436845,0.239064659519629,"HRF_SQ_25_yrfwd-9","HRF_SQ_25_yrfwd",-0.0588235294117648,0.00824637659210347,-0.0584016506008477,-0.000448045401934096,0.0503326801448349,0.00824637659210355,0.0417420826197106
"395","HRF_SQ_25_yrfwd",90,2811.6,1320.58,0.133915,0.033,1142.3017,2.46134624504192,0.246424971063734,3872.09,1328.52,0.134043,0.025,1149.1698,3.36946724496241,0.186507314816887,"HRF_SQ_25_yrfwd-90","HRF_SQ_25_yrfwd",-0.242424242424242,0.00601250965484855,-0.243147664736259,0.000955830190792587,0.377183809930289,0.00601250965484867,0.368952966999173
"396","HRF_SQ_25_yrfwd",91,3168.88,1320.58,0.133915,0.03,1142.3017,2.77411825614897,0.224022700967031,3662.43,1327.89,0.133989,0.026,1148.62485,3.18853453327255,0.194045779877453,"HRF_SQ_25_yrfwd-91","HRF_SQ_25_yrfwd",-0.133333333333333,0.00553544654621469,-0.133811979590364,0.000552589329051941,0.155749034359143,0.00553544654621467,0.149386665909071
"397","HRF_SQ_25_yrfwd",93,2604.37,1320.58,0.133915,0.034,1142.3017,2.27993182536628,0.253892394429302,2891.1,1308.05,0.133835,0.032,1131.46325,2.55518683439343,0.239100384802182,"HRF_SQ_25_yrfwd-93","HRF_SQ_25_yrfwd",-0.0588235294117648,-0.00948825516061122,-0.0582609402710537,-0.000597393869245392,0.110095723725891,-0.00948825516061123,0.120729491103504
"398","HRF_SQ_25_yrfwd",95,3957.36,1320.58,0.133915,0.034,1142.3017,3.46437372893693,0.253892394429302,3788.04,1323.36,0.134274,0.035,1144.7064,3.30918041517021,0.260661036388281,"HRF_SQ_25_yrfwd-95","HRF_SQ_25_yrfwd",0.0294117647058824,0.00210513562222644,0.026659490821665,0.00268080498823879,-0.0427860998241252,0.00210513562222658,-0.0447969318293911
"399","HRF_SQ_25_yrfwd",97,3724.67,1320.58,0.133915,0.031,1142.3017,3.26067097685314,0.231490124332599,3857.73,1315.63,0.134014,0.03,1138.01995,3.38986148705038,0.223857208948319,"HRF_SQ_25_yrfwd-97","HRF_SQ_25_yrfwd",-0.0322580645161291,-0.00374835299641056,-0.0329729633447058,0.000739274913191114,0.0357239701772237,-0.00374835299641053,0.0396208360531745
"400","HRF_SQ_25_yrfwd",99,2948.5,1320.58,0.133915,0.026,1142.3017,2.5811919915728,0.19415300750476,3022.56,1322.97,0.133947,0.025,1144.36905,2.64124584634651,0.186640984867149,"HRF_SQ_25_yrfwd-99","HRF_SQ_25_yrfwd",-0.0384615384615384,0.00180981084069124,-0.0386912504429134,0.000238957547698198,0.0251178565372223,0.00180981084069129,0.0232659387483654
"401","HRFSelex_poorrec_25_yrfwd",1,2288.67,1307.9,0.139546,0.033,1131.3335,2.02298438082139,0.236481160334227,2213.63,1272.07,0.139617,0.034,1100.34055,2.01176808398091,0.243523353173324,"HRFSelex_poorrec_25_yrfwd-1","HRFSelex_poorrec_25_yrfwd",0.0303030303030303,-0.0273950607844637,0.0297790861189301,0.000508792799506885,-0.0327876015327679,-0.0273950607844638,-0.00554443076615832
"402","HRFSelex_poorrec_25_yrfwd",10,2204.34,1307.9,0.139546,0.036,1131.3335,1.94844402645197,0.257979447637338,2517.61,1286.2,0.139579,0.032,1112.563,2.26289207892047,0.229260848695004,"HRFSelex_poorrec_25_yrfwd-10","HRFSelex_poorrec_25_yrfwd",-0.111111111111111,-0.0165914825292452,-0.111321266889081,0.000236481160334264,0.142115100211401,-0.0165914825292454,0.161384185637141
"403","HRFSelex_poorrec_25_yrfwd",100,2050.51,1307.9,0.139546,0.038,1131.3335,1.81247174241724,0.272311639172746,2401.29,1275.55,0.139652,0.033,1103.35075,2.17636141544291,0.236301664136568,"HRFSelex_poorrec_25_yrfwd-100","HRFSelex_poorrec_25_yrfwd",-0.131578947368421,-0.0247343069041975,-0.132238104642065,0.000759606151376571,0.171069636334375,-0.0247343069041977,0.200769846232393
"404","HRFSelex_poorrec_25_yrfwd",103,1974.34,1307.9,0.139546,0.041,1131.3335,1.74514411532939,0.293809926475857,2138.88,1318.28,0.139612,0.037,1140.3122,1.87569684863496,0.265020198836776,"HRFSelex_poorrec_25_yrfwd-103","HRFSelex_poorrec_25_yrfwd",-0.0975609756097562,0.00793638657389719,-0.0979875934908104,0.000472962320668529,0.0833392424810317,0.007936386573897,0.0748091416398195
"405","HRFSelex_poorrec_25_yrfwd",104,2077.73,1307.9,0.139546,0.036,1131.3335,1.83653184494227,0.257979447637338,1787.3,1298.51,0.139603,0.042,1123.21115,1.59124132626354,0.300853133528649,"HRFSelex_poorrec_25_yrfwd-104","HRFSelex_poorrec_25_yrfwd",0.166666666666667,-0.00717944797002817,0.166190315871913,0.00040846745875913,-0.139782358631776,-0.00717944797002837,-0.133561810732686
"406","HRFSelex_poorrec_25_yrfwd",106,1984.86,1307.9,0.139546,0.035,1131.3335,1.7544428764816,0.250813351869634,2318.02,1287.75,0.139637,0.029,1113.90375,2.08098769754568,0.207681345202203,"HRFSelex_poorrec_25_yrfwd-106","HRFSelex_poorrec_25_yrfwd",-0.171428571428571,-0.0154063766342993,-0.171968542926097,0.000652114714861105,0.167850629263525,-0.0154063766342993,0.186124510202884
"407","HRFSelex_poorrec_25_yrfwd",107,2267.21,1307.9,0.139546,0.035,1131.3335,2.004015615201,0.250813351869634,2970.93,1285.1,0.139613,0.027,1111.6115,2.67263337955752,0.193391732861553,"HRFSelex_poorrec_25_yrfwd-107","HRFSelex_poorrec_25_yrfwd",-0.228571428571429,-0.0174325254224329,-0.228941635602906,0.000480128416436041,0.310390303500778,-0.017432525422433,0.333638999259721
"408","HRFSelex_poorrec_25_yrfwd",108,2059.3,1307.9,0.139546,0.033,1131.3335,1.82024133467276,0.236481160334227,2115.83,1299.74,0.139622,0.032,1124.2751,1.88195042298811,0.229190242225437,"HRFSelex_poorrec_25_yrfwd-108","HRFSelex_poorrec_25_yrfwd",-0.0303030303030303,-0.00623900909855484,-0.0308308623760343,0.00054462327834544,0.0274510756082163,-0.006239009098555,0.033901597079405
"409","HRFSelex_poorrec_25_yrfwd",11,2111.04,1307.9,0.139546,0.031,1131.3335,1.86597497554877,0.222148968798819,2336.07,1280.97,0.139574,0.028,1108.03905,2.10829212201501,0.200610428876438,"HRFSelex_poorrec_25_yrfwd-11","HRFSelex_poorrec_25_yrfwd",-0.0967741935483871,-0.0205902591941279,-0.0969553900647916,0.000200650681495709,0.106596748522056,-0.020590259194128,0.129860876829275
"410","HRFSelex_poorrec_25_yrfwd",110,2149.1,1307.9,0.139546,0.036,1131.3335,1.89961669127627,0.257979447637338,2491.53,1285.21,0.139608,0.031,1111.70665,2.24117576340845,0.22205031230302,"HRFSelex_poorrec_25_yrfwd-110","HRFSelex_poorrec_25_yrfwd",-0.138888888888889,-0.017348421133114,-0.139271308871189,0.000444297937597685,0.159336466427807,-0.0173484211331142,0.179804206659557
"411","HRFSelex_poorrec_25_yrfwd",111,2289.06,1307.9,0.139546,0.036,1131.3335,2.02332910675764,0.257979447637338,2690.19,1283.37,0.139608,0.031,1110.11505,2.42334341832407,0.22205031230302,"HRFSelex_poorrec_25_yrfwd-111","HRFSelex_poorrec_25_yrfwd",-0.138888888888889,-0.0187552565180825,-0.139271308871189,0.000444297937597685,0.175237870566958,-0.0187552565180826,0.197701061201777
"412","HRFSelex_poorrec_25_yrfwd",112,2269.51,1307.9,0.139546,0.035,1131.3335,2.00604861431223,0.250813351869634,3099.13,1307.12,0.139593,0.025,1130.6588,2.74099489607298,0.179092074817505,"HRFSelex_poorrec_25_yrfwd-112","HRFSelex_poorrec_25_yrfwd",-0.285714285714286,-0.000596375869714836,-0.285954780786183,0.00033680650108202,0.365550272966411,-0.000596375869714963,0.366365140165225
"413","HRFSelex_poorrec_25_yrfwd",114,2305.47,1307.9,0.139546,0.03,1131.3335,2.03783411345991,0.214982873031115,1925.59,1308.55,0.139606,0.035,1131.89575,1.70120790717696,0.250705557067748,"HRFSelex_poorrec_25_yrfwd-114","HRFSelex_poorrec_25_yrfwd",0.166666666666667,0.000496979891428963,0.166165255552531,0.000429965746062263,-0.164773343396357,0.000496979891428904,-0.165188228060139
"414","HRFSelex_poorrec_25_yrfwd",115,2273.2,1307.9,0.139546,0.028,1131.3335,2.00931025201676,0.200650681495708,2899.83,1286.13,0.139627,0.022,1112.50245,2.6065830237048,0.157562649057847,"HRFSelex_poorrec_25_yrfwd-115","HRFSelex_poorrec_25_yrfwd",-0.214285714285714,-0.0166450034406298,-0.214741520520489,0.000580453757183995,0.275659862748548,-0.01664500344063,0.297252637360785
"415","HRFSelex_poorrec_25_yrfwd",116,2181.48,1307.9,0.139546,0.037,1131.3335,1.9282377831117,0.265145543405042,2557.12,1293.33,0.139621,0.032,1118.73045,2.28573379762748,0.229191883742417,"HRFSelex_poorrec_25_yrfwd-116","HRFSelex_poorrec_25_yrfwd",-0.135135135135135,-0.0111399954124933,-0.135599713277856,0.000537457182577729,0.172195023561985,-0.0111399954124934,0.185400378338646
"416","HRFSelex_poorrec_25_yrfwd",117,2227.5,1307.9,0.139546,0.035,1131.3335,1.96891544358936,0.250813351869634,2266.19,1319.67,0.139576,0.035,1141.51455,1.98524845784927,0.250759442884163,"HRFSelex_poorrec_25_yrfwd-117","HRFSelex_poorrec_25_yrfwd",0,0.00899915895710694,-0.00021493666532928,0.000214982873031131,0.0173692480359147,0.0089991589571068,0.00829543712153242
"417","HRFSelex_poorrec_25_yrfwd",118,2361.79,1307.9,0.139546,0.028,1131.3335,2.08761607430523,0.200650681495708,2842.2,1308.36,0.139579,0.023,1131.7314,2.5113732816815,0.164781234999534,"HRFSelex_poorrec_25_yrfwd-118","HRFSelex_poorrec_25_yrfwd",-0.178571428571429,0.000351708846242011,-0.178765635026964,0.000236481160334264,0.203409278555672,0.000351708846241921,0.202986177675077
"418","HRFSelex_poorrec_25_yrfwd",12,2191.73,1307.9,0.139546,0.031,1131.3335,1.93729788784651,0.222148968798819,2465.58,1331.37,0.139634,0.027,1151.63505,2.14093865934351,0.193362648065657,"HRFSelex_poorrec_25_yrfwd-12","HRFSelex_poorrec_25_yrfwd",-0.129032258064516,0.0179447970028289,-0.129581158484832,0.000630616427557972,0.124946959707628,0.0179447970028288,0.105115879583892
"419","HRFSelex_poorrec_25_yrfwd",120,2102.24,1307.9,0.139546,0.04,1131.3335,1.85819654416668,0.286643830708154,2101.53,1302.07,0.139646,0.04,1126.29055,1.86588620494063,0.286438566088538,"HRFSelex_poorrec_25_yrfwd-120","HRFSelex_poorrec_25_yrfwd",0,-0.00445752733389405,-0.000716096415221256,0.000716609576770305,-0.000337734987441768,-0.00445752733389415,0.00413823865838624
"420","HRFSelex_poorrec_25_yrfwd",121,1958.33,1307.9,0.139546,0.04,1131.3335,1.73099267368994,0.286643830708154,2184.06,1312.88,0.139605,0.036,1135.6412,1.92319545997451,0.257870420113893,"HRFSelex_poorrec_25_yrfwd-121","HRFSelex_poorrec_25_yrfwd",-0.1,0.00380763055279462,-0.100380358869668,0.000422799650294552,0.115266579177156,0.00380763055279457,0.111036163934101
"421","HRFSelex_poorrec_25_yrfwd",122,2022.3,1307.9,0.139546,0.023,1131.3335,1.78753656636173,0.164820202657188,2503.01,1299.87,0.139625,0.019,1124.38755,2.22610967188315,0.136078782452999,"HRFSelex_poorrec_25_yrfwd-122","HRFSelex_poorrec_25_yrfwd",-0.173913043478261,-0.00613961312026917,-0.174380444513643,0.000566121565648573,0.23770459377936,-0.00613961312026929,0.245350564444156
"422","HRFSelex_poorrec_25_yrfwd",123,2098.64,1307.9,0.139546,0.039,1131.3335,1.85501445860129,0.27947773494045,2448.87,1292.61,0.139641,0.033,1118.10765,2.19019161527068,0.236320278428255,"HRFSelex_poorrec_25_yrfwd-123","HRFSelex_poorrec_25_yrfwd",-0.153846153846154,-0.011690496215307,-0.154421805806428,0.00068077909793175,0.166884267906835,-0.0116904962153071,0.180687085815017
"423","HRFSelex_poorrec_25_yrfwd",125,2189.02,1307.9,0.139546,0.031,1131.3335,1.93490248454589,0.222148968798819,2401.76,1279.98,0.139596,0.029,1107.1827,2.16925354776587,0.207742342187455,"HRFSelex_poorrec_25_yrfwd-125","HRFSelex_poorrec_25_yrfwd",-0.064516129032258,-0.0213471977979967,-0.0648511973261087,0.000358304788385153,0.0971850417081618,-0.0213471977979968,0.121117764379213
"424","HRFSelex_poorrec_25_yrfwd",127,2163.37,1307.9,0.139546,0.031,1131.3335,1.91223012489244,0.222148968798819,2515.83,1330.78,0.139578,0.027,1151.1247,2.18554080196524,0.193440226969866,"HRFSelex_poorrec_25_yrfwd-127","HRFSelex_poorrec_25_yrfwd",-0.129032258064516,0.0174936921783012,-0.129231938298808,0.000229315064566553,0.162921737844197,0.017493692178301,0.142927712263804
"425","HRFSelex_poorrec_25_yrfwd",128,2301.2,1307.9,0.139546,0.033,1131.3335,2.03405980641429,0.236481160334227,2206.83,1275.21,0.139608,0.034,1103.05665,2.00064973997482,0.243539052203312,"HRFSelex_poorrec_25_yrfwd-128","HRFSelex_poorrec_25_yrfwd",0.0303030303030303,-0.0249942656166373,0.0298454720837391,0.000444297937597685,-0.0410090387623848,-0.0249942656166374,-0.0164253117504747
"426","HRFSelex_poorrec_25_yrfwd",14,2306.66,1307.9,0.139546,0.031,1131.3335,2.03888596952181,0.222148968798819,2692.53,1287.51,0.139608,0.027,1113.69615,2.41765224742853,0.19339865910263,"HRFSelex_poorrec_25_yrfwd-14","HRFSelex_poorrec_25_yrfwd",-0.129032258064516,-0.0155898769019038,-0.129419055382721,0.000444297937597685,0.167285165564062,-0.0155898769019039,0.185771192488786
"427","HRFSelex_poorrec_25_yrfwd",15,2037.84,1307.9,0.139546,0.034,1131.3335,1.80127256905236,0.243647256101931,2245.16,1306.58,0.139593,0.031,1130.1917,1.98653024969127,0.222074172773706,"HRFSelex_poorrec_25_yrfwd-15","HRFSelex_poorrec_25_yrfwd",-0.0882352941176471,-0.00100925147182515,-0.0885422790035402,0.00033680650108202,0.101735170572763,-0.00100925147182519,0.102848221763778
"428","HRFSelex_poorrec_25_yrfwd",16,2205.72,1307.9,0.139546,0.028,1131.3335,1.94966382591871,0.200650681495708,3037.29,1323.23,0.139622,0.02,1144.59395,2.65359606347736,0.143243901390898,"HRFSelex_poorrec_25_yrfwd-16","HRFSelex_poorrec_25_yrfwd",-0.285714285714286,0.0117210795932411,-0.28610309058949,0.00054462327834544,0.377006147652467,0.011721079593241,0.361053135520402
"429","HRFSelex_poorrec_25_yrfwd",17,2309.1,1307.9,0.139546,0.029,1131.3335,2.04104271640502,0.207816777263411,2350.59,1286.77,0.139597,0.029,1113.05605,2.111834350121,0.207740854029814,"HRFSelex_poorrec_25_yrfwd-17","HRFSelex_poorrec_25_yrfwd",0,-0.0161556693936846,-0.000365337363983461,0.000365470884152864,0.0179680394959076,-0.0161556693936846,0.0346840529828157
"430","HRFSelex_poorrec_25_yrfwd",19,2274.84,1307.9,0.139546,0.03,1131.3335,2.01075986877433,0.214982873031115,1886.1,1301.28,0.139633,0.036,1125.6072,1.67562894053983,0.25781871047675,"HRFSelex_poorrec_25_yrfwd-19","HRFSelex_poorrec_25_yrfwd",0.2,-0.00506154904809239,0.199252325739617,0.000623450331790261,-0.170886743683072,-0.00506154904809245,-0.166668796925405
"431","HRFSelex_poorrec_25_yrfwd",2,2082.55,1307.9,0.139546,0.032,1131.3335,1.84079230394928,0.229315064566523,2336.43,1317.62,0.139616,0.028,1139.7413,2.04996519824279,0.200550080220032,"HRFSelex_poorrec_25_yrfwd-2","HRFSelex_poorrec_25_yrfwd",-0.125,0.00743176083798451,-0.125438703300481,0.000501626703739174,0.121908237497299,0.0074317608379844,0.113631990879554
"432","HRFSelex_poorrec_25_yrfwd",20,2155.85,1307.9,0.139546,0.036,1131.3335,1.90558310171139,0.257979447637338,2364.13,1295.74,0.139574,0.033,1120.8151,2.10929527983697,0.236433719747231,"HRFSelex_poorrec_25_yrfwd-20","HRFSelex_poorrec_25_yrfwd",-0.0833333333333332,-0.00929734689196416,-0.08351722622647,0.000200650681495709,0.0966115453301483,-0.00929734689196428,0.106902804680955
"433","HRFSelex_poorrec_25_yrfwd",21,2158.18,1307.9,0.139546,0.034,1131.3335,1.90764261820232,0.243647256101931,2553.86,1318.21,0.139619,0.028,1140.25165,2.23973365879365,0.200545770991054,"HRFSelex_poorrec_25_yrfwd-21","HRFSelex_poorrec_25_yrfwd",-0.176470588235294,0.0078828656625124,-0.176901171802422,0.000523124991042307,0.183339665829542,0.00788286566251238,0.174084515318847
"434","HRFSelex_poorrec_25_yrfwd",22,2093.18,1307.9,0.139546,0.038,1131.3335,1.85018829549377,0.272311639172746,2437.09,1310.83,0.139577,0.033,1133.86795,2.14935963222172,0.23642863795611,"HRFSelex_poorrec_25_yrfwd-22","HRFSelex_poorrec_25_yrfwd",-0.131578947368421,0.00224023243367219,-0.131771823362543,0.000222148968798842,0.164300251292292,0.00224023243367217,0.161697778251329
"435","HRFSelex_poorrec_25_yrfwd",23,2093.66,1307.9,0.139546,0.03,1131.3335,1.85061257356916,0.214982873031115,2829.28,1308.09,0.139602,0.022,1131.49785,2.5004731560029,0.15759086546038,"HRFSelex_poorrec_25_yrfwd-23","HRFSelex_poorrec_25_yrfwd",-0.266666666666667,0.000145271045186952,-0.266960836282193,0.000401301362991419,0.351355998586208,0.000145271045186809,0.351159714202311
"436","HRFSelex_poorrec_25_yrfwd",26,2126.35,1307.9,0.139546,0.034,1131.3335,1.87950767832827,0.243647256101931,2001.36,1294.8,0.139573,0.036,1120.002,1.78692538049039,0.25792954224671,"HRFSelex_poorrec_25_yrfwd-26","HRFSelex_poorrec_25_yrfwd",0.0588235294117646,-0.0100160562734154,0.0586187030105688,0.000193484585727998,-0.0587814800009406,-0.0100160562734155,-0.0492588026669989
"437","HRFSelex_poorrec_25_yrfwd",27,2172.38,1307.9,0.139546,0.04,1131.3335,1.9201941779325,0.286643830708154,2799.86,1313.39,0.139577,0.031,1136.08235,2.46448683935632,0.222099629595134,"HRFSelex_poorrec_25_yrfwd-27","HRFSelex_poorrec_25_yrfwd",-0.225,0.00419756862145439,-0.225172127212936,0.000222148968798842,0.28884449313656,0.00419756862145425,0.283457093912171
"438","HRFSelex_poorrec_25_yrfwd",28,2201.5,1307.9,0.139546,0.036,1131.3335,1.94593371450593,0.257979447637338,2342.63,1302.93,0.139648,0.034,1127.03445,2.07857887573889,0.243469294225481,"HRFSelex_poorrec_25_yrfwd-28","HRFSelex_poorrec_25_yrfwd",-0.0555555555555554,-0.0037999847083109,-0.0562453852225276,0.000730941768305727,0.0641062911651148,-0.00379998470831105,0.0681653029823962
"439","HRFSelex_poorrec_25_yrfwd",29,2260.79,1307.9,0.139546,0.032,1131.3335,1.99834089594271,0.229315064566523,2570.19,1301.09,0.139584,0.028,1125.44285,2.28371436186209,0.200596056854654,"HRFSelex_poorrec_25_yrfwd-29","HRFSelex_poorrec_25_yrfwd",-0.125,-0.00520682009327935,-0.125238207817515,0.000272311639172819,0.136854816236802,-0.00520682009327943,0.142805197300812
"440","HRFSelex_poorrec_25_yrfwd",3,2043.05,1307.9,0.139546,0.03,1131.3335,1.80587775399562,0.214982873031115,2510.81,1298.47,0.139573,0.025,1123.17655,2.23545443501291,0.179117737671326,"HRFSelex_poorrec_25_yrfwd-3","HRFSelex_poorrec_25_yrfwd",-0.166666666666667,-0.00721003134796243,-0.166827872630571,0.000193484585727998,0.228951812241502,-0.00721003134796243,0.237876943811301
"441","HRFSelex_poorrec_25_yrfwd",30,2216.7,1307.9,0.139546,0.034,1131.3335,1.95936918689317,0.243647256101931,2536.39,1282.92,0.139586,0.03,1109.7258,2.28560064116739,0.214921267175791,"HRFSelex_poorrec_25_yrfwd-30","HRFSelex_poorrec_25_yrfwd",-0.11764705882353,-0.0190993195198408,-0.117899907373148,0.000286643830708042,0.144218883926558,-0.019099319519841,0.16649820587998
"442","HRFSelex_poorrec_25_yrfwd",31,2199.6,1307.9,0.139546,0.031,1131.3335,1.94425428045753,0.222148968798819,1926.13,1301.52,0.139615,0.035,1125.8148,1.71087642479029,0.250689395838556,"HRFSelex_poorrec_25_yrfwd-31","HRFSelex_poorrec_25_yrfwd",0.129032258064516,-0.00487804878048788,0.128474271989908,0.000494460607971463,-0.12432715039098,-0.00487804878048789,-0.120034636422308
"443","HRFSelex_poorrec_25_yrfwd",33,2217.43,1307.9,0.139546,0.032,1131.3335,1.96001444313282,0.229315064566523,2046.37,1290.84,0.139594,0.035,1116.5766,1.83271797026733,0.250727108614983,"HRFSelex_poorrec_25_yrfwd-33","HRFSelex_poorrec_25_yrfwd",0.0937500000000001,-0.0130438106888907,0.0933739093370777,0.000343972596849731,-0.0771433596550962,-0.0130438106888907,-0.0649467014447183
"444","HRFSelex_poorrec_25_yrfwd",35,2058.1,1307.9,0.139546,0.034,1131.3335,1.81918063948429,0.243647256101931,2551.42,1317.03,0.139622,0.027,1139.23095,2.23959856427707,0.193379266877713,"HRFSelex_poorrec_25_yrfwd-35","HRFSelex_poorrec_25_yrfwd",-0.205882352941177,0.00698065601345663,-0.206314612478903,0.00054462327834544,0.23969680773529,0.0069806560134566,0.231102901860235
"445","HRFSelex_poorrec_25_yrfwd",36,2208.51,1307.9,0.139546,0.035,1131.3335,1.95212994223189,0.250813351869634,2142.21,1306.3,0.139611,0.036,1129.9495,1.89584578779848,0.257859337731268,"HRFSelex_poorrec_25_yrfwd-36","HRFSelex_poorrec_25_yrfwd",0.0285714285714284,-0.00122333511736373,0.0280925469442133,0.000465796224900818,-0.0300202398902428,-0.00122333511736382,-0.0288321761865181
"446","HRFSelex_poorrec_25_yrfwd",38,2080.22,1307.9,0.139546,0.038,1131.3335,1.83873278745834,0.272311639172746,2434.24,1290.68,0.139605,0.032,1116.4382,2.18036251357218,0.229218151212349,"HRFSelex_poorrec_25_yrfwd-38","HRFSelex_poorrec_25_yrfwd",-0.157894736842105,-0.0131661442006269,-0.158250628182145,0.000422799650294552,0.170183922854313,-0.013166144200627,0.185796287771684
"447","HRFSelex_poorrec_25_yrfwd",4,2205.69,1307.9,0.139546,0.036,1131.3335,1.94963730853899,0.257979447637338,2351.33,1315.53,0.139575,0.034,1137.93345,2.06631591680515,0.243596632634784,"HRFSelex_poorrec_25_yrfwd-4","HRFSelex_poorrec_25_yrfwd",-0.0555555555555554,0.00583377934092824,-0.055751786176289,0.00020781677726342,0.0660292244150356,0.00583377934092811,0.059846314878737
"448","HRFSelex_poorrec_25_yrfwd",40,2090.37,1307.9,0.139546,0.033,1131.3335,1.84770450092745,0.236481160334227,1966.4,1305.36,0.139585,0.035,1129.1364,1.74150793473667,0.250743274707168,"HRFSelex_poorrec_25_yrfwd-40","HRFSelex_poorrec_25_yrfwd",0.0606060606060607,-0.00194204449881497,0.0603097276450432,0.000279477734940331,-0.0593052904509727,-0.00194204449881504,-0.0574748646969626
"449","HRFSelex_poorrec_25_yrfwd",41,2261.76,1307.9,0.139546,0.039,1131.3335,1.99919829122005,0.27947773494045,2328,1319.2,0.139627,0.038,1141.108,2.04012240734444,0.272153666554463,"HRFSelex_poorrec_25_yrfwd-41","HRFSelex_poorrec_25_yrfwd",-0.0256410256410257,0.00863980426638121,-0.0262062678715619,0.000580453757183995,0.0292869269949065,0.00863980426638119,0.0204702636572454
"450","HRFSelex_poorrec_25_yrfwd",42,2210.82,1307.9,0.139546,0.03,1131.3335,1.95417178046968,0.214982873031115,1928.5,1295.96,0.139604,0.034,1121.0054,1.72033069599843,0.243546030199708,"HRFSelex_poorrec_25_yrfwd-42","HRFSelex_poorrec_25_yrfwd",0.133333333333333,-0.00912913831332666,0.132862477674947,0.000415633554526841,-0.127699224722049,-0.00912913831332675,-0.11966250193985
"451","HRFSelex_poorrec_25_yrfwd",43,1998.44,1307.9,0.139546,0.036,1131.3335,1.76644641036441,0.257979447637338,2162.93,1308.96,0.139559,0.034,1132.2504,1.91029298819413,0.243624560221842,"HRFSelex_poorrec_25_yrfwd-43","HRFSelex_poorrec_25_yrfwd",-0.0555555555555554,0.000810459515253609,-0.055643531091191,9.31592449800442e-05,0.0823092011769179,0.000810459515253418,0.0814327437196635
"452","HRFSelex_poorrec_25_yrfwd",44,2175.42,1307.9,0.139546,0.03,1131.3335,1.92288127240995,0.214982873031115,2089.72,1317.32,0.139597,0.031,1139.4818,1.83392134916064,0.222067809480146,"HRFSelex_poorrec_25_yrfwd-44","HRFSelex_poorrec_25_yrfwd",0.0333333333333334,0.00720238550347892,0.0329558180572171,0.000365470884152864,-0.0393946915997832,0.00720238550347874,-0.046263866898974
"453","HRFSelex_poorrec_25_yrfwd",47,2063.72,1307.9,0.139546,0.033,1131.3335,1.82414822861694,0.236481160334227,2110.27,1311.59,0.139602,0.032,1134.52535,1.8600465824761,0.22922307703328,"HRFSelex_poorrec_25_yrfwd-47","HRFSelex_poorrec_25_yrfwd",-0.0303030303030303,0.00282131661442,-0.030692014918602,0.000401301362991419,0.0225563545442212,0.00282131661441993,0.0196795157849534
"454","HRFSelex_poorrec_25_yrfwd",48,2121.89,1307.9,0.139546,0.033,1131.3335,1.87556542787781,0.236481160334227,2379.47,1289.58,0.139593,0.03,1115.4867,2.13312269881837,0.214910489781006,"HRFSelex_poorrec_25_yrfwd-48","HRFSelex_poorrec_25_yrfwd",-0.090909090909091,-0.0140071870938145,-0.0912151755460518,0.00033680650108202,0.121391778084632,-0.0140071870938146,0.137322466661154
"455","HRFSelex_poorrec_25_yrfwd",49,2094.55,1307.9,0.139546,0.033,1131.3335,1.85139925583393,0.236481160334227,2363.88,1336.7,0.139612,0.029,1156.2455,2.04444471351456,0.207718534223419,"HRFSelex_poorrec_25_yrfwd-49","HRFSelex_poorrec_25_yrfwd",-0.121212121212121,0.0220200321125469,-0.121627558280568,0.000472962320668529,0.128586092478098,0.0220200321125468,0.104270030935965
"456","HRFSelex_poorrec_25_yrfwd",5,2165.77,1307.9,0.139546,0.037,1131.3335,1.91435151526937,0.265145543405042,2503.58,1303.72,0.139617,0.032,1127.7178,2.22004121953205,0.229198450045482,"HRFSelex_poorrec_25_yrfwd-5","HRFSelex_poorrec_25_yrfwd",-0.135135135135135,-0.00319596299411255,-0.135574948377114,0.000508792799506885,0.155976858115128,-0.00319596299411275,0.159683162587653
"457","HRFSelex_poorrec_25_yrfwd",50,2099.87,1307.9,0.139546,0.034,1131.3335,1.85610167116947,0.243647256101931,2419.75,1291.11,0.139609,0.03,1116.81015,2.16666189862261,0.214885859794139,"HRFSelex_poorrec_25_yrfwd-50","HRFSelex_poorrec_25_yrfwd",-0.11764705882353,-0.0128373728878356,-0.118045229681383,0.000451464033365396,0.152333239676742,-0.0128373728878356,0.167318543093316
"458","HRFSelex_poorrec_25_yrfwd",51,2078.43,1307.9,0.139546,0.041,1131.3335,1.83715058380221,0.293809926475857,2305.22,1290.13,0.139574,0.037,1115.96245,2.06567882279552,0.265092352443865,"HRFSelex_poorrec_25_yrfwd-51","HRFSelex_poorrec_25_yrfwd",-0.0975609756097562,-0.0135866656472207,-0.0977420142894739,0.000200650681495709,0.109116015453972,-0.0135866656472207,0.12439276399452
"459","HRFSelex_poorrec_25_yrfwd",52,2105.81,1307.9,0.139546,0.034,1131.3335,1.86135211235237,0.243647256101931,2574.53,1295.33,0.139606,0.028,1120.46045,2.29774286098184,0.200564445654198,"HRFSelex_poorrec_25_yrfwd-52","HRFSelex_poorrec_25_yrfwd",-0.176470588235294,-0.0096108265157886,-0.176824525492331,0.000429965746062263,0.222584183758269,-0.00961082651578879,0.234448251748543
"460","HRFSelex_poorrec_25_yrfwd",54,2035.92,1307.9,0.139546,0.029,1131.3335,1.79957545675082,0.207816777263411,2066.47,1325.81,0.13958,0.029,1146.82565,1.80190423888758,0.207766155609686,"HRFSelex_poorrec_25_yrfwd-54","HRFSelex_poorrec_25_yrfwd",0,0.0136937074699901,-0.000243587906576928,0.000243647256101975,0.0150055011984752,0.0136937074699899,0.00129407307041414
"461","HRFSelex_poorrec_25_yrfwd",55,2084.06,1307.9,0.139546,0.037,1131.3335,1.84212701206143,0.265145543405042,2285.85,1304.65,0.139579,0.034,1128.52225,2.02552497303443,0.243589651738442,"HRFSelex_poorrec_25_yrfwd-55","HRFSelex_poorrec_25_yrfwd",-0.081081081081081,-0.00248489945714502,-0.0812983367164153,0.000236481160334264,0.0968254272909609,-0.00248489945714504,0.0995577176666905
"462","HRFSelex_poorrec_25_yrfwd",56,2120,1307.9,0.139546,0.032,1131.3335,1.87389483295598,0.229315064566523,2422.97,1288.23,0.139638,0.028,1114.31895,2.1743954008859,0.200518483507355,"HRFSelex_poorrec_25_yrfwd-56","HRFSelex_poorrec_25_yrfwd",-0.125,-0.01503937609909,-0.125576490640084,0.000659280810628816,0.14291037735849,-0.0150393760990902,0.160361490220822
"463","HRFSelex_poorrec_25_yrfwd",57,2056.76,1307.9,0.139546,0.031,1131.3335,1.81799619652384,0.222148968798819,1882.18,1302.27,0.139605,0.034,1126.46355,1.67087519165622,0.243544285663121,"HRFSelex_poorrec_25_yrfwd-57","HRFSelex_poorrec_25_yrfwd",0.0967741935483872,-0.00430461044422358,0.0963106737788993,0.000422799650294552,-0.084881075088975,-0.00430461044422365,-0.0809248144462134
"464","HRFSelex_poorrec_25_yrfwd",58,2098.21,1307.9,0.139546,0.035,1131.3335,1.85463437615875,0.250813351869634,2640.46,1314.62,0.139579,0.028,1137.1463,2.32200553262144,0.200603242608129,"HRFSelex_poorrec_25_yrfwd-58","HRFSelex_poorrec_25_yrfwd",-0.2,0.00513800749292753,-0.200189140200173,0.000236481160334264,0.258434570419548,0.00513800749292744,0.252001775913745
"465","HRFSelex_poorrec_25_yrfwd",59,2022.85,1307.9,0.139546,0.031,1131.3335,1.78802271832311,0.222148968798819,2192.14,1313.97,0.139621,0.028,1136.58405,1.92870909986815,0.200542898274615,"HRFSelex_poorrec_25_yrfwd-59","HRFSelex_poorrec_25_yrfwd",-0.0967741935483871,0.00464102760149856,-0.0972593779796966,0.000537457182577729,0.0836888548335269,0.00464102760149854,0.0786826588405898
"466","HRFSelex_poorrec_25_yrfwd",6,2091.93,1307.9,0.139546,0.037,1131.3335,1.84908340467245,0.265145543405042,2484.36,1309.08,0.139589,0.032,1132.3542,2.19397782072076,0.229244424703952,"HRFSelex_poorrec_25_yrfwd-6","HRFSelex_poorrec_25_yrfwd",-0.135135135135135,0.000902209649055768,-0.135401554331413,0.000308142118011175,0.187592319054653,0.000902209649055613,0.186521827612965
"467","HRFSelex_poorrec_25_yrfwd",60,2086.57,1307.9,0.139546,0.038,1131.3335,1.84434563283064,0.272311639172746,2773.45,1301.3,0.139617,0.029,1125.6245,2.46392113888779,0.207711095353718,"HRFSelex_poorrec_25_yrfwd-60","HRFSelex_poorrec_25_yrfwd",-0.236842105263158,-0.00504625735912537,-0.237230197046582,0.000508792799506885,0.3291909689107,-0.00504625735912542,0.335932427755556
"468","HRFSelex_poorrec_25_yrfwd",61,2091.05,1307.9,0.139546,0.027,1131.3335,1.84830556153424,0.193484585728004,2793.34,1298.99,0.139603,0.02,1123.62635,2.48600435545144,0.143263396918404,"HRFSelex_poorrec_25_yrfwd-61","HRFSelex_poorrec_25_yrfwd",-0.259259259259259,-0.00681244743481914,-0.259561704208309,0.00040846745875913,0.335855192367471,-0.00681244743481924,0.345018057180898
"469","HRFSelex_poorrec_25_yrfwd",63,2214.84,1307.9,0.139546,0.036,1131.3335,1.95772510935104,0.257979447637338,2655.64,1301.08,0.139557,0.03,1125.4342,2.35965816571062,0.214965927900428,"HRFSelex_poorrec_25_yrfwd-63","HRFSelex_poorrec_25_yrfwd",-0.166666666666667,-0.00521446593776286,-0.166732350700192,7.88270534446222e-05,0.199021148254501,-0.00521446593776295,0.205306176255159
"470","HRFSelex_poorrec_25_yrfwd",64,2094.98,1307.9,0.139546,0.03,1131.3335,1.85177933827647,0.214982873031115,2032.17,1312.22,0.139584,0.031,1135.0703,1.79034725866759,0.222088491517652,"HRFSelex_poorrec_25_yrfwd-64","HRFSelex_poorrec_25_yrfwd",0.0333333333333334,0.00330300481688214,0.0330520212440775,0.000272311639172819,-0.029981193137882,0.00330300481688198,-0.0331746220184389
"471","HRFSelex_poorrec_25_yrfwd",65,2227.37,1307.9,0.139546,0.031,1131.3335,1.96880053494394,0.222148968798819,3010.27,1310.99,0.139558,0.024,1134.00635,2.65454421838114,0.171971510053168,"HRFSelex_poorrec_25_yrfwd-65","HRFSelex_poorrec_25_yrfwd",-0.225806451612903,0.0023625659454086,-0.225873021229698,8.59931492123332e-05,0.351490771627525,0.00236256594540861,0.348305311414763
"472","HRFSelex_poorrec_25_yrfwd",66,2106.49,1307.9,0.139546,0.033,1131.3335,1.86195317295917,0.236481160334227,2356.78,1278.91,0.139604,0.03,1106.25715,2.13040882944802,0.214893556058566,"HRFSelex_poorrec_25_yrfwd-66","HRFSelex_poorrec_25_yrfwd",-0.090909090909091,-0.0221653031577336,-0.0912867826136788,0.000415633554526841,0.118818508514164,-0.0221653031577338,0.144179596129262
"473","HRFSelex_poorrec_25_yrfwd",69,2061.17,1307.9,0.139546,0.034,1131.3335,1.82189425134145,0.243647256101931,2564.7,1301.27,0.139569,0.028,1125.59855,2.27852105886242,0.200617615659638,"HRFSelex_poorrec_25_yrfwd-69","HRFSelex_poorrec_25_yrfwd",-0.176470588235294,-0.00506919489257591,-0.17660630015177,0.000164820202657154,0.244293289733501,-0.00506919489257597,0.25063299210959
"474","HRFSelex_poorrec_25_yrfwd",70,1966.96,1307.9,0.139546,0.035,1131.3335,1.73862083992032,0.250813351869634,2201.38,1293.71,0.139638,0.03,1119.05915,1.96717036807214,0.214841232329309,"HRFSelex_poorrec_25_yrfwd-70","HRFSelex_poorrec_25_yrfwd",-0.142857142857143,-0.0108494533221194,-0.143421868382123,0.000659280810628816,0.119178834343352,-0.0108494533221195,0.131454497095694
"475","HRFSelex_poorrec_25_yrfwd",71,2083.74,1307.9,0.139546,0.031,1131.3335,1.84184416001117,0.222148968798819,2000.8,1290.41,0.139652,0.032,1116.20465,1.79250283538955,0.229141007647581,"HRFSelex_poorrec_25_yrfwd-71","HRFSelex_poorrec_25_yrfwd",0.0322580645161291,-0.0133725820016819,0.0314745501028826,0.000759606151376571,-0.0398034303703916,-0.0133725820016821,-0.0267890876399248
"476","HRFSelex_poorrec_25_yrfwd",72,2263.29,1307.9,0.139546,0.032,1131.3335,2.00055067758535,0.229315064566523,2495.96,1297.71,0.139612,0.029,1122.51915,2.22353444927866,0.207718534223419,"HRFSelex_poorrec_25_yrfwd-72","HRFSelex_poorrec_25_yrfwd",-0.09375,-0.00779111552871004,-0.0941784194768358,0.000472962320668529,0.102801673669746,-0.00779111552871019,0.111461196255451
"477","HRFSelex_poorrec_25_yrfwd",73,2112.12,1307.9,0.139546,0.03,1131.3335,1.86692960121839,0.214982873031115,2064.16,1319.12,0.13962,0.031,1141.0388,1.80901823846832,0.22203122761782,"HRFSelex_poorrec_25_yrfwd-73","HRFSelex_poorrec_25_yrfwd",0.0333333333333334,0.00857863751051291,0.0327856563052094,0.000530291086810018,-0.0227070431604265,0.00857863751051288,-0.0310195749814435
"478","HRFSelex_poorrec_25_yrfwd",74,1994.64,1307.9,0.139546,0.026,1131.3335,1.7630875422676,0.1863184899603,2365,1296.58,0.139618,0.022,1121.5417,2.10870447349394,0.157572805798679,"HRFSelex_poorrec_25_yrfwd-74","HRFSelex_poorrec_25_yrfwd",-0.153846153846154,-0.00865509595534824,-0.154282509308366,0.000515958895274596,0.185677616010909,-0.00865509595534839,0.196029364929791
"479","HRFSelex_poorrec_25_yrfwd",75,2124.43,1307.9,0.139546,0.032,1131.3335,1.87781056602673,0.229315064566523,2372.02,1313.65,0.139588,0.029,1136.30725,2.08748118081619,0.207754248216179,"HRFSelex_poorrec_25_yrfwd-75","HRFSelex_poorrec_25_yrfwd",-0.09375,0.00439636057802594,-0.0940226774507836,0.000300976022243464,0.116544202444891,0.00439636057802584,0.111656957620122
"480","HRFSelex_poorrec_25_yrfwd",76,2052.09,1307.9,0.139546,0.028,1131.3335,1.81386832441539,0.200650681495708,2194.24,1314.52,0.139597,0.026,1137.0598,1.92974898945508,0.186250420854316,"HRFSelex_poorrec_25_yrfwd-76","HRFSelex_poorrec_25_yrfwd",-0.0714285714285715,0.00506154904809239,-0.0717678132665561,0.000365470884152864,0.0692708409475216,0.00506154904809228,0.0638859301305902
"481","HRFSelex_poorrec_25_yrfwd",77,2122.04,1307.9,0.139546,0.036,1131.3335,1.87569801477637,0.257979447637338,2643.55,1337.39,0.139609,0.029,1156.84235,2.28514282866633,0.207722997801001,"HRFSelex_poorrec_25_yrfwd-77","HRFSelex_poorrec_25_yrfwd",-0.194444444444444,0.0225475953819101,-0.194807959690596,0.000451464033365396,0.245758798137641,0.0225475953819099,0.218289303856183
"482","HRFSelex_poorrec_25_yrfwd",78,2196.54,1307.9,0.139546,0.035,1131.3335,1.94154950772694,0.250813351869634,2175.65,1313.07,0.139606,0.035,1135.80555,1.9155127389543,0.250705557067748,"HRFSelex_poorrec_25_yrfwd-78","HRFSelex_poorrec_25_yrfwd",0,0.00395290159798157,-0.000429780954973164,0.000429965746062263,-0.00951041182951363,0.00395290159798138,-0.0134103038161111
"483","HRFSelex_poorrec_25_yrfwd",79,2121.89,1307.9,0.139546,0.034,1131.3335,1.87556542787781,0.243647256101931,2954.03,1328.49,0.139579,0.024,1149.14385,2.57063552139273,0.171945636521253,"HRFSelex_poorrec_25_yrfwd-79","HRFSelex_poorrec_25_yrfwd",-0.294117647058824,0.0157427937915743,-0.294284535470741,0.000236481160334264,0.392169245342596,0.0157427937915742,0.370592293493802
"484","HRFSelex_poorrec_25_yrfwd",80,2153.11,1307.9,0.139546,0.031,1131.3335,1.90316118103106,0.222148968798819,2537.84,1285.39,0.139592,0.027,1111.86235,2.28251275888603,0.19342082640839,"HRFSelex_poorrec_25_yrfwd-80","HRFSelex_poorrec_25_yrfwd",-0.129032258064516,-0.0172107959324106,-0.12931926961338,0.000329640405314309,0.178685715081905,-0.0172107959324107,0.199327088864565
"485","HRFSelex_poorrec_25_yrfwd",81,2138.64,1307.9,0.139546,0.035,1131.3335,1.89037096488348,0.250813351869634,2864.22,1313.34,0.139617,0.026,1136.0391,2.5212336441589,0.186223740661954,"HRFSelex_poorrec_25_yrfwd-81","HRFSelex_poorrec_25_yrfwd",-0.257142857142857,0.00415933939903663,-0.257520625302486,0.000508792799506885,0.339271686679385,0.00415933939903649,0.333724274755941
"486","HRFSelex_poorrec_25_yrfwd",82,2033.81,1307.9,0.139546,0.027,1131.3335,1.79771040104443,0.193484585728004,2722.35,1300.59,0.139613,0.02,1125.01035,2.41984440409815,0.143253135453002,"HRFSelex_poorrec_25_yrfwd-82","HRFSelex_poorrec_25_yrfwd",-0.259259259259259,-0.00558911231745541,-0.25961473926205,0.000480128416436041,0.338546865243066,-0.0055891123174556,0.34607020279366
"487","HRFSelex_poorrec_25_yrfwd",83,2111.59,1307.9,0.139546,0.035,1131.3335,1.86646112751015,0.250813351869634,2487.17,1305.01,0.139581,0.029,1128.83365,2.20330958418895,0.207764667110853,"HRFSelex_poorrec_25_yrfwd-83","HRFSelex_poorrec_25_yrfwd",-0.171428571428571,-0.00220964905573814,-0.171636336095682,0.000250813351869686,0.17786596829877,-0.00220964905573828,0.180474402447461
"488","HRFSelex_poorrec_25_yrfwd",84,2071.5,1307.9,0.139546,0.032,1131.3335,1.83102506908882,0.229315064566523,1967.16,1306.05,0.139596,0.033,1129.73325,1.74126060289011,0.236396458351242,"HRFSelex_poorrec_25_yrfwd-84","HRFSelex_poorrec_25_yrfwd",0.03125,-0.00141448122945176,0.0308806305338263,0.000358304788385153,-0.0503692976104272,-0.0014144812294519,-0.0490241601352764
"489","HRFSelex_poorrec_25_yrfwd",85,2241.8,1307.9,0.139546,0.032,1131.3335,1.98155539458524,0.229315064566523,2044.61,1284.38,0.139609,0.035,1110.9887,1.84035175155247,0.250700169759829,"HRFSelex_poorrec_25_yrfwd-85","HRFSelex_poorrec_25_yrfwd",0.0937500000000001,-0.0179830262252464,0.0932564340407853,0.000451464033365396,-0.0879605674011956,-0.0179830262252466,-0.0712589935252993
"490","HRFSelex_poorrec_25_yrfwd",86,2126.46,1307.9,0.139546,0.04,1131.3335,1.87960490872055,0.286643830708154,2867.71,1317.35,0.139545,0.03,1139.50775,2.51662176058039,0.214984413630012,"HRFSelex_poorrec_25_yrfwd-86","HRFSelex_poorrec_25_yrfwd",-0.25,0.00722532303692945,-0.249994625389659,-7.16609576771101e-06,0.34858403167706,0.00722532303692929,0.338909974593256
"491","HRFSelex_poorrec_25_yrfwd",87,2205.34,1307.9,0.139546,0.026,1131.3335,1.94932793910903,0.1863184899603,2809.33,1321.52,0.139611,0.02,1143.1148,2.45760968189722,0.143255187628482,"HRFSelex_poorrec_25_yrfwd-87","HRFSelex_poorrec_25_yrfwd",-0.230769230769231,0.0104136401865587,-0.231127368738302,0.000465796224900818,0.273876137012887,0.0104136401865585,0.260747169622219
"492","HRFSelex_poorrec_25_yrfwd",88,2226.64,1307.9,0.139546,0.035,1131.3335,1.96815527870429,0.250813351869634,2201.06,1310.07,0.139619,0.035,1133.21055,1.94232219246459,0.250682213738818,"HRFSelex_poorrec_25_yrfwd-88","HRFSelex_poorrec_25_yrfwd",0,0.00165914825292458,-0.000522851474369342,0.000523124991042307,-0.0114881615348686,0.00165914825292442,-0.0131255325833388
"493","HRFSelex_poorrec_25_yrfwd",89,2119.09,1307.9,0.139546,0.034,1131.3335,1.87309047243806,0.243647256101931,1888.7,1293.31,0.13957,0.039,1118.71315,1.68827907314757,0.279429676864656,"HRFSelex_poorrec_25_yrfwd-89","HRFSelex_poorrec_25_yrfwd",0.147058823529412,-0.0111552871014603,0.146861579051625,0.000171986298424865,-0.10872119636259,-0.0111552871014605,-0.0986665630998221
"494","HRFSelex_poorrec_25_yrfwd",9,2044.35,1307.9,0.139546,0.034,1131.3335,1.80702684044979,0.243647256101931,1975.5,1322.43,0.1396,0.035,1143.90195,1.72698368072543,0.250716332378223,"HRFSelex_poorrec_25_yrfwd-9","HRFSelex_poorrec_25_yrfwd",0.0294117647058824,0.0111094120345592,0.0290135681779875,0.000386969171455997,-0.0336781862205591,0.0111094120345592,-0.0442955012801201
"495","HRFSelex_poorrec_25_yrfwd",90,2074.04,1307.9,0.139546,0.033,1131.3335,1.83327020723774,0.236481160334227,2081.45,1296.08,0.139624,0.033,1121.1092,1.85659880411293,0.236349051738956,"HRFSelex_poorrec_25_yrfwd-90","HRFSelex_poorrec_25_yrfwd",0,-0.0090373881795245,-0.000558643213201189,0.000558955469880862,0.00357273726639788,-0.00903738817952455,0.0127251273615224
"496","HRFSelex_poorrec_25_yrfwd",91,2060.47,1307.9,0.139546,0.03,1131.3335,1.82127551248151,0.214982873031115,2355.93,1324.55,0.139591,0.026,1145.73575,2.05625948217117,0.186258426402848,"HRFSelex_poorrec_25_yrfwd-91","HRFSelex_poorrec_25_yrfwd",-0.133333333333333,0.0127303310650662,-0.133612720972938,0.000322474309546598,0.143394468252389,0.012730331065066,0.129021648882488
"497","HRFSelex_poorrec_25_yrfwd",93,2250.6,1307.9,0.139546,0.034,1131.3335,1.98933382596732,0.243647256101931,2701.32,1295.54,0.139587,0.029,1120.6421,2.41051090263341,0.207755736565726,"HRFSelex_poorrec_25_yrfwd-93","HRFSelex_poorrec_25_yrfwd",-0.147058823529412,-0.00945026378163462,-0.147309352505859,0.000293809926475753,0.200266595574514,-0.00945026378163478,0.211717646967216
"498","HRFSelex_poorrec_25_yrfwd",95,2068.63,1307.9,0.139546,0.034,1131.3335,1.82848823976308,0.243647256101931,1959.24,1293.82,0.13957,0.036,1119.1543,1.75064332058591,0.257935086336605,"HRFSelex_poorrec_25_yrfwd-95","HRFSelex_poorrec_25_yrfwd",0.0588235294117646,-0.0107653490328007,0.0586414575861153,0.000171986298424865,-0.0528804087729561,-0.0107653490328008,-0.0425733770030987
"499","HRFSelex_poorrec_25_yrfwd",97,2124.95,1307.9,0.139546,0.031,1131.3335,1.8782702006084,0.222148968798819,2207.92,1289.67,0.139611,0.03,1115.56455,1.97919519762438,0.214882781442723,"HRFSelex_poorrec_25_yrfwd-97","HRFSelex_poorrec_25_yrfwd",-0.0322580645161291,-0.0139383744934627,-0.0327086251868961,0.000465796224900818,0.039045624602932,-0.0139383744934628,0.0537329490630741
"500","HRFSelex_poorrec_25_yrfwd",99,2131.56,1307.9,0.139546,0.026,1131.3335,1.88411286327153,0.1863184899603,2243.62,1300.66,0.139665,0.025,1125.0709,1.99420320977105,0.178999749400351,"HRFSelex_poorrec_25_yrfwd-99","HRFSelex_poorrec_25_yrfwd",-0.0384615384615384,-0.00553559140607062,-0.0392808065453324,0.000852765396356814,0.0525718253298054,-0.00553559140607081,0.0584308661363094
"501","IRF_poorrec_25_yrfwd",1,2288.67,1307.9,0.139546,0.033,1131.3335,2.02298438082139,0.236481160334227,2183.31,1272.28,0.139744,0.035,1100.5222,1.98388546818956,0.250457980306847,"IRF_poorrec_25_yrfwd-1","IRF_poorrec_25_yrfwd",0.0606060606060607,-0.0272344980503097,0.0591033127242194,0.00141888696200539,-0.0460354703823619,-0.0272344980503097,-0.0193273428121884
"502","IRF_poorrec_25_yrfwd",10,2204.34,1307.9,0.139546,0.036,1131.3335,1.94844402645197,0.257979447637338,2495.01,1285.63,0.139827,0.032,1112.06995,2.24357289755019,0.22885422700909,"IRF_poorrec_25_yrfwd-10","IRF_poorrec_25_yrfwd",-0.111111111111111,-0.0170272956648061,-0.112897445494154,0.0020136729107248,0.131862598328751,-0.0170272956648062,0.151469001465565
"503","IRF_poorrec_25_yrfwd",100,2050.51,1307.9,0.139546,0.038,1131.3335,1.81247174241724,0.272311639172746,2409.12,1276.67,0.139564,0.033,1104.31955,2.18154247110811,0.236450660628815,"IRF_poorrec_25_yrfwd-100","IRF_poorrec_25_yrfwd",-0.131578947368421,-0.0238779723220428,-0.131690950312929,0.000128989723818599,0.174888198545727,-0.023877972322043,0.203628404268885
"504","IRF_poorrec_25_yrfwd",103,1974.34,1307.9,0.139546,0.041,1131.3335,1.74514411532939,0.293809926475857,2073.71,1318.74,0.139541,0.039,1140.7101,1.81791149214862,0.27948774912033,"IRF_poorrec_25_yrfwd-103","IRF_poorrec_25_yrfwd",-0.0487804878048781,0.0082880954201392,-0.048746403933034,-3.5830478838555e-05,0.0503307434383136,0.00828809542013909,0.0416970588159685
"505","IRF_poorrec_25_yrfwd",104,2077.73,1307.9,0.139546,0.036,1131.3335,1.83653184494227,0.257979447637338,1747.35,1298.36,0.13975,0.043,1123.0814,1.55585338694061,0.307692307692308,"IRF_poorrec_25_yrfwd-104","IRF_poorrec_25_yrfwd",0.194444444444444,-0.00729413563728127,0.192700854700855,0.00146188353661165,-0.159010073493669,-0.00729413563728128,-0.152830705753696
"506","IRF_poorrec_25_yrfwd",106,1984.86,1307.9,0.139546,0.035,1131.3335,1.7544428764816,0.250813351869634,2299.32,1288.25,0.139701,0.03,1114.33625,2.06339872726926,0.214744346855069,"IRF_poorrec_25_yrfwd-106","IRF_poorrec_25_yrfwd",-0.142857142857143,-0.015024084410123,-0.143808153536072,0.00111074484399401,0.15842930987576,-0.0150240844101232,0.176099122364841
"507","IRF_poorrec_25_yrfwd",107,2267.21,1307.9,0.139546,0.035,1131.3335,2.004015615201,0.250813351869634,3116.82,1285.73,0.139717,0.025,1112.15645,2.80250139267726,0.178933129110989,"IRF_poorrec_25_yrfwd-107","IRF_poorrec_25_yrfwd",-0.285714285714286,-0.016950837219971,-0.286588501859371,0.00122540237627739,0.374738114246144,-0.016950837219971,0.398442892071066
"508","IRF_poorrec_25_yrfwd",108,2059.3,1307.9,0.139546,0.033,1131.3335,1.82024133467276,0.236481160334227,2045.5,1300,0.139623,0.033,1124.5,1.81903068030236,0.236350744504845,"IRF_poorrec_25_yrfwd-108","IRF_poorrec_25_yrfwd",0,-0.0060402171419833,-0.000551485070511365,0.000551789374113151,-0.00670130626912066,-0.0060402171419834,-0.000665106514910018
"509","IRF_poorrec_25_yrfwd",11,2111.04,1307.9,0.139546,0.031,1131.3335,1.86597497554877,0.222148968798819,2392.73,1281.21,0.139718,0.027,1108.24665,2.15902299366301,0.193246396312572,"IRF_poorrec_25_yrfwd-11","IRF_poorrec_25_yrfwd",-0.129032258064516,-0.0204067589265234,-0.130104463876315,0.0012325684720451,0.133436599969683,-0.0204067589265235,0.157048203729559
"510","IRF_poorrec_25_yrfwd",110,2149.1,1307.9,0.139546,0.036,1131.3335,1.89961669127627,0.257979447637338,2482.45,1285.11,0.139559,0.031,1111.62015,2.23318190120969,0.222128275496385,"IRF_poorrec_25_yrfwd-110","IRF_poorrec_25_yrfwd",-0.138888888888889,-0.0174248795779494,-0.138969101877262,9.31592449800442e-05,0.155111441998976,-0.0174248795779495,0.175596061808297
"511","IRF_poorrec_25_yrfwd",111,2289.06,1307.9,0.139546,0.036,1131.3335,2.02332910675764,0.257979447637338,2745.2,1284.15,0.139569,0.03,1110.78975,2.47139478915789,0.214947445349612,"IRF_poorrec_25_yrfwd-111","IRF_poorrec_25_yrfwd",-0.166666666666667,-0.0181588806483675,-0.166803994201196,0.000164820202657154,0.19926956916813,-0.0181588806483676,0.2214497290153
"512","IRF_poorrec_25_yrfwd",112,2269.51,1307.9,0.139546,0.035,1131.3335,2.00604861431223,0.250813351869634,3044.61,1306.96,0.139451,0.026,1130.5204,2.69310487453389,0.18644541810385,"IRF_poorrec_25_yrfwd-112","IRF_poorrec_25_yrfwd",-0.257142857142857,-0.000718709381451048,-0.256636791008004,-0.000680779097931949,0.341527466281268,-0.000718709381451223,0.342492328112008
"513","IRF_poorrec_25_yrfwd",114,2305.47,1307.9,0.139546,0.03,1131.3335,2.03783411345991,0.214982873031115,1831.09,1308.34,0.139585,0.037,1131.7141,1.6179793112059,0.265071461833292,"IRF_poorrec_25_yrfwd-114","IRF_poorrec_25_yrfwd",0.233333333333333,0.000336417157274984,0.23298874043295,0.000279477734940331,-0.205762816258724,0.000336417157274889,-0.206029921415523
"514","IRF_poorrec_25_yrfwd",115,2273.2,1307.9,0.139546,0.028,1131.3335,2.00931025201676,0.200650681495708,2927.95,1286.01,0.139414,0.022,1112.39865,2.63210495625826,0.157803376992268,"IRF_poorrec_25_yrfwd-115","IRF_poorrec_25_yrfwd",-0.214285714285714,-0.0167367535744322,-0.213541784079894,-0.000945924641336858,0.288030089741334,-0.0167367535744324,0.309954474982847
"515","IRF_poorrec_25_yrfwd",116,2181.48,1307.9,0.139546,0.037,1131.3335,1.9282377831117,0.265145543405042,2500.1,1293.7,0.139524,0.032,1119.0505,2.23412616320711,0.229351222728706,"IRF_poorrec_25_yrfwd-116","IRF_poorrec_25_yrfwd",-0.135135135135135,-0.0108570991666029,-0.134998764137837,-0.000157654106889443,0.146056805471515,-0.010857099166603,0.158636233961656
"516","IRF_poorrec_25_yrfwd",117,2227.5,1307.9,0.139546,0.035,1131.3335,1.96891544358936,0.250813351869634,2288.55,1319.98,0.139394,0.034,1141.7827,2.00436562929181,0.243912937429158,"IRF_poorrec_25_yrfwd-117","IRF_poorrec_25_yrfwd",-0.0285714285714286,0.00923618013609605,-0.0275121495288789,-0.00108924655669108,0.0274074074074075,0.00923618013609597,0.0180049304899681
"517","IRF_poorrec_25_yrfwd",118,2361.79,1307.9,0.139546,0.028,1131.3335,2.08761607430523,0.200650681495708,2803.1,1308.76,0.139466,0.023,1132.0774,2.47606744909845,0.164914746246397,"IRF_poorrec_25_yrfwd-118","IRF_poorrec_25_yrfwd",-0.178571428571429,0.000657542625582942,-0.178100243582153,-0.000573287661416284,0.186854038674057,0.000657542625582919,0.186074144367033
"518","IRF_poorrec_25_yrfwd",12,2191.73,1307.9,0.139546,0.031,1131.3335,1.93729788784651,0.222148968798819,2596.84,1331.79,0.139496,0.026,1151.99835,2.25420461756738,0.186385272695991,"IRF_poorrec_25_yrfwd-12","IRF_poorrec_25_yrfwd",-0.161290322580645,0.0182659224711368,-0.160989701173071,-0.000358304788385153,0.184835723378336,0.0182659224711368,0.163581827920713
"519","IRF_poorrec_25_yrfwd",120,2102.24,1307.9,0.139546,0.04,1131.3335,1.85819654416668,0.286643830708154,2005.22,1301.66,0.139867,0.042,1125.9359,1.78093619716717,0.300285271007457,"IRF_poorrec_25_yrfwd-120","IRF_poorrec_25_yrfwd",0.05,-0.00477100695771849,0.0475902107001653,0.00230031674143285,-0.0461507725093233,-0.00477100695771849,-0.0415781351235683
"520","IRF_poorrec_25_yrfwd",121,1958.33,1307.9,0.139546,0.04,1131.3335,1.73099267368994,0.286643830708154,2196.78,1313.11,0.139599,0.036,1135.84015,1.93405735833515,0.257881503449165,"IRF_poorrec_25_yrfwd-121","IRF_poorrec_25_yrfwd",-0.1,0.00398348497591562,-0.10034169299207,0.000379803075688286,0.121761909381974,0.00398348497591544,0.117311117332655
"521","IRF_poorrec_25_yrfwd",122,2022.3,1307.9,0.139546,0.023,1131.3335,1.78753656636173,0.164820202657188,2499.34,1300.29,0.139731,0.019,1124.75085,2.22212768276637,0.135975553026887,"IRF_poorrec_25_yrfwd-122","IRF_poorrec_25_yrfwd",-0.173913043478261,-0.00581848765196121,-0.175006759883042,0.00132572771702514,0.235889828413193,-0.00581848765196126,0.243122923795165
"522","IRF_poorrec_25_yrfwd",123,2098.64,1307.9,0.139546,0.039,1131.3335,1.85501445860129,0.27947773494045,2378.59,1292.95,0.13958,0.034,1118.40175,2.12677599976931,0.243587906576873,"IRF_poorrec_25_yrfwd-123","IRF_poorrec_25_yrfwd",-0.128205128205128,-0.0114305375028672,-0.128417486892913,0.000243647256101975,0.13339591354401,-0.0114305375028672,0.146501036640404
"523","IRF_poorrec_25_yrfwd",125,2189.02,1307.9,0.139546,0.031,1131.3335,1.93490248454589,0.222148968798819,2365.57,1281.32,0.139783,0.029,1108.3418,2.13433256780535,0.207464427004714,"IRF_poorrec_25_yrfwd-125","IRF_poorrec_25_yrfwd",-0.064516129032258,-0.0203226546372047,-0.0661022280387132,0.00169836469694572,0.080652529442399,-0.0203226546372048,0.103069836775914
"524","IRF_poorrec_25_yrfwd",127,2163.37,1307.9,0.139546,0.031,1131.3335,1.91223012489244,0.222148968798819,2603.67,1330.25,0.139634,0.026,1150.66625,2.26274995030053,0.18620106850767,"IRF_poorrec_25_yrfwd-127","IRF_poorrec_25_yrfwd",-0.161290322580645,0.0170884624206744,-0.161818893355764,0.000630616427557972,0.203525055815695,0.0170884624206743,0.183304206353202
"525","IRF_poorrec_25_yrfwd",128,2301.2,1307.9,0.139546,0.033,1131.3335,2.03405980641429,0.236481160334227,2155.68,1276.9,0.139859,0.035,1104.5185,1.95169207215633,0.250252039554122,"IRF_poorrec_25_yrfwd-128","IRF_poorrec_25_yrfwd",0.0606060606060607,-0.0237021178989218,0.0582324579278655,0.00224298797529136,-0.0632365722231879,-0.0237021178989219,-0.0404942539045403
"526","IRF_poorrec_25_yrfwd",14,2306.66,1307.9,0.139546,0.031,1131.3335,2.03888596952181,0.222148968798819,2746.71,1287.64,0.139848,0.026,1113.8086,2.46605206675545,0.185916137520737,"IRF_poorrec_25_yrfwd-14","IRF_poorrec_25_yrfwd",-0.161290322580645,-0.0154904809236179,-0.163101505597783,0.00216416092184654,0.19077367275628,-0.015490480923618,0.20950955748341
"527","IRF_poorrec_25_yrfwd",15,2037.84,1307.9,0.139546,0.034,1131.3335,1.80127256905236,0.243647256101931,2293.2,1306.89,0.13947,0.03,1130.45985,2.0285550167925,0.215100021510002,"IRF_poorrec_25_yrfwd-15","IRF_poorrec_25_yrfwd",-0.11764705882353,-0.000772230292835641,-0.117166247010742,-0.00054462327834544,0.125309150865622,-0.000772230292835837,0.126178820265781
"528","IRF_poorrec_25_yrfwd",16,2205.72,1307.9,0.139546,0.028,1131.3335,1.94966382591871,0.200650681495708,3024.7,1326.32,0.139473,0.021,1147.2668,2.63643992835843,0.150566776365318,"IRF_poorrec_25_yrfwd-16","IRF_poorrec_25_yrfwd",-0.25,0.0140836455386497,-0.249607450904476,-0.000523124991042307,0.371298260885335,0.0140836455386496,0.352253600497564
"529","IRF_poorrec_25_yrfwd",17,2309.1,1307.9,0.139546,0.029,1131.3335,2.04104271640502,0.207816777263411,2319.16,1289.05,0.139785,0.029,1115.02825,2.07991142825305,0.20746145866867,"IRF_poorrec_25_yrfwd-17","IRF_poorrec_25_yrfwd",0,-0.0144124168514413,-0.00170976857316582,0.00171269688848114,0.00435667576111903,-0.0144124168514413,0.0190435562840602
"530","IRF_poorrec_25_yrfwd",19,2274.84,1307.9,0.139546,0.03,1131.3335,2.01075986877433,0.214982873031115,1863.75,1301.97,0.139714,0.037,1126.20405,1.65489548718991,0.26482671743705,"IRF_poorrec_25_yrfwd-19","IRF_poorrec_25_yrfwd",0.233333333333333,-0.00453398577872918,0.231850303715686,0.00120390408897426,-0.180711610486891,-0.00453398577872931,-0.176980049736788
"531","IRF_poorrec_25_yrfwd",2,2082.55,1307.9,0.139546,0.032,1131.3335,1.84079230394928,0.229315064566523,2255.09,1318.99,0.139596,0.029,1140.92635,1.97654300823186,0.207742342187455,"IRF_poorrec_25_yrfwd-2","IRF_poorrec_25_yrfwd",-0.09375,0.00847924153222723,-0.0940745974096679,0.000358304788385153,0.0828503517322513,0.00847924153222717,0.0737458017351243
"532","IRF_poorrec_25_yrfwd",20,2155.85,1307.9,0.139546,0.036,1131.3335,1.90558310171139,0.257979447637338,2381.82,1296.22,0.139586,0.033,1121.2303,2.12429150371694,0.23641339389337,"IRF_poorrec_25_yrfwd-20","IRF_poorrec_25_yrfwd",-0.0833333333333332,-0.00893034635675512,-0.0835960148821036,0.000286643830708042,0.104817125495744,-0.00893034635675515,0.114772429399241
"533","IRF_poorrec_25_yrfwd",21,2158.18,1307.9,0.139546,0.034,1131.3335,1.90764261820232,0.243647256101931,2405.25,1318.17,0.139474,0.03,1140.21705,2.10946678967833,0.215093852617692,"IRF_poorrec_25_yrfwd-21","IRF_poorrec_25_yrfwd",-0.11764705882353,0.00785228228457834,-0.117191565959162,-0.000515958895274795,0.114480719865813,0.00785228228457832,0.105797684299064
"534","IRF_poorrec_25_yrfwd",22,2093.18,1307.9,0.139546,0.038,1131.3335,1.85018829549377,0.272311639172746,2535.74,1311.27,0.139543,0.031,1134.24855,2.23561229150348,0.222153744723849,"IRF_poorrec_25_yrfwd-22","IRF_poorrec_25_yrfwd",-0.184210526315789,0.00257664959094738,-0.184192987862259,-2.1498287303133e-05,0.211429499613029,0.00257664959094724,0.208316092447689
"535","IRF_poorrec_25_yrfwd",23,2093.66,1307.9,0.139546,0.03,1131.3335,1.85061257356916,0.214982873031115,2737.89,1308.11,0.139471,0.023,1131.51515,2.41966711625558,0.164908834094543,"IRF_poorrec_25_yrfwd-23","IRF_poorrec_25_yrfwd",-0.233333333333333,0.000160562734153979,-0.232921061248097,-0.000537457182577729,0.307705167028075,0.000160562734153841,0.307495232018729
"536","IRF_poorrec_25_yrfwd",26,2126.35,1307.9,0.139546,0.034,1131.3335,1.87950767832827,0.243647256101931,2094.43,1295.19,0.13961,0.034,1120.33935,1.86946035591805,0.243535563355061,"IRF_poorrec_25_yrfwd-26","IRF_poorrec_25_yrfwd",0,-0.00971786833855799,-0.000458419883962525,0.000458630129133107,-0.0150116396642134,-0.00971786833855802,-0.00534572033201666
"537","IRF_poorrec_25_yrfwd",27,2172.38,1307.9,0.139546,0.04,1131.3335,1.9201941779325,0.286643830708154,2654.2,1313.85,0.139756,0.033,1136.48025,2.33545633547085,0.23612581928504,"IRF_poorrec_25_yrfwd-27","IRF_poorrec_25_yrfwd",-0.175,0.0045492774676962,-0.176239660551246,0.00150488011121772,0.221793608852963,0.00454927746769617,0.216260502354751
"538","IRF_poorrec_25_yrfwd",28,2201.5,1307.9,0.139546,0.036,1131.3335,1.94593371450593,0.257979447637338,2337.11,1304.34,0.139717,0.034,1128.2541,2.07143940358825,0.243349055590945,"IRF_poorrec_25_yrfwd-28","IRF_poorrec_25_yrfwd",-0.0555555555555554,-0.00272192063613433,-0.0567114635696125,0.00122540237627739,0.061598909834204,-0.00272192063613439,0.0644963845102931
"539","IRF_poorrec_25_yrfwd",29,2260.79,1307.9,0.139546,0.032,1131.3335,1.99834089594271,0.229315064566523,2681.11,1301.51,0.139361,0.027,1125.80615,2.38150235722198,0.193741434117149,"IRF_poorrec_25_yrfwd-29","IRF_poorrec_25_yrfwd",-0.15625,-0.00488569462497139,-0.15512993233401,-0.00132572771702514,0.185917312090022,-0.0048856946249714,0.191739788770382
"540","IRF_poorrec_25_yrfwd",3,2043.05,1307.9,0.139546,0.03,1131.3335,1.80587775399562,0.214982873031115,2516.81,1299.19,0.139784,0.025,1123.79935,2.23955459664574,0.178847364505237,"IRF_poorrec_25_yrfwd-3","IRF_poorrec_25_yrfwd",-0.166666666666667,-0.00665953054514867,-0.168085522425075,0.00170553079271343,0.231888597929566,-0.00665953054514874,0.240147397403058
"541","IRF_poorrec_25_yrfwd",30,2216.7,1307.9,0.139546,0.034,1131.3335,1.95936918689317,0.243647256101931,2570.35,1284.08,0.139547,0.03,1110.7292,2.31411040602876,0.214981332454299,"IRF_poorrec_25_yrfwd-30","IRF_poorrec_25_yrfwd",-0.11764705882353,-0.0182124015597522,-0.117653381803896,7.16609576771101e-06,0.159538954301439,-0.0182124015597524,0.181048687255352
"542","IRF_poorrec_25_yrfwd",31,2199.6,1307.9,0.139546,0.031,1131.3335,1.94425428045753,0.222148968798819,1917.41,1302.54,0.139664,0.036,1126.6971,1.70179722660154,0.257761484706152,"IRF_poorrec_25_yrfwd-31","IRF_poorrec_25_yrfwd",0.161290322580645,-0.00409817264316852,0.160309165961441,0.000845599300589103,-0.128291507546827,-0.00409817264316853,-0.12470439504391
"543","IRF_poorrec_25_yrfwd",33,2217.43,1307.9,0.139546,0.032,1131.3335,1.96001444313282,0.229315064566523,2032.39,1290.37,0.1398,0.035,1116.17005,1.82086054002255,0.25035765379113,"IRF_poorrec_25_yrfwd-33","IRF_poorrec_25_yrfwd",0.0937500000000001,-0.0134031653796162,0.0917627861230328,0.00182018832499681,-0.0834479555160703,-0.0134031653796163,-0.070996366173631
"544","IRF_poorrec_25_yrfwd",35,2058.1,1307.9,0.139546,0.034,1131.3335,1.81918063948429,0.243647256101931,2639.58,1318.22,0.139455,0.027,1140.2603,2.31489248551405,0.193610842207164,"IRF_poorrec_25_yrfwd-35","IRF_poorrec_25_yrfwd",-0.205882352941177,0.00789051150699591,-0.205364159216446,-0.000652114714861105,0.282532432826393,0.0078905115069959,0.272491821466553
"545","IRF_poorrec_25_yrfwd",36,2208.51,1307.9,0.139546,0.035,1131.3335,1.95212994223189,0.250813351869634,2129.64,1307.59,0.139387,0.036,1131.06535,1.88286202914801,0.25827372710511,"IRF_poorrec_25_yrfwd-36","IRF_poorrec_25_yrfwd",0.0285714285714284,-0.000237021178989312,0.0297447292174203,-0.00113940922706486,-0.0357118600323296,-0.000237021178989351,-0.0354832491348846
"546","IRF_poorrec_25_yrfwd",38,2080.22,1307.9,0.139546,0.038,1131.3335,1.83873278745834,0.272311639172746,2402.67,1292.58,0.139885,0.033,1118.0817,2.14892167540172,0.23590806734103,"IRF_poorrec_25_yrfwd-38","IRF_poorrec_25_yrfwd",-0.131578947368421,-0.0117134337487576,-0.133683495653384,0.00242930646525164,0.15500764342233,-0.0117134337487577,0.16869709946933
"547","IRF_poorrec_25_yrfwd",4,2205.69,1307.9,0.139546,0.036,1131.3335,1.94963730853899,0.257979447637338,2363.94,1315.13,0.139726,0.034,1137.58745,2.07802925392681,0.243333381045761,"IRF_poorrec_25_yrfwd-4","IRF_poorrec_25_yrfwd",-0.0555555555555554,0.00552794556158731,-0.0567722224607842,0.00128989723818659,0.0717462562735471,0.00552794556158729,0.065854271881998
"548","IRF_poorrec_25_yrfwd",40,2090.37,1307.9,0.139546,0.033,1131.3335,1.84770450092745,0.236481160334227,1978.72,1305.92,0.139816,0.035,1129.6208,1.75166746221387,0.25032900383361,"IRF_poorrec_25_yrfwd-40","IRF_poorrec_25_yrfwd",0.0606060606060607,-0.00151387720773743,0.0585579142110583,0.00193484585727998,-0.0534115969900065,-0.00151387720773761,-0.0519764056781653
"549","IRF_poorrec_25_yrfwd",41,2261.76,1307.9,0.139546,0.039,1131.3335,1.99919829122005,0.27947773494045,2331.85,1319.08,0.139591,0.038,1141.0042,2.04368222308034,0.272223853973394,"IRF_poorrec_25_yrfwd-41","IRF_poorrec_25_yrfwd",-0.0256410256410257,0.00854805413257885,-0.025955130087918,0.000322474309546598,0.0309891411997735,0.00854805413257882,0.0222508852951936
"550","IRF_poorrec_25_yrfwd",42,2210.82,1307.9,0.139546,0.03,1131.3335,1.95417178046968,0.214982873031115,1929.91,1296.81,0.139796,0.034,1121.74065,1.72046007247754,0.243211536810781,"IRF_poorrec_25_yrfwd-42","IRF_poorrec_25_yrfwd",0.133333333333333,-0.00847924153222723,0.131306570526577,0.00179152394192596,-0.127061452311812,-0.00847924153222735,-0.11959629666537
"551","IRF_poorrec_25_yrfwd",43,1998.44,1307.9,0.139546,0.036,1131.3335,1.76644641036441,0.257979447637338,2227.55,1308.54,0.139504,0.032,1131.8871,1.96799663146616,0.229384103681615,"IRF_poorrec_25_yrfwd-43","IRF_poorrec_25_yrfwd",-0.111111111111111,0.00048933404694545,-0.110843496323482,-0.000300976022243663,0.114644422649667,0.000489334046945388,0.114099255952053
"552","IRF_poorrec_25_yrfwd",44,2175.42,1307.9,0.139546,0.03,1131.3335,1.92288127240995,0.214982873031115,2175.91,1317.78,0.139554,0.03,1139.8797,1.90889442105162,0.214970549034782,"IRF_poorrec_25_yrfwd-44","IRF_poorrec_25_yrfwd",0,0.00755409434972093,-5.73254797426835e-05,5.73287661416881e-05,0.000225243860955485,0.00755409434972084,-0.00727390274116794
"553","IRF_poorrec_25_yrfwd",47,2063.72,1307.9,0.139546,0.033,1131.3335,1.82414822861694,0.236481160334227,2212.83,1311.48,0.139899,0.031,1134.4302,1.95060921333018,0.221588431654265,"IRF_poorrec_25_yrfwd-47","IRF_poorrec_25_yrfwd",-0.0606060606060607,0.00273721232510136,-0.0629763853446654,0.0025296318059994,0.0722530188203827,0.00273721232510125,0.0693260463866613
"554","IRF_poorrec_25_yrfwd",48,2121.89,1307.9,0.139546,0.033,1131.3335,1.87556542787781,0.236481160334227,2414.37,1290.05,0.139715,0.029,1115.89325,2.16362093775547,0.207565400994882,"IRF_poorrec_25_yrfwd-48","IRF_poorrec_25_yrfwd",-0.121212121212121,-0.013647832403089,-0.122275107659641,0.00121107018474197,0.137839379044154,-0.013647832403089,0.153583290455292
"555","IRF_poorrec_25_yrfwd",49,2094.55,1307.9,0.139546,0.033,1131.3335,1.85139925583393,0.236481160334227,2224.98,1336.63,0.139484,0.031,1156.18495,1.92441529359122,0.22224771299934,"IRF_poorrec_25_yrfwd-49","IRF_poorrec_25_yrfwd",-0.0606060606060607,0.0219665112011623,-0.0601885042967892,-0.000444297937597685,0.0622711322241053,0.0219665112011622,0.0394382991822025
"556","IRF_poorrec_25_yrfwd",5,2165.77,1307.9,0.139546,0.037,1131.3335,1.91435151526937,0.265145543405042,2629,1304.38,0.139608,0.031,1128.2887,2.33007739951663,0.22205031230302,"IRF_poorrec_25_yrfwd-5","IRF_poorrec_25_yrfwd",-0.162162162162162,-0.00269133725820008,-0.162534246469265,0.000444297937597685,0.213886977841599,-0.00269133725820015,0.217162773362845
"557","IRF_poorrec_25_yrfwd",50,2099.87,1307.9,0.139546,0.034,1131.3335,1.85610167116947,0.243647256101931,2494.44,1291.7,0.139448,0.029,1117.3205,2.2325196754199,0.207962824852275,"IRF_poorrec_25_yrfwd-50","IRF_poorrec_25_yrfwd",-0.147058823529412,-0.0123862680633075,-0.146459401269543,-0.000702277385235082,0.187902108225747,-0.0123862680633076,0.202800315358407
"558","IRF_poorrec_25_yrfwd",51,2078.43,1307.9,0.139546,0.041,1131.3335,1.83715058380221,0.293809926475857,2303.56,1290.8,0.139756,0.037,1116.542,2.06311988263764,0.264747130713529,"IRF_poorrec_25_yrfwd-51","IRF_poorrec_25_yrfwd",-0.0975609756097562,-0.0130743940668247,-0.0989169974987766,0.00150488011121772,0.108317335681259,-0.0130743940668248,0.122999878631484
"559","IRF_poorrec_25_yrfwd",52,2105.81,1307.9,0.139546,0.034,1131.3335,1.86135211235237,0.243647256101931,2572.82,1295.31,0.139588,0.028,1120.44315,2.29625215701484,0.200590308622518,"IRF_poorrec_25_yrfwd-52","IRF_poorrec_25_yrfwd",-0.176470588235294,-0.00962611820475583,-0.176718376263592,0.000300976022243464,0.221772144685418,-0.00962611820475583,0.233647380190116
"560","IRF_poorrec_25_yrfwd",54,2035.92,1307.9,0.139546,0.029,1131.3335,1.79957545675082,0.207816777263411,2129.87,1327.02,0.139707,0.028,1147.8723,1.8554938558932,0.200419449275985,"IRF_poorrec_25_yrfwd-54","IRF_poorrec_25_yrfwd",-0.0344827586206897,0.0146188546524964,-0.035595432114946,0.00115374141860028,0.0461462139966206,0.0146188546524963,0.0310731061221233
"561","IRF_poorrec_25_yrfwd",55,2084.06,1307.9,0.139546,0.037,1131.3335,1.84212701206143,0.265145543405042,2303.31,1305,0.139577,0.033,1128.825,2.04044913959205,0.23642863795611,"IRF_poorrec_25_yrfwd-55","IRF_poorrec_25_yrfwd",-0.108108108108108,-0.00221729490022165,-0.108306196966936,0.000222148968798842,0.105203305087186,-0.0022172949002218,0.107659312431824
"562","IRF_poorrec_25_yrfwd",56,2120,1307.9,0.139546,0.032,1131.3335,1.87389483295598,0.229315064566523,2445.9,1288.6,0.139757,0.028,1114.639,2.19434274235874,0.200347746445616,"IRF_poorrec_25_yrfwd-56","IRF_poorrec_25_yrfwd",-0.125,-0.0147564798531998,-0.126321042953126,0.00151204620698543,0.15372641509434,-0.0147564798531999,0.171006346656749
"563","IRF_poorrec_25_yrfwd",57,2056.76,1307.9,0.139546,0.031,1131.3335,1.81799619652384,0.222148968798819,1976.28,1302.7,0.13959,0.032,1126.8355,1.75383185921991,0.229242782434272,"IRF_poorrec_25_yrfwd-57","IRF_poorrec_25_yrfwd",0.0322580645161291,-0.00397583913143191,0.0319326876636419,0.000315308213778886,-0.0391295046578114,-0.0039758391314321,-0.0352939887479479
"564","IRF_poorrec_25_yrfwd",58,2098.21,1307.9,0.139546,0.035,1131.3335,1.85463437615875,0.250813351869634,2738.82,1314.67,0.139452,0.027,1137.18955,2.40841115713735,0.193615007314345,"IRF_poorrec_25_yrfwd-58","IRF_poorrec_25_yrfwd",-0.228571428571429,0.0051762367153453,-0.228051433980356,-0.000673613002164238,0.305312623617274,0.0051762367153452,0.298590810187372
"565","IRF_poorrec_25_yrfwd",59,2022.85,1307.9,0.139546,0.031,1131.3335,1.78802271832311,0.222148968798819,2370.72,1313.72,0.139369,0.026,1136.3678,2.0862259560681,0.186555116274064,"IRF_poorrec_25_yrfwd-59","IRF_poorrec_25_yrfwd",-0.161290322580645,0.00444988148941053,-0.16022515304579,-0.00126839895088365,0.17197024000791,0.00444988148941046,0.166778215225729
"566","IRF_poorrec_25_yrfwd",6,2091.93,1307.9,0.139546,0.037,1131.3335,1.84908340467245,0.265145543405042,2278.18,1308.42,0.139677,0.035,1131.7833,2.01291183568445,0.250578119518604,"IRF_poorrec_25_yrfwd-6","IRF_poorrec_25_yrfwd",-0.0540540540540539,0.000397583913143291,-0.0549412360447819,0.000938758545569147,0.0890326158141047,0.000397583913143193,0.0885998060433708
"567","IRF_poorrec_25_yrfwd",60,2086.57,1307.9,0.139546,0.038,1131.3335,1.84434563283064,0.272311639172746,2667.33,1302.31,0.139777,0.03,1126.49815,2.36780681796947,0.214627585368122,"IRF_poorrec_25_yrfwd-60","IRF_poorrec_25_yrfwd",-0.210526315789474,-0.00427402706628953,-0.211831025584738,0.00165536812233965,0.278332382810066,-0.00427402706628958,0.283819461938621
"568","IRF_poorrec_25_yrfwd",61,2091.05,1307.9,0.139546,0.027,1131.3335,1.84830556153424,0.193484585728004,2974.98,1299.48,0.139621,0.019,1124.0502,2.64666115445734,0.13608268097206,"IRF_poorrec_25_yrfwd-61","IRF_poorrec_25_yrfwd",-0.296296296296296,-0.00643780105512659,-0.296674303743441,0.000537457182577729,0.422720642739294,-0.00643780105512659,0.431939182318098
"569","IRF_poorrec_25_yrfwd",63,2214.84,1307.9,0.139546,0.036,1131.3335,1.95772510935104,0.257979447637338,2771.42,1300.92,0.139582,0.029,1125.2958,2.46283688253346,0.207763178633348,"IRF_poorrec_25_yrfwd-63","IRF_poorrec_25_yrfwd",-0.194444444444444,-0.00533679944949907,-0.194652207623078,0.000257979447637397,0.251295804663091,-0.00533679944949921,0.258009549333438
"570","IRF_poorrec_25_yrfwd",64,2094.98,1307.9,0.139546,0.03,1131.3335,1.85177933827647,0.214982873031115,2034.33,1313.13,0.139739,0.031,1135.85745,1.7910081938539,0.22184214857699,"IRF_poorrec_25_yrfwd-64","IRF_poorrec_25_yrfwd",0.0333333333333334,0.00399877666488265,0.0319061488441546,0.00138305648316683,-0.028950157042072,0.00399877666488265,-0.0328177030418359
"571","IRF_poorrec_25_yrfwd",65,2227.37,1307.9,0.139546,0.031,1131.3335,1.96880053494394,0.222148968798819,3095.19,1311.71,0.139875,0.023,1134.62915,2.72793097198322,0.164432529043789,"IRF_poorrec_25_yrfwd-65","IRF_poorrec_25_yrfwd",-0.258064516129032,0.00291306674822236,-0.259809622646949,0.00235764550757453,0.389616453485501,0.0029130667482223,0.385580165976997
"572","IRF_poorrec_25_yrfwd",66,2106.49,1307.9,0.139546,0.033,1131.3335,1.86195317295917,0.236481160334227,2409.3,1279.83,0.139663,0.029,1107.05295,2.17631866660036,0.207642682743461,"IRF_poorrec_25_yrfwd-66","IRF_poorrec_25_yrfwd",-0.121212121212121,-0.0214618854652496,-0.121948308905484,0.000838433204821392,0.14375097911692,-0.0214618854652498,0.168836412325871
"573","IRF_poorrec_25_yrfwd",69,2061.17,1307.9,0.139546,0.034,1131.3335,1.82189425134145,0.243647256101931,2841.72,1301.56,0.139742,0.025,1125.8494,2.52406760620026,0.178901117774184,"IRF_poorrec_25_yrfwd-69","IRF_poorrec_25_yrfwd",-0.264705882352941,-0.00484746540255382,-0.265737194678934,0.00140455477046996,0.378692684252148,-0.00484746540255382,0.385408403556797
"574","IRF_poorrec_25_yrfwd",70,1966.96,1307.9,0.139546,0.035,1131.3335,1.73862083992032,0.250813351869634,2159.82,1295.23,0.139516,0.032,1120.37395,1.92776706384507,0.229364373978612,"IRF_poorrec_25_yrfwd-70","IRF_poorrec_25_yrfwd",-0.0857142857142858,-0.00968728496062393,-0.0855176876794468,-0.000214982873031131,0.0980497824053362,-0.00968728496062396,0.108790956361372
"575","IRF_poorrec_25_yrfwd",71,2083.74,1307.9,0.139546,0.031,1131.3335,1.84184416001117,0.222148968798819,1909.18,1290.38,0.139599,0.034,1116.1787,1.71046087871055,0.243554753257545,"IRF_poorrec_25_yrfwd-71","IRF_poorrec_25_yrfwd",0.0967741935483872,-0.0133955195351325,0.0963577934863662,0.000379803075688286,-0.0837724476182248,-0.0133955195351326,-0.0713324634912789
"576","IRF_poorrec_25_yrfwd",72,2263.29,1307.9,0.139546,0.032,1131.3335,2.00055067758535,0.229315064566523,2543.79,1298,0.139825,0.029,1122.77,2.26563766399173,0.207402109780082,"IRF_poorrec_25_yrfwd-72","IRF_poorrec_25_yrfwd",-0.09375,-0.00756938603868795,-0.0955582871446451,0.00199934071918938,0.12393462614159,-0.00756938603868804,0.132507008883348
"577","IRF_poorrec_25_yrfwd",73,2112.12,1307.9,0.139546,0.03,1131.3335,1.86692960121839,0.214982873031115,2056.89,1319.1,0.139677,0.031,1141.0215,1.80267418273889,0.221940620145049,"IRF_poorrec_25_yrfwd-73","IRF_poorrec_25_yrfwd",0.0333333333333334,0.00856334582154588,0.0323641926253667,0.000938758545569147,-0.0261490824384978,0.00856334582154585,-0.0344176976130021
"578","IRF_poorrec_25_yrfwd",74,1994.64,1307.9,0.139546,0.026,1131.3335,1.7630875422676,0.1863184899603,2334.33,1297.47,0.139623,0.023,1122.31155,2.07993047919715,0.164729306776104,"IRF_poorrec_25_yrfwd-74","IRF_poorrec_25_yrfwd",-0.115384615384615,-0.00797461579631456,-0.115872467562375,0.000551789374113151,0.170301407772831,-0.00797461579631475,0.179709134874861
"579","IRF_poorrec_25_yrfwd",75,2124.43,1307.9,0.139546,0.032,1131.3335,1.87781056602673,0.229315064566523,2471.26,1314.09,0.139699,0.028,1136.68785,2.17408851515392,0.200430926491958,"IRF_poorrec_25_yrfwd-75","IRF_poorrec_25_yrfwd",-0.125,0.00473277773530092,-0.12595831036729,0.00109641265245859,0.163257909180345,0.00473277773530073,0.15777840134007
"580","IRF_poorrec_25_yrfwd",76,2052.09,1307.9,0.139546,0.028,1131.3335,1.81386832441539,0.200650681495708,2257.73,1315.19,0.139644,0.026,1137.63935,1.98457446114184,0.186187734524935,"IRF_poorrec_25_yrfwd-76","IRF_poorrec_25_yrfwd",-0.0714285714285715,0.00557382062848838,-0.0720802284994086,0.000702277385234883,0.100210029774522,0.00557382062848839,0.0941116477026878
"581","IRF_poorrec_25_yrfwd",77,2122.04,1307.9,0.139546,0.036,1131.3335,1.87569801477637,0.257979447637338,2678.08,1339.21,0.139743,0.029,1158.41665,2.31184522425502,0.207523811568379,"IRF_poorrec_25_yrfwd-77","IRF_poorrec_25_yrfwd",-0.194444444444444,0.0239391390779113,-0.195580060857749,0.00141172086623768,0.262030875949558,0.0239391390779111,0.232525281811237
"582","IRF_poorrec_25_yrfwd",78,2196.54,1307.9,0.139546,0.035,1131.3335,1.94154950772694,0.250813351869634,2298.51,1313.17,0.139696,0.034,1135.89205,2.02352855625673,0.243385637384034,"IRF_poorrec_25_yrfwd-78","IRF_poorrec_25_yrfwd",-0.0285714285714286,0.0040293600428169,-0.0296145098745029,0.00107491436515546,0.0464230107350653,0.00402936004281671,0.0422235169402223
"583","IRF_poorrec_25_yrfwd",79,2121.89,1307.9,0.139546,0.034,1131.3335,1.87556542787781,0.243647256101931,3010.12,1328.41,0.139467,0.024,1149.07465,2.61960352184255,0.172083718729162,"IRF_poorrec_25_yrfwd-79","IRF_poorrec_25_yrfwd",-0.294117647058824,0.0156816270357061,-0.293717805477071,-0.000566121565648573,0.418603226368945,0.0156816270357061,0.396700687113122
"584","IRF_poorrec_25_yrfwd",80,2153.11,1307.9,0.139546,0.031,1131.3335,1.90316118103106,0.222148968798819,2579.7,1285.7,0.139574,0.026,1112.1305,2.31960188125404,0.186281112528121,"IRF_poorrec_25_yrfwd-80","IRF_poorrec_25_yrfwd",-0.161290322580645,-0.0169737747534215,-0.161458576488735,0.000200650681495709,0.198127359958386,-0.0169737747534215,0.218815255572507
"585","IRF_poorrec_25_yrfwd",81,2138.64,1307.9,0.139546,0.035,1131.3335,1.89037096488348,0.250813351869634,3101.33,1313.81,0.139634,0.024,1136.44565,2.72897344452856,0.171877909391695,"IRF_poorrec_25_yrfwd-81","IRF_poorrec_25_yrfwd",-0.314285714285714,0.00451869408976215,-0.314717864457899,0.000630616427557972,0.450141211237048,0.0045186940897621,0.443617943368474
"586","IRF_poorrec_25_yrfwd",82,2033.81,1307.9,0.139546,0.027,1131.3335,1.79771040104443,0.193484585728004,2788.5,1300.36,0.139754,0.02,1124.8114,2.47908227103673,0.143108605120426,"IRF_poorrec_25_yrfwd-82","IRF_poorrec_25_yrfwd",-0.259259259259259,-0.00576496674057662,-0.260361725550557,0.0014905479196823,0.371072027377189,-0.00576496674057664,0.379022043593025
"587","IRF_poorrec_25_yrfwd",83,2111.59,1307.9,0.139546,0.035,1131.3335,1.86646112751015,0.250813351869634,2510.28,1305.64,0.139482,0.029,1129.3786,2.22270901892421,0.207912132031373,"IRF_poorrec_25_yrfwd-83","IRF_poorrec_25_yrfwd",-0.171428571428571,-0.0017279608532762,-0.171048389244285,-0.000458630129133107,0.188810327762492,-0.00172796085327624,0.19086810122282
"588","IRF_poorrec_25_yrfwd",84,2071.5,1307.9,0.139546,0.032,1131.3335,1.83102506908882,0.229315064566523,1997.38,1306.91,0.139509,0.033,1130.47715,1.76684685754153,0.236543878889534,"IRF_poorrec_25_yrfwd-84","IRF_poorrec_25_yrfwd",0.03125,-0.000756938603868614,0.0315235038599662,-0.000265145543405108,-0.0357808351436157,-0.000756938603868804,-0.0350504275614505
"589","IRF_poorrec_25_yrfwd",85,2241.8,1307.9,0.139546,0.032,1131.3335,1.98155539458524,0.229315064566523,1953.07,1283.87,0.139424,0.037,1110.54755,1.75865499860857,0.265377553362405,"IRF_poorrec_25_yrfwd-85","IRF_poorrec_25_yrfwd",0.15625,-0.0183729642939062,0.157261751922194,-0.000874263683659947,-0.128793826389509,-0.0183729642939064,-0.112487592618286
"590","IRF_poorrec_25_yrfwd",86,2126.46,1307.9,0.139546,0.04,1131.3335,1.87960490872055,0.286643830708154,2735.28,1317.94,0.139684,0.031,1140.0181,2.39933032642201,0.221929498009794,"IRF_poorrec_25_yrfwd-86","IRF_poorrec_25_yrfwd",-0.225,0.00767642786145734,-0.225765656768134,0.000988921215943124,0.286306819784995,0.00767642786145727,0.27650779974566
"591","IRF_poorrec_25_yrfwd",87,2205.34,1307.9,0.139546,0.026,1131.3335,1.94932793910903,0.1863184899603,2741.68,1322.28,0.139648,0.021,1143.7722,2.39705074139763,0.150378093492209,"IRF_poorrec_25_yrfwd-87","IRF_poorrec_25_yrfwd",-0.192307692307692,0.0109947243673063,-0.192897637136008,0.000730941768305727,0.243200594919604,0.0109947243673063,0.229680595709948
"592","IRF_poorrec_25_yrfwd",88,2226.64,1307.9,0.139546,0.035,1131.3335,1.96815527870429,0.250813351869634,2241.8,1310.84,0.13935,0.034,1133.8766,1.97711108951362,0.243989953354862,"IRF_poorrec_25_yrfwd-88","IRF_poorrec_25_yrfwd",-0.0285714285714286,0.00224787827815571,-0.0272050848326413,-0.00140455477046996,0.00680846477203334,0.00224787827815569,0.00455035784332384
"593","IRF_poorrec_25_yrfwd",89,2119.09,1307.9,0.139546,0.034,1131.3335,1.87309047243806,0.243647256101931,1782.88,1294.15,0.139726,0.041,1119.43975,1.59265382527287,0.293431430084594,"IRF_poorrec_25_yrfwd-89","IRF_poorrec_25_yrfwd",0.205882352941176,-0.0105130361648444,0.204328892428964,0.00128989723818659,-0.15865772572189,-0.0105130361648444,-0.14971868753364
"594","IRF_poorrec_25_yrfwd",9,2044.35,1307.9,0.139546,0.034,1131.3335,1.80702684044979,0.243647256101931,1925.29,1323.46,0.139661,0.036,1144.7929,1.68178017176731,0.257767021573668,"IRF_poorrec_25_yrfwd-9","IRF_poorrec_25_yrfwd",0.0588235294117646,0.0118969340163621,0.0579516703682066,0.00082410101328597,-0.0582385599334752,0.0118969340163621,-0.0693109066666103
"595","IRF_poorrec_25_yrfwd",90,2074.04,1307.9,0.139546,0.033,1131.3335,1.83327020723774,0.236481160334227,2082.02,1296.03,0.139566,0.033,1121.06595,1.85717887515895,0.236447272258286,"IRF_poorrec_25_yrfwd-90","IRF_poorrec_25_yrfwd",0,-0.00907561740194207,-0.000143301377126179,0.000143321915354021,0.00384756320996703,-0.00907561740194213,0.0130415406451363
"596","IRF_poorrec_25_yrfwd",91,2060.47,1307.9,0.139546,0.03,1131.3335,1.82127551248151,0.214982873031115,2433.77,1324.62,0.139419,0.025,1145.7963,2.12408610500837,0.179315588262719,"IRF_poorrec_25_yrfwd-91","IRF_poorrec_25_yrfwd",-0.166666666666667,0.0127838519764508,-0.165907564009688,-0.000910094162498502,0.181172256815193,0.0127838519764506,0.166262924226261
"597","IRF_poorrec_25_yrfwd",93,2250.6,1307.9,0.139546,0.034,1131.3335,1.98933382596732,0.243647256101931,2822.52,1295.35,0.139913,0.027,1120.47775,2.51903261800602,0.192977064318541,"IRF_poorrec_25_yrfwd-93","IRF_poorrec_25_yrfwd",-0.205882352941177,-0.00959553482682157,-0.207965370076615,0.00262995714674735,0.254118901626233,-0.00959553482682176,0.266269434081098
"598","IRF_poorrec_25_yrfwd",95,2068.63,1307.9,0.139546,0.034,1131.3335,1.82848823976308,0.243647256101931,2039.61,1294.69,0.139423,0.034,1119.90685,1.82123182834358,0.243862203510181,"IRF_poorrec_25_yrfwd-95","IRF_poorrec_25_yrfwd",0,-0.010100160562734,0.00088220738328696,-0.000881429779427658,-0.0140286083059804,-0.0101001605627342,-0.00396853053888725
"599","IRF_poorrec_25_yrfwd",97,2124.95,1307.9,0.139546,0.031,1131.3335,1.8782702006084,0.222148968798819,2197.37,1289.82,0.139641,0.03,1115.6943,1.96950903128214,0.214836616752959,"IRF_poorrec_25_yrfwd-97","IRF_poorrec_25_yrfwd",-0.0322580645161291,-0.01382368682621,-0.032916434793275,0.00068077909793175,0.0340808019012212,-0.0138236868262101,0.048575987972436
"600","IRF_poorrec_25_yrfwd",99,2131.56,1307.9,0.139546,0.026,1131.3335,1.88411286327153,0.1863184899603,2386.97,1300.92,0.139647,0.024,1125.2958,2.12119337866541,0.171861908956154,"IRF_poorrec_25_yrfwd-99","IRF_poorrec_25_yrfwd",-0.0769230769230769,-0.00533679944949907,-0.0775906943386372,0.000723775672538016,0.119823040402334,-0.00533679944949921,0.125831376673595
"601","IRF_SQ_25_yrfwd",1,3389.28,1320.58,0.133915,0.033,1142.3017,2.96706202923448,0.246424971063734,2894.65,1313.05,0.134268,0.039,1135.78825,2.54858244923735,0.290463848422558,"IRF_SQ_25_yrfwd-1","IRF_SQ_25_yrfwd",0.181818181818182,-0.00570204001272161,0.17871109883354,0.00263600044804534,-0.145939550583015,-0.00570204001272166,-0.141041736193532
"602","IRF_SQ_25_yrfwd",10,2948.63,1320.58,0.133915,0.036,1142.3017,2.58130579688361,0.268827241160438,3733.61,1304.46,0.13381,0.029,1128.3579,3.30888807531724,0.216725207383604,"IRF_SQ_25_yrfwd-10","IRF_SQ_25_yrfwd",-0.194444444444444,-0.012206757636796,-0.193812329256242,-0.000784079453384565,0.266218548953243,-0.0122067576367959,0.281865976248159
"603","IRF_SQ_25_yrfwd",100,2337.48,1320.58,0.133915,0.038,1142.3017,2.04628952228645,0.283762087891573,2788.88,1313.85,0.133993,0.032,1136.48025,2.45396257436062,0.238818445739703,"IRF_SQ_25_yrfwd-100","IRF_SQ_25_yrfwd",-0.157894736842105,-0.00509624558905948,-0.158384943125466,0.000582459022514242,0.193113951777128,-0.00509624558905937,0.199225499438931
"604","IRF_SQ_25_yrfwd",103,3649.67,1320.58,0.133915,0.041,1142.3017,3.19501406677413,0.306164357988276,3524.85,1313.54,0.133883,0.042,1136.2121,3.10228169546865,0.313706743948074,"IRF_SQ_25_yrfwd-103","IRF_SQ_25_yrfwd",0.024390243902439,-0.00533099092822852,0.0246350881903986,-0.000238957547698198,-0.0342003523606244,-0.00533099092822848,-0.0290240885853444
"605","IRF_SQ_25_yrfwd",104,3114.66,1320.58,0.133915,0.036,1142.3017,2.72665268728918,0.268827241160438,2415.89,1336.43,0.133896,0.046,1156.01195,2.0898486386754,0.343550218079704,"IRF_SQ_25_yrfwd-104","IRF_SQ_25_yrfwd",0.277777777777778,0.01200230201881,0.277959095948431,-0.000141881043945928,-0.224348725061483,0.01200230201881,-0.233547914474902
"606","IRF_SQ_25_yrfwd",106,3809.82,1320.58,0.133915,0.035,1142.3017,3.33521345542951,0.26135981779487,3542.65,1327.41,0.133961,0.037,1148.20965,3.08536859971522,0.276199789490971,"IRF_SQ_25_yrfwd-106","IRF_SQ_25_yrfwd",0.057142857142857,0.00517196989201717,0.0567798517052404,0.000343501474816044,-0.0701266726512014,0.00517196989201726,-0.0749112040512905
"607","IRF_SQ_25_yrfwd",107,3354.52,1320.58,0.133915,0.035,1142.3017,2.93663223997653,0.26135981779487,3151,1322.17,0.134197,0.037,1143.67705,2.75514840487531,0.275714062162343,"IRF_SQ_25_yrfwd-107","IRF_SQ_25_yrfwd",0.057142857142857,0.0012040164170289,0.0549213895562919,0.00210581338909013,-0.0606703790706271,0.00120401641702899,-0.0617999872883885
"608","IRF_SQ_25_yrfwd",108,2860.95,1320.58,0.133915,0.033,1142.3017,2.50454849187391,0.246424971063734,2489.33,1337.17,0.133895,0.037,1156.65205,2.1521856983697,0.276335934874342,"IRF_SQ_25_yrfwd-108","IRF_SQ_25_yrfwd",0.121212121212121,0.0125626618606977,0.121379597536287,-0.000149348467311504,-0.129893916356455,0.0125626618606977,-0.140689148023069
"609","IRF_SQ_25_yrfwd",11,2955.35,1320.58,0.133915,0.031,1142.3017,2.58718865602669,0.231490124332599,2910.99,1322.11,0.134139,0.031,1143.62515,2.5454057214464,0.231103556758288,"IRF_SQ_25_yrfwd-11","IRF_SQ_25_yrfwd",0,0.00115858183525409,-0.00166990957141473,0.00167270283388718,-0.0150100664895867,0.00115858183525419,-0.0161499373008436
"610","IRF_SQ_25_yrfwd",110,4124.28,1320.58,0.133915,0.036,1142.3017,3.61049974800878,0.268827241160438,4160.47,1319.52,0.133895,0.036,1141.3848,3.64510724165943,0.268867396093954,"IRF_SQ_25_yrfwd-110","IRF_SQ_25_yrfwd",0,-0.000802677611352536,0.000149370775607903,-0.000149348467311504,0.00877486494612405,-0.000802677611352546,0.00958523641214423
"611","IRF_SQ_25_yrfwd",111,3924.29,1320.58,0.133915,0.036,1142.3017,3.43542340871943,0.268827241160438,4251.39,1296.13,0.134029,0.033,1121.15245,3.79198208058146,0.246215371300241,"IRF_SQ_25_yrfwd-111","IRF_SQ_25_yrfwd",-0.0833333333333332,-0.0185145920731799,-0.0841130153424506,0.000851286263674741,0.0833526574233811,-0.0185145920731798,0.10378885786161
"612","IRF_SQ_25_yrfwd",112,4897.74,1320.58,0.133915,0.035,1142.3017,4.28760633027159,0.26135981779487,4723.49,1320.77,0.133801,0.036,1142.46605,4.13446859099227,0.269056285080082,"IRF_SQ_25_yrfwd-112","IRF_SQ_25_yrfwd",0.0285714285714284,0.000143876175619815,0.0294477833285465,-0.000851286263674741,-0.0355776337657777,0.000143876175619845,-0.0357163712065013
"613","IRF_SQ_25_yrfwd",114,3729.5,1320.58,0.133915,0.03,1142.3017,3.26489928186223,0.224022700967031,4276.29,1328.7,0.133923,0.026,1149.3255,3.72069531216353,0.194141409615973,"IRF_SQ_25_yrfwd-114","IRF_SQ_25_yrfwd",-0.133333333333333,0.0061488134001726,-0.133385104375897,5.97393869243942e-05,0.146612146400322,0.00614881340017274,0.139604928346005
"614","IRF_SQ_25_yrfwd",115,4941.29,1320.58,0.133915,0.028,1142.3017,4.3257311093908,0.209087854235896,4164.08,1305.49,0.133863,0.033,1129.24885,3.68747774239487,0.246520696533023,"IRF_SQ_25_yrfwd-115","IRF_SQ_25_yrfwd",0.178571428571429,-0.0114267973163307,0.179029252722133,-0.000388306015009495,-0.157288886100593,-0.0114267973163306,-0.147548090913543
"615","IRF_SQ_25_yrfwd",116,2522.39,1320.58,0.133915,0.037,1142.3017,2.20816444552258,0.276294664526005,3119.51,1308.68,0.134235,0.029,1132.0082,2.75573092138379,0.216039036018922,"IRF_SQ_25_yrfwd-116","IRF_SQ_25_yrfwd",-0.216216216216216,-0.00901119205197716,-0.218084661933136,0.00238957547698157,0.23672786523892,-0.00901119205197706,0.247973594979073
"616","IRF_SQ_25_yrfwd",117,2825.99,1320.58,0.133915,0.035,1142.3017,2.47394361752241,0.26135981779487,3300.79,1345.47,0.133966,0.031,1163.83155,2.83614067688748,0.231401997521759,"IRF_SQ_25_yrfwd-117","IRF_SQ_25_yrfwd",-0.114285714285714,0.0188477790061944,-0.114622900053532,0.00038083859164392,0.168011917947339,0.0188477790061943,0.146404734853172
"617","IRF_SQ_25_yrfwd",118,4104.48,1320.58,0.133915,0.028,1142.3017,3.59316632374792,0.209087854235896,4027.68,1340.69,0.134122,0.028,1159.69685,3.47304556358845,0.208765154113419,"IRF_SQ_25_yrfwd-118","IRF_SQ_25_yrfwd",0,0.0152281573248119,-0.00154337096076698,0.0015457566366724,-0.0187112618407203,0.0152281573248119,-0.0334303367382605
"618","IRF_SQ_25_yrfwd",12,4176.37,1320.58,0.133915,0.031,1142.3017,3.65610066062232,0.231490124332599,3915.75,1324.52,0.134102,0.033,1145.7098,3.41775028894752,0.246081341068739,"IRF_SQ_25_yrfwd-12","IRF_SQ_25_yrfwd",0.0645161290322581,0.00298353753653687,0.0630317028780694,0.00139640816936111,-0.0624034747879139,0.00298353753653702,-0.0651925080296434
"619","IRF_SQ_25_yrfwd",120,4777.76,1320.58,0.133915,0.04,1142.3017,4.18257278265453,0.298696934622708,4400.5,1324.98,0.133699,0.044,1146.1077,3.8395170017617,0.329097450242709,"IRF_SQ_25_yrfwd-120","IRF_SQ_25_yrfwd",0.0999999999999999,0.00333186933014285,0.101777126231311,-0.00161296344696258,-0.0789616891597737,0.00333186933014289,-0.08202027764239
"620","IRF_SQ_25_yrfwd",121,2579.3,1320.58,0.133915,0.04,1142.3017,2.25798490889053,0.298696934622708,3092.85,1315.46,0.134026,0.035,1137.8729,2.71809795276784,0.261143360243535,"IRF_SQ_25_yrfwd-121","IRF_SQ_25_yrfwd",-0.125,-0.00387708431143883,-0.125724672824676,0.000828883993578016,0.19910440817276,-0.00387708431143883,0.203771531893621
"621","IRF_SQ_25_yrfwd",122,3091.43,1320.58,0.133915,0.023,1142.3017,2.70631655367404,0.171750737408057,3540.48,1312.78,0.134069,0.02,1135.5547,3.11784187939163,0.149176916363962,"IRF_SQ_25_yrfwd-122","IRF_SQ_25_yrfwd",-0.130434782608696,-0.00590649563070778,-0.131433619353046,0.00114998319829733,0.145256402376894,-0.00590649563070769,0.152061045910875
"622","IRF_SQ_25_yrfwd",123,4499,1320.58,0.133915,0.039,1142.3017,3.93853917927287,0.291229511257141,4638.36,1334.97,0.133881,0.038,1154.74905,4.01676883821641,0.283834151223848,"IRF_SQ_25_yrfwd-123","IRF_SQ_25_yrfwd",-0.0256410256410257,0.0108967271956263,-0.0253935804835484,-0.000253892394429349,0.0309757723938652,0.0108967271956262,0.019862607779868
"623","IRF_SQ_25_yrfwd",125,3746.59,1320.58,0.133915,0.031,1142.3017,3.27986030310556,0.231490124332599,3436.35,1317.93,0.134035,0.034,1140.00945,3.01431711816073,0.253665087477152,"IRF_SQ_25_yrfwd-125","IRF_SQ_25_yrfwd",0.0967741935483872,-0.00200669402838144,0.0957922641775081,0.000896090803867985,-0.0828059648907407,-0.00200669402838137,-0.0809617362951099
"624","IRF_SQ_25_yrfwd",127,2886.68,1320.58,0.133915,0.031,1142.3017,2.52707318915835,0.231490124332599,3012.77,1319.03,0.134008,0.029,1140.96095,2.64055487613314,0.216404990746821,"IRF_SQ_25_yrfwd-127","IRF_SQ_25_yrfwd",-0.064516129032258,-0.00117372669584583,-0.0651653440044983,0.000694470372997663,0.0436799368132249,-0.00117372669584573,0.0449063713158979
"625","IRF_SQ_25_yrfwd",128,3032.55,1320.58,0.133915,0.033,1142.3017,2.65477150213468,0.246424971063734,3347.65,1330.18,0.134028,0.03,1150.6057,2.90946759606701,0.22383382576775,"IRF_SQ_25_yrfwd-128","IRF_SQ_25_yrfwd",-0.090909090909091,0.00726953308394804,-0.0916755521912655,0.000843818840309166,0.103905953735305,0.00726953308394807,0.0959389889968044
"626","IRF_SQ_25_yrfwd",14,3771,1320.58,0.133915,0.031,1142.3017,3.30122943877261,0.231490124332599,4082.17,1309.88,0.134164,0.029,1133.0462,3.60282749282421,0.216153364538923,"IRF_SQ_25_yrfwd-14","IRF_SQ_25_yrfwd",-0.064516129032258,-0.00810250041648365,-0.0662523286377481,0.00185938841802635,0.0825165738530894,-0.00810250041648353,0.0913593131423588
"627","IRF_SQ_25_yrfwd",15,4128.07,1320.58,0.133915,0.034,1142.3017,3.61381761053144,0.253892394429302,3732.59,1320.43,0.134149,0.038,1142.17195,3.26797554431275,0.28326711343357,"IRF_SQ_25_yrfwd-15","IRF_SQ_25_yrfwd",0.117647058823529,-0.000113586454436539,0.115697514572251,0.00174737706754273,-0.0958026390056369,-0.000113586454436584,-0.0956999227661172
"628","IRF_SQ_25_yrfwd",16,2953.21,1320.58,0.133915,0.028,1142.3017,2.58531524552577,0.209087854235896,2927.42,1309.99,0.133746,0.029,1133.14135,2.58345527678431,0.216828914509593,"IRF_SQ_25_yrfwd-16","IRF_SQ_25_yrfwd",0.0357142857142857,-0.00801920368322999,0.0370230030911473,-0.00126199454878096,-0.00873287033431417,-0.00801920368323003,-0.000719435954540653
"629","IRF_SQ_25_yrfwd",17,2320.8,1320.58,0.133915,0.029,1142.3017,2.03168742548488,0.216555277601464,2672.35,1312.6,0.133763,0.026,1135.399,2.35366597997708,0.194373630974186,"IRF_SQ_25_yrfwd-17","IRF_SQ_25_yrfwd",-0.103448275862069,-0.00604279937603183,-0.102429489934204,-0.00113504835156639,0.151477938641847,-0.00604279937603176,0.15847839114098
"630","IRF_SQ_25_yrfwd",19,3956.68,1320.58,0.133915,0.03,1142.3017,3.46377843961889,0.224022700967031,3720.32,1324.53,0.134165,0.032,1145.71845,3.24715029246496,0.238512279655648,"IRF_SQ_25_yrfwd-19","IRF_SQ_25_yrfwd",0.0666666666666667,0.00299110996683284,0.064679064336203,0.00186685584139193,-0.0597369511812933,0.00299110996683279,-0.0625409941571671
"631","IRF_SQ_25_yrfwd",2,2317.4,1320.58,0.133915,0.032,1142.3017,2.02871097889463,0.238957547698167,2409.55,1314.5,0.133907,0.031,1137.0425,2.1191380269427,0.231503954236896,"IRF_SQ_25_yrfwd-2","IRF_SQ_25_yrfwd",-0.03125,-0.00460403761983368,-0.0311921240114407,-5.97393869246014e-05,0.0397643911279883,-0.00460403761983365,0.0445736474977549
"632","IRF_SQ_25_yrfwd",20,3730.11,1320.58,0.133915,0.036,1142.3017,3.26543329139754,0.268827241160438,4041.55,1316.01,0.134163,0.033,1138.34865,3.55036218473137,0.245969455065853,"IRF_SQ_25_yrfwd-20","IRF_SQ_25_yrfwd",-0.0833333333333332,-0.00346060064517113,-0.0850277895793423,0.00185192099466078,0.0834935162769999,-0.00346060064517101,0.0872560753528321
"633","IRF_SQ_25_yrfwd",21,3156.85,1320.58,0.133915,0.034,1142.3017,2.76358688777229,0.253892394429302,3239.82,1325.44,0.13405,0.033,1146.5056,2.82582134792887,0.246176799701604,"IRF_SQ_25_yrfwd-21","IRF_SQ_25_yrfwd",-0.0294117647058824,0.00368020112374863,-0.0303892314105799,0.00100810215435161,0.0262825284698355,0.00368020112374875,0.0225194512363407
"634","IRF_SQ_25_yrfwd",22,2872.96,1320.58,0.133915,0.038,1142.3017,2.51506235174123,0.283762087891573,3201.26,1344.98,0.133951,0.034,1163.4077,2.75162352802031,0.253824159580742,"IRF_SQ_25_yrfwd-22","IRF_SQ_25_yrfwd",-0.105263157894737,0.0184767299217011,-0.105503622888024,0.000268827241160292,0.114272388059702,0.0184767299217011,0.0940577779772789
"635","IRF_SQ_25_yrfwd",23,3467.27,1320.58,0.133915,0.03,1142.3017,3.03533646146198,0.224022700967031,3441.72,1318.05,0.133986,0.03,1140.11325,3.01875274232626,0.223903989969101,"IRF_SQ_25_yrfwd-23","IRF_SQ_25_yrfwd",0,-0.00191582486483221,-0.000529906109593493,0.000530187058955216,-0.00736890983396164,-0.0019158248648321,-0.00546355217824286
"636","IRF_SQ_25_yrfwd",26,2648.64,1320.58,0.133915,0.034,1142.3017,2.31868691082225,0.253892394429302,3050.76,1311.41,0.133955,0.029,1134.36965,2.68938789044647,0.21649061251913,"IRF_SQ_25_yrfwd-26","IRF_SQ_25_yrfwd",-0.147058823529412,-0.00694391858122936,-0.14731351836767,0.000298696934622593,0.151821312069591,-0.00694391858122934,0.159875392358499
"637","IRF_SQ_25_yrfwd",27,4722.58,1320.58,0.133915,0.04,1142.3017,4.13426680534573,0.298696934622708,4283.14,1301.08,0.13432,0.044,1125.4342,3.80576669875502,0.327575938058368,"IRF_SQ_25_yrfwd-27","IRF_SQ_25_yrfwd",0.0999999999999999,-0.0147662390767694,0.096683293627159,0.00302430646305484,-0.0930508323839934,-0.0147662390767693,-0.0794578874701433
"638","IRF_SQ_25_yrfwd",28,2978.17,1320.58,0.133915,0.036,1142.3017,2.60716586520006,0.268827241160438,2898.36,1314.39,0.133922,0.037,1136.94735,2.54924733322084,0.276280222816266,"IRF_SQ_25_yrfwd-28","IRF_SQ_25_yrfwd",0.0277777777777778,-0.00468733435308714,0.0277240566233412,5.22719635590263e-05,-0.0267983358908323,-0.00468733435308715,-0.0222151312857794
"639","IRF_SQ_25_yrfwd",29,3705.68,1320.58,0.133915,0.032,1142.3017,3.24404664722113,0.238957547698167,3629.08,1328.48,0.133731,0.033,1149.1352,3.15809662779454,0.246764026291585,"IRF_SQ_25_yrfwd-29","IRF_SQ_25_yrfwd",0.03125,0.00598221993366547,0.0326688931511768,-0.00137400589926459,-0.0206709699704238,0.00598221993366558,-0.026494692824538
"640","IRF_SQ_25_yrfwd",3,3571.45,1320.58,0.133915,0.03,1142.3017,3.12653828668906,0.224022700967031,3953.8,1307.11,0.133947,0.027,1130.65015,3.49692608274982,0.201572263656521,"IRF_SQ_25_yrfwd-3","IRF_SQ_25_yrfwd",-0.1,-0.0102000636084145,-0.100215010414567,0.000238957547698198,0.107057357655854,-0.0102000636084145,0.118465779753172
"641","IRF_SQ_25_yrfwd",30,2894.74,1320.58,0.133915,0.034,1142.3017,2.53412911842817,0.253892394429302,3516.63,1315.76,0.13409,0.028,1138.1324,3.08982505023141,0.20881497501678,"IRF_SQ_25_yrfwd-30","IRF_SQ_25_yrfwd",-0.176470588235294,-0.00364991140256556,-0.177545371194939,0.00130679908897421,0.214834492907826,-0.00364991140256549,0.219284774308549
"642","IRF_SQ_25_yrfwd",31,3400.42,1320.58,0.133915,0.031,1142.3017,2.97681426894489,0.231490124332599,2976.67,1319.28,0.134088,0.035,1141.1772,2.60842049771061,0.261022612015989,"IRF_SQ_25_yrfwd-31","IRF_SQ_25_yrfwd",0.129032258064516,-0.000984415938451396,0.127575583487782,0.00129186424224326,-0.124616959081525,-0.000984415938451252,-0.123754368916288
"643","IRF_SQ_25_yrfwd",33,3019.94,1320.58,0.133915,0.032,1142.3017,2.64373238698673,0.238957547698167,3029.18,1306.53,0.133815,0.032,1130.14845,2.68033814495786,0.239136120763741,"IRF_SQ_25_yrfwd-33","IRF_SQ_25_yrfwd",0,-0.0106392645655697,0.00074730037738688,-0.000746742336556896,0.00305966343702186,-0.0106392645655696,0.0138462418326884
"644","IRF_SQ_25_yrfwd",35,3366.17,1320.58,0.133915,0.034,1142.3017,2.94683094667547,0.253892394429302,3433.51,1326.15,0.133594,0.033,1147.11975,2.99315742754843,0.247017081605461,"IRF_SQ_25_yrfwd-35","IRF_SQ_25_yrfwd",-0.0294117647058824,0.00421784367474905,-0.0270796328471954,-0.00239704290034735,0.0200049314205759,0.0042178436747491,0.0157207799535378
"645","IRF_SQ_25_yrfwd",36,2515.1,1320.58,0.133915,0.035,1142.3017,2.2017825938629,0.26135981779487,2756.82,1297.39,0.134163,0.032,1122.24235,2.4565282178132,0.238515835215372,"IRF_SQ_25_yrfwd-36","IRF_SQ_25_yrfwd",-0.0857142857142858,-0.0175604658559118,-0.0874043407752404,0.00185192099466078,0.0961075106357601,-0.0175604658559117,0.115699717429125
"646","IRF_SQ_25_yrfwd",38,3123.35,1320.58,0.133915,0.038,1142.3017,2.73426013460367,0.283762087891573,3242.66,1301.86,0.133941,0.037,1126.1089,2.87952612753527,0.276241031498944,"IRF_SQ_25_yrfwd-38","IRF_SQ_25_yrfwd",-0.0263157894736842,-0.0141755895136986,-0.0265047964952361,0.000194153007504747,0.0381993692669729,-0.0141755895136985,0.0531280806435247
"647","IRF_SQ_25_yrfwd",4,3228.38,1320.58,0.133915,0.036,1142.3017,2.82620607147831,0.268827241160438,3277.82,1306.29,0.133761,0.036,1129.94085,2.90087751053518,0.26913674389396,"IRF_SQ_25_yrfwd-4","IRF_SQ_25_yrfwd",0,-0.0108210028926684,0.00115130718221328,-0.00114998319829754,0.0153141823453249,-0.0108210028926683,0.0264210879066588
"648","IRF_SQ_25_yrfwd",40,4052.18,1320.58,0.133915,0.033,1142.3017,3.54738157178616,0.246424971063734,3646.52,1310.13,0.133935,0.035,1133.26245,3.21771889644804,0.261320789935416,"IRF_SQ_25_yrfwd-40","IRF_SQ_25_yrfwd",0.0606060606060607,-0.00791318965908902,0.0604476843697363,0.000149348467311296,-0.100109077089369,-0.00791318965908905,-0.0929312701966059
"649","IRF_SQ_25_yrfwd",41,2952.51,1320.58,0.133915,0.039,1142.3017,2.58470244769836,0.291229511257141,2475.02,1312.99,0.133936,0.047,1135.73635,2.1792205558975,0.350913869310716,"IRF_SQ_25_yrfwd-41","IRF_SQ_25_yrfwd",0.205128205128205,-0.00574747459449643,0.204939251506269,0.000156815890676871,-0.161723414992667,-0.0057474745944963,-0.156877590363229
"650","IRF_SQ_25_yrfwd",42,4423.19,1320.58,0.133915,0.03,1142.3017,3.872173174565,0.224022700967031,4373.61,1299.51,0.13417,0.03,1124.07615,3.89084849811999,0.223596929268838,"IRF_SQ_25_yrfwd-42","IRF_SQ_25_yrfwd",0,-0.0159551106332067,-0.00190057389878519,0.00190419295821981,-0.0112091047411483,-0.0159551106332066,0.00482295669978262
"651","IRF_SQ_25_yrfwd",43,3505.53,1320.58,0.133915,0.036,1142.3017,3.06883023985695,0.268827241160438,3783.5,1311.81,0.134076,0.034,1134.71565,3.33431551772464,0.253587517527373,"IRF_SQ_25_yrfwd-43","IRF_SQ_25_yrfwd",-0.0555555555555554,-0.00664102136939839,-0.0566896552867193,0.00120225516185636,0.0792947143513248,-0.00664102136939828,0.0865102521539497
"652","IRF_SQ_25_yrfwd",44,2920.03,1320.58,0.133915,0.03,1142.3017,2.55626862850681,0.224022700967031,3428.19,1333.69,0.133955,0.027,1153.64185,2.97162416568019,0.201560225448845,"IRF_SQ_25_yrfwd-44","IRF_SQ_25_yrfwd",-0.1,0.00992745611776643,-0.100268746967265,0.000298696934622593,0.174025609325932,0.00992745611776653,0.162485089611258
"653","IRF_SQ_25_yrfwd",47,2497.94,1320.58,0.133915,0.033,1142.3017,2.18676029283682,0.246424971063734,2647.29,1315.04,0.133889,0.031,1137.5096,2.32726827096668,0.231535077564251,"IRF_SQ_25_yrfwd-47","IRF_SQ_25_yrfwd",-0.0606060606060607,-0.00419512638386174,-0.060423639029798,-0.000194153007504747,0.0597892663554769,-0.00419512638386161,0.0642539461641591
"654","IRF_SQ_25_yrfwd",48,2816.64,1320.58,0.133915,0.033,1142.3017,2.46575838939923,0.246424971063734,2567.89,1311.81,0.134022,0.037,1134.71565,2.26302510236816,0.276074077390279,"IRF_SQ_25_yrfwd-48","IRF_SQ_25_yrfwd",0.121212121212121,-0.00664102136939839,0.120316971930886,0.000799014300115715,-0.0883144455805499,-0.00664102136939828,-0.082219445304398
"655","IRF_SQ_25_yrfwd",49,2377.55,1320.58,0.133915,0.033,1142.3017,2.081367820778,0.246424971063734,2630.3,1300.7,0.134109,0.029,1125.1055,2.33782520839157,0.216242012094639,"IRF_SQ_25_yrfwd-49","IRF_SQ_25_yrfwd",-0.121212121212121,-0.0150539914280088,-0.122483362131708,0.00144868013292013,0.106306912578074,-0.0150539914280088,0.123215793505307
"656","IRF_SQ_25_yrfwd",5,5596.85,1320.58,0.133915,0.037,1142.3017,4.89962502900941,0.276294664526005,4815.73,1311.14,0.134185,0.043,1134.1361,4.2461658702161,0.320453105786787,"IRF_SQ_25_yrfwd-5","IRF_SQ_25_yrfwd",0.162162162162162,-0.00714837419921533,0.159823720579394,0.00201620430870323,-0.139564219158991,-0.00714837419921537,-0.133369218036961
"657","IRF_SQ_25_yrfwd",50,4274.3,1320.58,0.133915,0.034,1142.3017,3.74183107667615,0.253892394429302,4517.12,1333.62,0.133799,0.033,1153.5813,3.91573615140953,0.246638614638375,"IRF_SQ_25_yrfwd-50","IRF_SQ_25_yrfwd",-0.0294117647058824,0.00987444910569585,-0.0285702917853514,-0.000866221110405892,0.0568093021079474,0.00987444910569596,0.0464759288085912
"658","IRF_SQ_25_yrfwd",51,3016.54,1320.58,0.133915,0.041,1142.3017,2.64075594039648,0.306164357988276,3044.06,1322.94,0.134192,0.041,1144.3431,2.66009381277346,0.305532371527364,"IRF_SQ_25_yrfwd-51","IRF_SQ_25_yrfwd",0,0.00178709354980393,-0.00206420651007502,0.00206847627226225,0.00912303500036465,0.00178709354980397,0.00732285482393866
"659","IRF_SQ_25_yrfwd",52,3171.92,1320.58,0.133915,0.034,1142.3017,2.77677954957084,0.253892394429302,3245.36,1304.37,0.134169,0.033,1128.28005,2.87637807652453,0.2459584553809,"IRF_SQ_25_yrfwd-52","IRF_SQ_25_yrfwd",-0.0294117647058824,-0.0122749095094581,-0.0312492190490221,0.00189672553485423,0.0231531690584883,-0.012274909509458,0.0358683594342546
"660","IRF_SQ_25_yrfwd",54,3569.31,1320.58,0.133915,0.029,1142.3017,3.12466487618814,0.216555277601464,3312.13,1312.64,0.134042,0.032,1135.4336,2.9170618167368,0.238731143969801,"IRF_SQ_25_yrfwd-54","IRF_SQ_25_yrfwd",0.103448275862069,-0.00601250965484855,0.10240279809365,0.000948362767427011,-0.0720531419237891,-0.0060125096548485,-0.0664401040359258
"661","IRF_SQ_25_yrfwd",55,4035.93,1320.58,0.133915,0.037,1142.3017,3.53315590793571,0.276294664526005,3463.47,1323.86,0.133906,0.044,1145.1389,3.02449772686964,0.328588711484175,"IRF_SQ_25_yrfwd-55","IRF_SQ_25_yrfwd",0.189189189189189,0.0024837571370155,0.189269116173064,-6.72068102901766e-05,-0.141840913990084,0.00248375713701553,-0.143967091835258
"662","IRF_SQ_25_yrfwd",56,4287.72,1320.58,0.133915,0.032,1142.3017,3.75357928645296,0.238957547698167,3842.46,1316.97,0.133992,0.036,1139.17905,3.37300795691424,0.268672756582483,"IRF_SQ_25_yrfwd-56","IRF_SQ_25_yrfwd",0.125,-0.00273364733677628,0.124353506179473,0.000574991599148667,-0.103845400352635,-0.00273364733677619,-0.101388914552103
"663","IRF_SQ_25_yrfwd",57,3255.8,1320.58,0.133915,0.031,1142.3017,2.8502102378032,0.231490124332599,3775.16,1330.69,0.133945,0.027,1151.04685,3.27976224425617,0.201575273433126,"IRF_SQ_25_yrfwd-57","IRF_SQ_25_yrfwd",-0.129032258064516,0.00765572702903267,-0.129227330909774,0.000224022700967048,0.159518397935991,0.00765572702903279,0.150708884823897
"664","IRF_SQ_25_yrfwd",58,2661.49,1320.58,0.133915,0.035,1142.3017,2.32993612808245,0.26135981779487,2877.25,1322.96,0.134362,0.032,1144.3604,2.51428658314286,0.238162575728256,"IRF_SQ_25_yrfwd-58","IRF_SQ_25_yrfwd",-0.0857142857142858,0.00180223841039547,-0.0887559620385866,0.00333793824440879,0.0810673720359649,0.00180223841039552,0.0791225359521486
"665","IRF_SQ_25_yrfwd",59,2163.5,1320.58,0.133915,0.031,1142.3017,1.8939829994125,0.231490124332599,2768.3,1313.93,0.133908,0.024,1136.54945,2.43570572314297,0.179227529348508,"IRF_SQ_25_yrfwd-59","IRF_SQ_25_yrfwd",-0.225806451612903,-0.00503566614669312,-0.22576598088047,-5.22719635590263e-05,0.279547030275017,-0.00503566614669302,0.286023012824566
"666","IRF_SQ_25_yrfwd",6,2771.59,1320.58,0.133915,0.037,1142.3017,2.42632047207844,0.276294664526005,2386.93,1310.91,0.133972,0.044,1133.93715,2.10499320883878,0.328426835458155,"IRF_SQ_25_yrfwd-6","IRF_SQ_25_yrfwd",0.189189189189189,-0.00732254009601842,0.188683234334564,0.000425643131837371,-0.138786761389672,-0.0073225400960183,-0.132433974381134
"667","IRF_SQ_25_yrfwd",60,2545.78,1320.58,0.133915,0.038,1142.3017,2.22864064721255,0.283762087891573,2860.13,1320.53,0.134058,0.034,1142.25845,2.50392544699494,0.253621566784526,"IRF_SQ_25_yrfwd-60","IRF_SQ_25_yrfwd",-0.105263157894737,-3.78621514788463e-05,-0.106217575896058,0.00106784154127621,0.123478855203513,-3.78621514788612e-05,0.123521394140728
"668","IRF_SQ_25_yrfwd",61,2260.05,1320.58,0.133915,0.027,1142.3017,1.97850532832088,0.201620430870328,2815.31,1331.73,0.133928,0.021,1151.94645,2.44395909202203,0.156800669016188,"IRF_SQ_25_yrfwd-61","IRF_SQ_25_yrfwd",-0.222222222222222,0.00844325977979367,-0.222297718840637,9.70765037522701e-05,0.245684829981637,0.0084432597797938,0.23525524901981
"669","IRF_SQ_25_yrfwd",63,2211.61,1320.58,0.133915,0.036,1142.3017,1.93609971866452,0.268827241160438,2561.78,1354.05,0.133907,0.031,1171.25325,2.18721271424434,0.231503954236896,"IRF_SQ_25_yrfwd-63","IRF_SQ_25_yrfwd",-0.138888888888889,0.0253449241999727,-0.138837443565725,-5.97393869246014e-05,0.158332617414463,0.0253449241999728,0.129700445260656
"670","IRF_SQ_25_yrfwd",64,2721.74,1320.58,0.133915,0.03,1142.3017,2.38268051251259,0.224022700967031,2770.83,1316.32,0.133772,0.029,1138.6168,2.43350528465767,0.216786771521694,"IRF_SQ_25_yrfwd-64","IRF_SQ_25_yrfwd",-0.0333333333333332,-0.00322585530600188,-0.0322999830557465,-0.00106784154127621,0.0180362562184485,-0.0032258553060019,0.0213309219923414
"671","IRF_SQ_25_yrfwd",65,3581,1320.58,0.133915,0.031,1142.3017,3.13489859990579,0.231490124332599,3814.76,1324.48,0.133819,0.029,1145.6752,3.32970461436191,0.216710631524671,"IRF_SQ_25_yrfwd-65","IRF_SQ_25_yrfwd",-0.064516129032258,0.00295324781535379,-0.0638450251410848,-0.000716872643094595,0.0652778553476683,0.00295324781535393,0.0621410894955182
"672","IRF_SQ_25_yrfwd",66,3850.34,1320.58,0.133915,0.033,1142.3017,3.37068569538153,0.246424971063734,3683.61,1296.5,0.133909,0.035,1121.4725,3.28461910568471,0.261371528426021,"IRF_SQ_25_yrfwd-66","IRF_SQ_25_yrfwd",0.0606060606060607,-0.0182344121522361,0.0606535827021382,-4.48045401934511e-05,-0.0433026693746526,-0.0182344121522361,-0.025533852003686
"673","IRF_SQ_25_yrfwd",69,3023.17,1320.58,0.133915,0.034,1142.3017,2.64656001124747,0.253892394429302,3204.62,1299.08,0.134125,0.033,1123.7042,2.85183591909686,0.246039142590867,"IRF_SQ_25_yrfwd-69","IRF_SQ_25_yrfwd",-0.0294117647058824,-0.0162807251359252,-0.0309314182336494,0.00156815890676913,0.0600197805614636,-0.0162807251359251,0.0775632923406238
"674","IRF_SQ_25_yrfwd",70,3916.39,1320.58,0.133915,0.035,1142.3017,3.42850754752444,0.26135981779487,3790.63,1312.92,0.133904,0.036,1135.6758,3.33777474170005,0.268849324889473,"IRF_SQ_25_yrfwd-70","IRF_SQ_25_yrfwd",0.0285714285714284,-0.00580048160656681,0.0286559240735367,-8.2141657021327e-05,-0.0321112044510378,-0.0058004816065667,-0.0264642281128717
"675","IRF_SQ_25_yrfwd",71,2955.32,1320.58,0.133915,0.031,1142.3017,2.58716239326266,0.231490124332599,3367.66,1304.66,0.134037,0.028,1128.5309,2.98410969517981,0.208897543215679,"IRF_SQ_25_yrfwd-71","IRF_SQ_25_yrfwd",-0.0967741935483871,-0.0120553090308804,-0.0975963064603971,0.000911025650599135,0.139524653844592,-0.0120553090308803,0.153429604168206
"676","IRF_SQ_25_yrfwd",72,2894.59,1320.58,0.133915,0.032,1142.3017,2.53399780460801,0.238957547698167,2947.38,1333.09,0.134147,0.031,1153.12285,2.55599826159026,0.231089774650197,"IRF_SQ_25_yrfwd-72","IRF_SQ_25_yrfwd",-0.03125,0.00947311030001968,-0.0329254008662138,0.00173244222081158,0.01823747059169,0.00947311030001968,0.00868211367122563
"677","IRF_SQ_25_yrfwd",73,2782.29,1320.58,0.133915,0.03,1142.3017,2.43568752458304,0.224022700967031,3090.48,1323.33,0.134194,0.027,1144.68045,2.69986265599277,0.201201245957345,"IRF_SQ_25_yrfwd-73","IRF_SQ_25_yrfwd",-0.1,0.00208241833133913,-0.101871171587403,0.0020834111189934,0.110768467701066,0.00208241833133926,0.108460189882096
"678","IRF_SQ_25_yrfwd",74,3278.82,1320.58,0.133915,0.026,1142.3017,2.87036253207012,0.19415300750476,3667.95,1321.66,0.134226,0.023,1143.2359,3.20839294847196,0.171352793050527,"IRF_SQ_25_yrfwd-74","IRF_SQ_25_yrfwd",-0.115384615384615,0.000817822471944274,-0.117434258409181,0.0023223686666916,0.118679890936373,0.000817822471944263,0.117765756981944
"679","IRF_SQ_25_yrfwd",75,3776.55,1320.58,0.133915,0.032,1142.3017,3.30608805011846,0.238957547698167,3328.1,1319.73,0.133663,0.038,1141.56645,2.91538000262709,0.284297075480874,"IRF_SQ_25_yrfwd-75","IRF_SQ_25_yrfwd",0.1875,-0.000643656575141183,0.189738839469412,-0.00188179068812308,-0.118745945373423,-0.000643656575141157,-0.118178355073564
"680","IRF_SQ_25_yrfwd",76,2192.19,1320.58,0.133915,0.028,1142.3017,1.91909895608139,0.209087854235896,2508.38,1327.71,0.133963,0.024,1148.46915,2.18410742682988,0.179153945492412,"IRF_SQ_25_yrfwd-76","IRF_SQ_25_yrfwd",-0.142857142857143,0.00539914280089064,-0.143164263906558,0.000358436321547194,0.144234760673117,0.0053991428008906,0.13809004997304
"681","IRF_SQ_25_yrfwd",77,3868.41,1320.58,0.133915,0.036,1142.3017,3.38650463358323,0.268827241160438,4500.89,1321.03,0.134203,0.031,1142.69095,3.93885153286635,0.230993345901358,"IRF_SQ_25_yrfwd-77","IRF_SQ_25_yrfwd",-0.138888888888889,0.000340759363310015,-0.1407368356561,0.00215061792928337,0.163498698431656,0.000340759363310095,0.163102360411857
"682","IRF_SQ_25_yrfwd",78,3512.29,1320.58,0.133915,0.035,1142.3017,3.07474811601874,0.26135981779487,3605.64,1304.25,0.134073,0.034,1128.17625,3.19598998826646,0.253593191768663,"IRF_SQ_25_yrfwd-78","IRF_SQ_25_yrfwd",-0.0285714285714286,-0.0123657786730073,-0.0297162206942699,0.00117985289175963,0.0265781014665645,-0.0123657786730073,0.0394314811076986
"683","IRF_SQ_25_yrfwd",79,2449.02,1320.58,0.133915,0.034,1142.3017,2.14393447895595,0.253892394429302,2578.91,1328.77,0.133876,0.032,1149.38605,2.24372829303087,0.239027159460994,"IRF_SQ_25_yrfwd-79","IRF_SQ_25_yrfwd",-0.0588235294117648,0.00620182041224318,-0.0585493511994418,-0.000291229511257225,0.0530375415472311,0.00620182041224315,0.0465470447228957
"684","IRF_SQ_25_yrfwd",80,3180.91,1320.58,0.133915,0.031,1142.3017,2.78464962452564,0.231490124332599,3717.48,1303.35,0.134029,0.027,1127.39775,3.2973988106682,0.201448940154743,"IRF_SQ_25_yrfwd-80","IRF_SQ_25_yrfwd",-0.129032258064516,-0.0130472973996275,-0.129773070296053,0.000851286263674741,0.168684433071039,-0.0130472973996275,0.184134183929837
"685","IRF_SQ_25_yrfwd",81,3153.09,1320.58,0.133915,0.035,1142.3017,2.76029528801367,0.26135981779487,3229.8,1330.38,0.133944,0.034,1150.7787,2.80662129043577,0.253837424595353,"IRF_SQ_25_yrfwd-81","IRF_SQ_25_yrfwd",-0.0285714285714286,0.00742098168986362,-0.0287817510089504,0.000216555277601473,0.0243285158368458,0.00742098168986368,0.016782987901067
"686","IRF_SQ_25_yrfwd",82,2900.5,1320.58,0.133915,0.027,1142.3017,2.53917156912224,0.201620430870328,3222.03,1320.02,0.134194,0.024,1141.8173,2.8218437397997,0.178845551962085,"IRF_SQ_25_yrfwd-82","IRF_SQ_25_yrfwd",-0.111111111111111,-0.000424056096563675,-0.112959181814719,0.0020834111189934,0.110853301154973,-0.00042405609656359,0.11132456511207
"687","IRF_SQ_25_yrfwd",83,3307.72,1320.58,0.133915,0.035,1142.3017,2.89566232808723,0.26135981779487,3132.76,1319.55,0.134022,0.037,1141.41075,2.74463859745495,0.276074077390279,"IRF_SQ_25_yrfwd-83","IRF_SQ_25_yrfwd",0.057142857142857,-0.000779960320465228,0.056298859249121,0.000799014300115715,-0.0528944408837506,-0.000779960320465229,-0.0521551595182172
"688","IRF_SQ_25_yrfwd",84,2888.07,1320.58,0.133915,0.032,1142.3017,2.52829003055848,0.238957547698167,2687.84,1325.52,0.134156,0.034,1146.5748,2.34423432295913,0.253436298041087,"IRF_SQ_25_yrfwd-84","IRF_SQ_25_yrfwd",0.0625000000000001,0.00374078056611479,0.0605913078803782,0.00179964903110175,-0.0693300370143383,0.00374078056611493,-0.0727984943874061
"689","IRF_SQ_25_yrfwd",85,4510.85,1320.58,0.133915,0.032,1142.3017,3.94891297106535,0.238957547698167,4196.67,1305.18,0.133894,0.035,1128.9807,3.71722032094968,0.26140080959565,"IRF_SQ_25_yrfwd-85","IRF_SQ_25_yrfwd",0.0937500000000001,-0.0116615426554998,0.0939215442812971,-0.000156815890676871,-0.0696498442643848,-0.0116615426554998,-0.0586725136292783
"690","IRF_SQ_25_yrfwd",86,4196.33,1320.58,0.133915,0.04,1142.3017,3.67357415295801,0.298696934622708,4499.25,1314.62,0.133948,0.038,1137.1463,3.95661490522372,0.283692179054558,"IRF_SQ_25_yrfwd-86","IRF_SQ_25_yrfwd",-0.05,-0.00451316845628445,-0.05023404604772,0.000246424971063774,0.0721868871132633,-0.00451316845628439,0.077047785203354
"691","IRF_SQ_25_yrfwd",87,3523.24,1320.58,0.133915,0.026,1142.3017,3.08433402489027,0.19415300750476,3252.72,1313.54,0.134381,0.028,1136.2121,2.86277535681938,0.208362789382428,"IRF_SQ_25_yrfwd-87","IRF_SQ_25_yrfwd",0.076923076923077,-0.00533099092822852,0.0731885746210689,0.00347981928835451,-0.0767815987556908,-0.00533099092822848,-0.0718335518406672
"692","IRF_SQ_25_yrfwd",88,3084.62,1320.58,0.133915,0.035,1142.3017,2.70035490623887,0.26135981779487,3640.65,1327.85,0.133886,0.03,1148.59025,3.16966820848427,0.224071224773315,"IRF_SQ_25_yrfwd-88","IRF_SQ_25_yrfwd",-0.142857142857143,0.00550515682503141,-0.142671483842331,-0.000216555277601473,0.180258832530425,0.00550515682503141,0.173796896534269
"693","IRF_SQ_25_yrfwd",89,3240.16,1320.58,0.133915,0.034,1142.3017,2.83651858348806,0.253892394429302,2722.61,1324.12,0.134305,0.042,1145.3638,2.3770700628045,0.31272104538178,"IRF_SQ_25_yrfwd-89","IRF_SQ_25_yrfwd",0.235294117647059,0.0026806403247057,0.231707023302974,0.00291229511257142,-0.159729766431287,0.00268064032470578,-0.16197620680439
"694","IRF_SQ_25_yrfwd",9,3587.53,1320.58,0.133915,0.034,1142.3017,3.14061512821,0.253892394429302,3841.21,1331.4,0.133838,0.032,1151.661,3.33536518124691,0.239095025329129,"IRF_SQ_25_yrfwd-9","IRF_SQ_25_yrfwd",-0.0588235294117648,0.00819336958003308,-0.0582820495014605,-0.000574991599148667,0.0707116038054037,0.00819336958003314,0.0620101620499774
"695","IRF_SQ_25_yrfwd",90,2811.6,1320.58,0.133915,0.033,1142.3017,2.46134624504192,0.246424971063734,3864.95,1328.68,0.134031,0.025,1149.3082,3.36284905998234,0.186524013101447,"IRF_SQ_25_yrfwd-90","IRF_SQ_25_yrfwd",-0.242424242424242,0.00613366853958106,-0.243079902591508,0.000866221110405892,0.374644330630246,0.0061336685395812,0.366264119384419
"696","IRF_SQ_25_yrfwd",91,3168.88,1320.58,0.133915,0.03,1142.3017,2.77411825614897,0.224022700967031,3557.21,1328.25,0.133995,0.027,1148.93625,3.09608997017894,0.201500055972238,"IRF_SQ_25_yrfwd-91","IRF_SQ_25_yrfwd",-0.1,0.00580805403686258,-0.100537333482593,0.000597393869245392,0.122544873898664,0.00580805403686265,0.116062721304798
"697","IRF_SQ_25_yrfwd",93,2604.37,1320.58,0.133915,0.034,1142.3017,2.27993182536628,0.253892394429302,2896.97,1308.06,0.133852,0.031,1131.4719,2.56035523286084,0.231599079580432,"IRF_SQ_25_yrfwd-93","IRF_SQ_25_yrfwd",-0.0882352941176471,-0.00948068273031545,-0.0878061546466597,-0.000470447672030822,0.112349627741066,-0.00948068273031545,0.122996400319784
"698","IRF_SQ_25_yrfwd",95,3957.36,1320.58,0.133915,0.034,1142.3017,3.46437372893693,0.253892394429302,3802.59,1323.68,0.134274,0.035,1144.9832,3.32108802993791,0.260661036388281,"IRF_SQ_25_yrfwd-95","IRF_SQ_25_yrfwd",0.0294117647058824,0.00234745339169165,0.026659490821665,0.00268080498823879,-0.0391094062708472,0.00234745339169163,-0.041359769531273
"699","IRF_SQ_25_yrfwd",97,3724.67,1320.58,0.133915,0.031,1142.3017,3.26067097685314,0.231490124332599,3778.1,1315.82,0.134005,0.031,1138.1843,3.31940969489739,0.231334651692101,"IRF_SQ_25_yrfwd-97","IRF_SQ_25_yrfwd",0,-0.00360447682079094,-0.000671616730719046,0.000672068102901144,0.0143448949839851,-0.00360447682079086,0.0180143039457912
"700","IRF_SQ_25_yrfwd",99,2948.5,1320.58,0.133915,0.026,1142.3017,2.5811919915728,0.19415300750476,3064.11,1323.04,0.133947,0.025,1144.4296,2.67741239828121,0.186640984867149,"IRF_SQ_25_yrfwd-99","IRF_SQ_25_yrfwd",-0.0384615384615384,0.00186281785276163,-0.0386912504429134,0.000238957547698198,0.0392097676784806,0.00186281785276169,0.0372775086171605
"701","IRFSelex_poorrec_25_yrfwd",1,2288.67,1307.9,0.139546,0.033,1131.3335,2.02298438082139,0.236481160334227,2277.6,1271.95,0.139587,0.034,1100.23675,2.070099912587,0.243575691146024,"IRFSelex_poorrec_25_yrfwd-1","IRFSelex_poorrec_25_yrfwd",0.0303030303030303,-0.0274868109182659,0.0300004059594854,0.000293809926475753,-0.00483687032206485,-0.027486810918266,0.0232901114869069
"702","IRFSelex_poorrec_25_yrfwd",10,2204.34,1307.9,0.139546,0.036,1131.3335,1.94844402645197,0.257979447637338,2620.18,1286.02,0.139604,0.03,1112.4073,2.3554142444049,0.214893556058566,"IRFSelex_poorrec_25_yrfwd-10","IRFSelex_poorrec_25_yrfwd",-0.166666666666667,-0.0167291077299487,-0.167012884062539,0.000415633554526841,0.188646034640754,-0.0167291077299489,0.208869340062085
"703","IRFSelex_poorrec_25_yrfwd",100,2050.51,1307.9,0.139546,0.038,1131.3335,1.81247174241724,0.272311639172746,2457.41,1275.57,0.139622,0.032,1103.36805,2.22718973963402,0.229190242225437,"IRFSelex_poorrec_25_yrfwd-100","IRFSelex_poorrec_25_yrfwd",-0.157894736842105,-0.0247190152152305,-0.158353117326556,0.00054462327834544,0.198438437266826,-0.0247190152152306,0.228813496790675
"704","IRFSelex_poorrec_25_yrfwd",103,1974.34,1307.9,0.139546,0.041,1131.3335,1.74514411532939,0.293809926475857,2127.13,1318.72,0.139557,0.038,1140.6928,1.86477025190305,0.272290175340542,"IRFSelex_poorrec_25_yrfwd-103","IRFSelex_poorrec_25_yrfwd",-0.0731707317073171,0.00827280373117218,-0.0732437851689936,7.88270534446222e-05,0.0773878865848842,0.00827280373117206,0.0685479987141849
"705","IRFSelex_poorrec_25_yrfwd",104,2077.73,1307.9,0.139546,0.036,1131.3335,1.83653184494227,0.257979447637338,1791.22,1298.58,0.139605,0.042,1123.2717,1.59464535606123,0.300848823466208,"IRFSelex_poorrec_25_yrfwd-104","IRFSelex_poorrec_25_yrfwd",0.166666666666667,-0.00712592705864358,0.166173608872653,0.000422799650294552,-0.137895684232311,-0.00712592705864375,-0.131708300919035
"706","IRFSelex_poorrec_25_yrfwd",106,1984.86,1307.9,0.139546,0.035,1131.3335,1.7544428764816,0.250813351869634,2349.83,1286.93,0.139587,0.03,1113.19445,2.11088907243474,0.214919727481786,"IRFSelex_poorrec_25_yrfwd-106","IRFSelex_poorrec_25_yrfwd",-0.142857142857143,-0.0160333358819482,-0.143108905966479,0.000293809926475753,0.183876948500146,-0.0160333358819482,0.203167741014151
"707","IRFSelex_poorrec_25_yrfwd",107,2267.21,1307.9,0.139546,0.035,1131.3335,2.004015615201,0.250813351869634,2993.51,1284.95,0.139616,0.026,1111.48175,2.69326059559682,0.18622507449003,"IRFSelex_poorrec_25_yrfwd-107","IRFSelex_poorrec_25_yrfwd",-0.257142857142857,-0.0175472130896858,-0.257515307291837,0.000501626703739174,0.320349680885317,-0.0175472130896858,0.343931941032652
"708","IRFSelex_poorrec_25_yrfwd",108,2059.3,1307.9,0.139546,0.033,1131.3335,1.82024133467276,0.236481160334227,2032.87,1298.55,0.139615,0.033,1123.24575,1.80981766456717,0.236364287504924,"IRFSelex_poorrec_25_yrfwd-108","IRFSelex_poorrec_25_yrfwd",0,-0.00714886459209412,-0.000494216237510294,0.000494460607971463,-0.0128344583110767,-0.0071488645920943,-0.00572653192026293
"709","IRFSelex_poorrec_25_yrfwd",11,2111.04,1307.9,0.139546,0.031,1131.3335,1.86597497554877,0.222148968798819,2311.97,1280.9,0.139583,0.028,1107.9785,2.08665601363203,0.200597493964165,"IRFSelex_poorrec_25_yrfwd-11","IRFSelex_poorrec_25_yrfwd",-0.0967741935483871,-0.0206437801055125,-0.0970136163637637,0.000265145543405108,0.0951805745035622,-0.0206437801055127,0.118265807942235
"710","IRFSelex_poorrec_25_yrfwd",110,2149.1,1307.9,0.139546,0.036,1131.3335,1.89961669127627,0.257979447637338,2469.95,1284.94,0.139641,0.031,1111.4731,2.2222310193562,0.221997837311391,"IRFSelex_poorrec_25_yrfwd-110","IRFSelex_poorrec_25_yrfwd",-0.138888888888889,-0.0175548589341693,-0.139474716515127,0.00068077909793175,0.149295053743427,-0.0175548589341693,0.169831276784152
"711","IRFSelex_poorrec_25_yrfwd",111,2289.06,1307.9,0.139546,0.036,1131.3335,2.02332910675764,0.257979447637338,2697.98,1283.67,0.139609,0.031,1110.37455,2.42979272174421,0.222048721787277,"IRFSelex_poorrec_25_yrfwd-111","IRFSelex_poorrec_25_yrfwd",-0.138888888888889,-0.0185258811835767,-0.139277474152017,0.000451464033365396,0.178641014215442,-0.0185258811835767,0.200888532482941
"712","IRFSelex_poorrec_25_yrfwd",112,2269.51,1307.9,0.139546,0.035,1131.3335,2.00604861431223,0.250813351869634,3018.64,1306.89,0.13959,0.026,1130.45985,2.67027617124129,0.186259760727846,"IRFSelex_poorrec_25_yrfwd-112","IRFSelex_poorrec_25_yrfwd",-0.257142857142857,-0.000772230292835641,-0.257377012270629,0.000315308213778886,0.330084467572295,-0.000772230292835837,0.33111239288525
"713","IRFSelex_poorrec_25_yrfwd",114,2305.47,1307.9,0.139546,0.03,1131.3335,2.03783411345991,0.214982873031115,1925.13,1308.99,0.139624,0.035,1132.27635,1.70022980697248,0.250673236692832,"IRFSelex_poorrec_25_yrfwd-114","IRFSelex_poorrec_25_yrfwd",0.166666666666667,0.000833397048704149,0.166014916251265,0.000558955469880862,-0.164972868872724,0.000833397048703967,-0.165668198533706
"714","IRFSelex_poorrec_25_yrfwd",115,2273.2,1307.9,0.139546,0.028,1131.3335,2.00931025201676,0.200650681495708,2971.95,1285.89,0.139647,0.022,1112.29485,2.67190844226241,0.157540083209808,"IRFSelex_poorrec_25_yrfwd-115","IRFSelex_poorrec_25_yrfwd",-0.214285714285714,-0.0168285037082345,-0.214853983871578,0.000723775672538016,0.307386063698751,-0.0168285037082346,0.329764002139838
"715","IRFSelex_poorrec_25_yrfwd",116,2181.48,1307.9,0.139546,0.037,1131.3335,1.9282377831117,0.265145543405042,2522.36,1292.94,0.139602,0.032,1118.3931,2.25534295588912,0.22922307703328,"IRFSelex_poorrec_25_yrfwd-116","IRFSelex_poorrec_25_yrfwd",-0.135135135135135,-0.0114381833473507,-0.135482067359834,0.000401301362991419,0.156260887104168,-0.0114381833473507,0.169639437439898
"716","IRFSelex_poorrec_25_yrfwd",117,2227.5,1307.9,0.139546,0.035,1131.3335,1.96891544358936,0.250813351869634,2404.61,1320.33,0.139562,0.033,1142.08545,2.10545541929459,0.236454049096459,"IRFSelex_poorrec_25_yrfwd-117","IRFSelex_poorrec_25_yrfwd",-0.0571428571428572,0.00950378469301941,-0.057250950422444,0.000114657532283177,0.0795106621773289,0.00950378469301922,0.0693478108213314
"717","IRFSelex_poorrec_25_yrfwd",118,2361.79,1307.9,0.139546,0.028,1131.3335,2.08761607430523,0.200650681495708,2776.07,1306.68,0.139595,0.024,1130.2782,2.45609443763491,0.171925928579104,"IRFSelex_poorrec_25_yrfwd-118","IRFSelex_poorrec_25_yrfwd",-0.142857142857143,-0.000932793026989821,-0.143158013232156,0.000351138692617442,0.175409329364592,-0.000932793026989852,0.176506766672751
"718","IRFSelex_poorrec_25_yrfwd",12,2191.73,1307.9,0.139546,0.031,1131.3335,1.93729788784651,0.222148968798819,2654.15,1330.18,0.139611,0.025,1150.6057,2.306741570983,0.179068984535602,"IRFSelex_poorrec_25_yrfwd-12","IRFSelex_poorrec_25_yrfwd",-0.193548387096774,0.0170349415092898,-0.193923854322413,0.000465796224900818,0.210984017191899,0.0170349415092897,0.190700503755344
"719","IRFSelex_poorrec_25_yrfwd",120,2102.24,1307.9,0.139546,0.04,1131.3335,1.85819654416668,0.286643830708154,2063.16,1302,0.139633,0.041,1126.23,1.83191710396633,0.293626864709632,"IRFSelex_poorrec_25_yrfwd-120","IRFSelex_poorrec_25_yrfwd",0.025,-0.00451104824527864,0.0243613615692566,0.000623450331790261,-0.0185896948017353,-0.00451104824527876,-0.014142443802757
"720","IRFSelex_poorrec_25_yrfwd",121,1958.33,1307.9,0.139546,0.04,1131.3335,1.73099267368994,0.286643830708154,2137.58,1313.86,0.139615,0.036,1136.4889,1.88086306870221,0.257851950005372,"IRFSelex_poorrec_25_yrfwd-121","IRFSelex_poorrec_25_yrfwd",-0.1,0.00455692331217972,-0.100444794613759,0.000494460607971463,0.0915320706928863,0.00455692331217968,0.0865806061979405
"721","IRFSelex_poorrec_25_yrfwd",122,2022.3,1307.9,0.139546,0.023,1131.3335,1.78753656636173,0.164820202657188,2560.32,1299.67,0.139649,0.018,1124.21455,2.27743005105209,0.128894585711319,"IRFSelex_poorrec_25_yrfwd-122","IRFSelex_poorrec_25_yrfwd",-0.217391304347826,-0.00629253000993943,-0.217968527927316,0.000738107864073438,0.266043613707165,-0.00629253000993961,0.274060678762764
"722","IRFSelex_poorrec_25_yrfwd",123,2098.64,1307.9,0.139546,0.039,1131.3335,1.85501445860129,0.27947773494045,2513.4,1292.28,0.139636,0.032,1117.8222,2.24847923041786,0.229167263456415,"IRFSelex_poorrec_25_yrfwd-123","IRFSelex_poorrec_25_yrfwd",-0.179487179487179,-0.0119428090832632,-0.180016027018233,0.000644948619093394,0.197632752639805,-0.0119428090832633,0.21210873586034
"723","IRFSelex_poorrec_25_yrfwd",125,2189.02,1307.9,0.139546,0.031,1131.3335,1.93490248454589,0.222148968798819,2396.62,1280.7,0.139588,0.029,1107.8055,2.16339420593236,0.207754248216179,"IRFSelex_poorrec_25_yrfwd-125","IRFSelex_poorrec_25_yrfwd",-0.064516129032258,-0.0207966969951831,-0.0647976025298411,0.000300976022243464,0.094836959004486,-0.0207966969951832,0.118089528134588
"724","IRFSelex_poorrec_25_yrfwd",127,2163.37,1307.9,0.139546,0.031,1131.3335,1.91223012489244,0.222148968798819,2723.63,1329.85,0.13964,0.024,1150.32025,2.36771455601168,0.171870524205099,"IRFSelex_poorrec_25_yrfwd-127","IRFSelex_poorrec_25_yrfwd",-0.225806451612903,0.0167826286413335,-0.226327607395977,0.000673613002164039,0.258975579766753,0.0167826286413333,0.238195406081089
"725","IRFSelex_poorrec_25_yrfwd",128,2301.2,1307.9,0.139546,0.033,1131.3335,2.03405980641429,0.236481160334227,2195.55,1275.91,0.139565,0.035,1103.66215,1.98933160840933,0.250779206821194,"IRFSelex_poorrec_25_yrfwd-128","IRFSelex_poorrec_25_yrfwd",0.0606060606060607,-0.0244590565027906,0.060461672577891,0.00013615581958631,-0.0459108291326263,-0.0244590565027907,-0.0219896179374423
"726","IRFSelex_poorrec_25_yrfwd",14,2306.66,1307.9,0.139546,0.031,1131.3335,2.03888596952181,0.222148968798819,2829.02,1286.91,0.139613,0.026,1113.17715,2.54139244593729,0.186229076088903,"IRFSelex_poorrec_25_yrfwd-14","IRFSelex_poorrec_25_yrfwd",-0.161290322580645,-0.0160486275709152,-0.161692817680579,0.000480128416436041,0.226457301899717,-0.0160486275709152,0.246461295004809
"727","IRFSelex_poorrec_25_yrfwd",15,2037.84,1307.9,0.139546,0.034,1131.3335,1.80127256905236,0.243647256101931,2319.35,1306.27,0.139585,0.03,1129.92355,2.05266099640104,0.214922806891858,"IRFSelex_poorrec_25_yrfwd-15","IRFSelex_poorrec_25_yrfwd",-0.11764705882353,-0.00124627265081427,-0.117893587925552,0.000279477734940331,0.138141365367252,-0.00124627265081437,0.139561569785594
"728","IRFSelex_poorrec_25_yrfwd",16,2205.72,1307.9,0.139546,0.028,1131.3335,1.94966382591871,0.200650681495708,2993.06,1326.55,0.139668,0.02,1147.46575,2.60840900915779,0.143196723658963,"IRFSelex_poorrec_25_yrfwd-16","IRFSelex_poorrec_25_yrfwd",-0.285714285714286,0.0142594999617707,-0.286338214295943,0.000874263683659748,0.356953738461818,0.0142594999617707,0.337876291533837
"729","IRFSelex_poorrec_25_yrfwd",17,2309.1,1307.9,0.139546,0.029,1131.3335,2.04104271640502,0.207816777263411,2389.47,1287.95,0.139615,0.028,1114.07675,2.14479837228449,0.200551516670845,"IRFSelex_poorrec_25_yrfwd-17","IRFSelex_poorrec_25_yrfwd",-0.0344827586206897,-0.0152534597446288,-0.0349599329189754,0.000494460607971463,0.0348057684812264,-0.0152534597446288,0.0508346322423976
"730","IRFSelex_poorrec_25_yrfwd",19,2274.84,1307.9,0.139546,0.03,1131.3335,2.01075986877433,0.214982873031115,1870.43,1301.75,0.139625,0.036,1126.01375,1.6611076019276,0.257833482542525,"IRFSelex_poorrec_25_yrfwd-19","IRFSelex_poorrec_25_yrfwd",0.2,-0.00470219435736667,0.199321038495971,0.000566121565648573,-0.177775140229643,-0.00470219435736684,-0.17389061333309
"731","IRFSelex_poorrec_25_yrfwd",2,2082.55,1307.9,0.139546,0.032,1131.3335,1.84079230394928,0.229315064566523,2337.67,1318.17,0.139629,0.028,1140.21705,2.05019737250903,0.200531408231814,"IRFSelex_poorrec_25_yrfwd-2","IRFSelex_poorrec_25_yrfwd",-0.125,0.00785228228457834,-0.125520128340101,0.000594785948719417,0.122503661376678,0.00785228228457832,0.113758118235551
"732","IRFSelex_poorrec_25_yrfwd",20,2155.85,1307.9,0.139546,0.036,1131.3335,1.90558310171139,0.257979447637338,2330.33,1296.18,0.13959,0.033,1121.1957,2.07843287304794,0.236406619385343,"IRFSelex_poorrec_25_yrfwd-20","IRFSelex_poorrec_25_yrfwd",-0.0833333333333332,-0.00896092973468917,-0.0836222747570263,0.000315308213778886,0.0809332745784725,-0.00896092973468922,0.0907070235778858
"733","IRFSelex_poorrec_25_yrfwd",21,2158.18,1307.9,0.139546,0.034,1131.3335,1.90764261820232,0.243647256101931,2471.57,1318.49,0.139606,0.03,1140.49385,2.16710506593262,0.214890477486641,"IRFSelex_poorrec_25_yrfwd-21","IRFSelex_poorrec_25_yrfwd",-0.11764705882353,0.00809694930805117,-0.118026277313212,0.000429965746062263,0.145210316099677,0.00809694930805101,0.136012083843463
"734","IRFSelex_poorrec_25_yrfwd",22,2093.18,1307.9,0.139546,0.038,1131.3335,1.85018829549377,0.272311639172746,2626.32,1310.29,0.139676,0.029,1133.40085,2.31720313250162,0.20762335691171,"IRFSelex_poorrec_25_yrfwd-22","IRFSelex_poorrec_25_yrfwd",-0.236842105263158,0.00182735683156208,-0.237552395694698,0.000931592449801436,0.25470336999207,0.00182735683156195,0.252414761322019
"735","IRFSelex_poorrec_25_yrfwd",23,2093.66,1307.9,0.139546,0.03,1131.3335,1.85061257356916,0.214982873031115,2932.23,1307.61,0.139607,0.021,1131.08265,2.5924100241481,0.150422256763629,"IRFSelex_poorrec_25_yrfwd-23","IRFSelex_poorrec_25_yrfwd",-0.3,-0.000221729490022286,-0.300305858588753,0.000437131841829974,0.400528261513331,-0.000221729490022319,0.400838868801314
"736","IRFSelex_poorrec_25_yrfwd",26,2126.35,1307.9,0.139546,0.034,1131.3335,1.87950767832827,0.243647256101931,2012.38,1293.69,0.139604,0.035,1119.04185,1.79830629211946,0.250709148734993,"IRFSelex_poorrec_25_yrfwd-26","IRFSelex_poorrec_25_yrfwd",0.0294117647058824,-0.0108647450110864,0.0289840843933345,0.000415633554526841,-0.0535988901168668,-0.0108647450110865,-0.0432035405575139
"737","IRFSelex_poorrec_25_yrfwd",27,2172.38,1307.9,0.139546,0.04,1131.3335,1.9201941779325,0.286643830708154,2748.2,1313.61,0.139563,0.032,1136.27265,2.41860965323772,0.22928713197624,"IRFSelex_poorrec_25_yrfwd-27","IRFSelex_poorrec_25_yrfwd",-0.2,0.00436577720009169,-0.20009744703109,0.000121823628050888,0.265064123219694,0.0043657772000916,0.259565142438805
"738","IRFSelex_poorrec_25_yrfwd",28,2201.5,1307.9,0.139546,0.036,1131.3335,1.94593371450593,0.257979447637338,2298.81,1304.14,0.13964,0.035,1128.0811,2.03780561521685,0.250644514465769,"IRFSelex_poorrec_25_yrfwd-28","IRFSelex_poorrec_25_yrfwd",-0.0277777777777776,-0.00287483752580459,-0.0284322384544381,0.000673613002164039,0.0442016806722689,-0.00287483752580472,0.0472122457337866
"739","IRFSelex_poorrec_25_yrfwd",29,2260.79,1307.9,0.139546,0.032,1131.3335,1.99834089594271,0.229315064566523,2660.33,1300.86,0.139611,0.027,1125.2439,2.36422521375144,0.193394503298451,"IRFSelex_poorrec_25_yrfwd-29","IRFSelex_poorrec_25_yrfwd",-0.15625,-0.00538267451640035,-0.156642832584825,0.000465796224900818,0.17672583477457,-0.00538267451640048,0.183094044940778
"740","IRFSelex_poorrec_25_yrfwd",3,2043.05,1307.9,0.139546,0.03,1131.3335,1.80587775399562,0.214982873031115,2455.26,1298.69,0.13963,0.025,1123.36685,2.18562618257785,0.179044617918785,"IRFSelex_poorrec_25_yrfwd-3","IRFSelex_poorrec_25_yrfwd",-0.166666666666667,-0.00704182276932474,-0.167167991596839,0.000601952044487128,0.201762071412839,-0.0070418227693249,0.210284681641386
"741","IRFSelex_poorrec_25_yrfwd",30,2216.7,1307.9,0.139546,0.034,1131.3335,1.95936918689317,0.243647256101931,2604.24,1282.69,0.139616,0.029,1109.52685,2.34716266668085,0.207712583085033,"IRFSelex_poorrec_25_yrfwd-30","IRFSelex_poorrec_25_yrfwd",-0.147058823529412,-0.019275173942962,-0.147486467082822,0.000501626703739174,0.174827446203816,-0.019275173942962,0.19791751466837
"742","IRFSelex_poorrec_25_yrfwd",31,2199.6,1307.9,0.139546,0.031,1131.3335,1.94425428045753,0.222148968798819,1927.94,1300.56,0.1396,0.035,1124.9844,1.7137482084196,0.250716332378223,"IRFSelex_poorrec_25_yrfwd-31","IRFSelex_poorrec_25_yrfwd",0.129032258064516,-0.00561204985090595,0.128595526388761,0.000386969171455997,-0.123504273504273,-0.00561204985090614,-0.118557574672633
"743","IRFSelex_poorrec_25_yrfwd",33,2217.43,1307.9,0.139546,0.032,1131.3335,1.96001444313282,0.229315064566523,2108.11,1290.56,0.139591,0.034,1116.3344,1.88842160556908,0.243568711449879,"IRFSelex_poorrec_25_yrfwd-33","IRFSelex_poorrec_25_yrfwd",0.0625000000000001,-0.0132578943344292,0.0621574814995237,0.000322474309546598,-0.049300316131738,-0.0132578943344293,-0.0365266887775075
"744","IRFSelex_poorrec_25_yrfwd",35,2058.1,1307.9,0.139546,0.034,1131.3335,1.81918063948429,0.243647256101931,2521.33,1317.91,0.139618,0.027,1139.99215,2.21170821220129,0.193384807116561,"IRFSelex_poorrec_25_yrfwd-35","IRFSelex_poorrec_25_yrfwd",-0.205882352941177,0.0076534903280068,-0.206291873709188,0.000515958895274596,0.225076526893737,0.00765349032800672,0.215771630478802
"745","IRFSelex_poorrec_25_yrfwd",36,2208.51,1307.9,0.139546,0.035,1131.3335,1.95212994223189,0.250813351869634,2182.21,1306.92,0.139608,0.036,1130.4858,1.93032942120989,0.257864878803507,"IRFSelex_poorrec_25_yrfwd-36","IRFSelex_poorrec_25_yrfwd",0.0285714285714284,-0.000749292759385101,0.028114639357548,0.000444297937597685,-0.0119084812837615,-0.000749292759385288,-0.0111675562934471
"746","IRFSelex_poorrec_25_yrfwd",38,2080.22,1307.9,0.139546,0.038,1131.3335,1.83873278745834,0.272311639172746,2458.69,1291.91,0.139581,0.032,1117.50215,2.2001657893902,0.229257563708528,"IRFSelex_poorrec_25_yrfwd-38","IRFSelex_poorrec_25_yrfwd",-0.157894736842105,-0.0122257053291535,-0.158105895124468,0.000250813351869686,0.181937487381143,-0.0122257053291536,0.196566355044698
"747","IRFSelex_poorrec_25_yrfwd",4,2205.69,1307.9,0.139546,0.036,1131.3335,1.94963730853899,0.257979447637338,2145.68,1317.58,0.139559,0.037,1139.7067,1.88265981063374,0.265120844947298,"IRFSelex_poorrec_25_yrfwd-4","IRFSelex_poorrec_25_yrfwd",0.0277777777777778,0.00740117746005046,0.0276820396948801,9.31592449800442e-05,-0.0272069057755171,0.00740117746005034,-0.0343538244841291
"748","IRFSelex_poorrec_25_yrfwd",40,2090.37,1307.9,0.139546,0.033,1131.3335,1.84770450092745,0.236481160334227,1952.14,1305.43,0.139574,0.035,1129.19695,1.72878610768476,0.250763036095548,"IRFSelex_poorrec_25_yrfwd-40","IRFSelex_poorrec_25_yrfwd",0.0606060606060607,-0.00188852358743018,0.0603932919693735,0.000200650681495709,-0.0661270492783573,-0.00188852358743025,-0.0643600712034837
"749","IRFSelex_poorrec_25_yrfwd",41,2261.76,1307.9,0.139546,0.039,1131.3335,1.99919829122005,0.27947773494045,2350.52,1319.27,0.13958,0.038,1141.16855,2.05974831675829,0.272245307350623,"IRFSelex_poorrec_25_yrfwd-41","IRFSelex_poorrec_25_yrfwd",-0.0256410256410257,0.00869332517776581,-0.0258783677038442,0.000243647256101975,0.0392437747594792,0.0086933251777658,0.0302871535075633
"750","IRFSelex_poorrec_25_yrfwd",42,2210.82,1307.9,0.139546,0.03,1131.3335,1.95417178046968,0.214982873031115,1900.61,1296.41,0.139559,0.035,1121.39465,1.69486273186697,0.250789988463661,"IRFSelex_poorrec_25_yrfwd-42","IRFSelex_poorrec_25_yrfwd",0.166666666666667,-0.00878507531156817,0.166557991004999,9.31592449800442e-05,-0.140314453460707,-0.00878507531156817,-0.132695114725479
"751","IRFSelex_poorrec_25_yrfwd",43,1998.44,1307.9,0.139546,0.036,1131.3335,1.76644641036441,0.257979447637338,2293.76,1308.09,0.139631,0.031,1131.49785,2.02718900438034,0.222013736204711,"IRFSelex_poorrec_25_yrfwd-43","IRFSelex_poorrec_25_yrfwd",-0.138888888888889,0.000145271045186952,-0.139413087988261,0.000609118140254839,0.147775264706471,0.000145271045186809,0.147608550412887
"752","IRFSelex_poorrec_25_yrfwd",44,2175.42,1307.9,0.139546,0.03,1131.3335,1.92288127240995,0.214982873031115,2166.92,1317.2,0.139583,0.03,1139.378,1.90184469069966,0.214925886390176,"IRFSelex_poorrec_25_yrfwd-44","IRFSelex_poorrec_25_yrfwd",0,0.00711063536967656,-0.000265075259881319,0.000265145543405108,-0.00390729146555608,0.00711063536967655,-0.0109401355206504
"753","IRFSelex_poorrec_25_yrfwd",47,2063.72,1307.9,0.139546,0.033,1131.3335,1.82414822861694,0.236481160334227,2198.47,1310.77,0.139597,0.031,1133.81605,1.93900059890667,0.222067809480146,"IRFSelex_poorrec_25_yrfwd-47","IRFSelex_poorrec_25_yrfwd",-0.0606060606060607,0.00219435736677111,-0.0609492563116209,0.000365470884152864,0.0652947105227453,0.00219435736677108,0.0629621916069934
"754","IRFSelex_poorrec_25_yrfwd",48,2121.89,1307.9,0.139546,0.033,1131.3335,1.87556542787781,0.236481160334227,2449.11,1289.13,0.139568,0.029,1115.09745,2.19631925442929,0.207784019259429,"IRFSelex_poorrec_25_yrfwd-48","IRFSelex_poorrec_25_yrfwd",-0.121212121212121,-0.014351250095573,-0.121350643891628,0.000157654106889443,0.154211575529363,-0.014351250095573,0.171017135304317
"755","IRFSelex_poorrec_25_yrfwd",49,2094.55,1307.9,0.139546,0.033,1131.3335,1.85139925583393,0.236481160334227,2349.23,1336.47,0.139648,0.029,1156.04655,2.03212405244408,0.207664986251146,"IRFSelex_poorrec_25_yrfwd-49","IRFSelex_poorrec_25_yrfwd",-0.121212121212121,0.0218441776894259,-0.121853994805988,0.000730941768305727,0.121591750017904,0.0218441776894257,0.0976152475165293
"756","IRFSelex_poorrec_25_yrfwd",5,2165.77,1307.9,0.139546,0.037,1131.3335,1.91435151526937,0.265145543405042,2470.98,1303.46,0.139591,0.033,1127.4929,2.19157034159594,0.236404925819,"IRFSelex_poorrec_25_yrfwd-5","IRFSelex_poorrec_25_yrfwd",-0.108108108108108,-0.0033947549506843,-0.108395627612482,0.000322474309546598,0.140924474898073,-0.00339475495068434,0.144810827121039
"757","IRFSelex_poorrec_25_yrfwd",50,2099.87,1307.9,0.139546,0.034,1131.3335,1.85610167116947,0.243647256101931,2305.19,1291.9,0.139612,0.031,1117.4935,2.06282184191675,0.222043950376758,"IRFSelex_poorrec_25_yrfwd-50","IRFSelex_poorrec_25_yrfwd",-0.0882352941176471,-0.0122333511736371,-0.088666320609555,0.000472962320668529,0.0977774814631383,-0.0122333511736371,0.111373301343477
"758","IRFSelex_poorrec_25_yrfwd",51,2078.43,1307.9,0.139546,0.041,1131.3335,1.83715058380221,0.293809926475857,2354.97,1290.33,0.139623,0.036,1116.13545,2.10993208754368,0.257837175823467,"IRFSelex_poorrec_25_yrfwd-51","IRFSelex_poorrec_25_yrfwd",-0.121951219512195,-0.0134337487575502,-0.122435450305815,0.000551789374113151,0.133052352015704,-0.0134337487575504,0.148480753916703
"759","IRFSelex_poorrec_25_yrfwd",52,2105.81,1307.9,0.139546,0.034,1131.3335,1.86135211235237,0.243647256101931,2702.89,1294.88,0.139591,0.026,1120.0712,2.41314123602142,0.186258426402848,"IRFSelex_poorrec_25_yrfwd-52","IRFSelex_poorrec_25_yrfwd",-0.235294117647059,-0.0099548895175471,-0.235540636152592,0.000322474309546598,0.283539350653668,-0.0099548895175472,0.296445320585639
"760","IRFSelex_poorrec_25_yrfwd",54,2035.92,1307.9,0.139546,0.029,1131.3335,1.79957545675082,0.207816777263411,2087.6,1325.44,0.139611,0.029,1146.5056,1.82083715945216,0.207720022061299,"IRFSelex_poorrec_25_yrfwd-54","IRFSelex_poorrec_25_yrfwd",0,0.0134108112240997,-0.000465579359792644,0.000465796224900818,0.0253841015364061,0.0134108112240997,0.0118148436741501
"761","IRFSelex_poorrec_25_yrfwd",55,2084.06,1307.9,0.139546,0.037,1131.3335,1.84212701206143,0.265145543405042,2415.69,1304.64,0.139622,0.031,1128.5136,2.14059449527237,0.222028047155892,"IRFSelex_poorrec_25_yrfwd-55","IRFSelex_poorrec_25_yrfwd",-0.162162162162162,-0.00249254530162853,-0.162618219772536,0.00054462327834544,0.159126896538487,-0.00249254530162856,0.162023292235933
"762","IRFSelex_poorrec_25_yrfwd",56,2120,1307.9,0.139546,0.032,1131.3335,1.87389483295598,0.229315064566523,2494.07,1288.11,0.139632,0.027,1114.21515,2.23840970031686,0.193365417669302,"IRFSelex_poorrec_25_yrfwd-56","IRFSelex_poorrec_25_yrfwd",-0.15625,-0.0151311262328924,-0.156769669559986,0.00061628423602255,0.176448113207547,-0.0151311262328926,0.194522585232745
"763","IRFSelex_poorrec_25_yrfwd",57,2056.76,1307.9,0.139546,0.031,1131.3335,1.81799619652384,0.222148968798819,1886.09,1302.31,0.139539,0.034,1126.49815,1.67429480465636,0.243659478712045,"IRFSelex_poorrec_25_yrfwd-57","IRFSelex_poorrec_25_yrfwd",0.0967741935483872,-0.00427402706628953,0.0968292134306771,-5.0162670373977e-05,-0.0829800268383284,-0.00427402706628958,-0.0790438352633778
"764","IRFSelex_poorrec_25_yrfwd",58,2098.21,1307.9,0.139546,0.035,1131.3335,1.85463437615875,0.250813351869634,2718.36,1314.34,0.139561,0.027,1136.9041,2.3910196119444,0.1934637900273,"IRFSelex_poorrec_25_yrfwd-58","IRFSelex_poorrec_25_yrfwd",-0.228571428571429,0.00492392384738896,-0.228654341624297,0.000107491436515466,0.295561454763823,0.00492392384738881,0.289213465835023
"765","IRFSelex_poorrec_25_yrfwd",59,2022.85,1307.9,0.139546,0.031,1131.3335,1.78802271832311,0.222148968798819,2290.01,1313.4,0.13961,0.027,1136.091,2.01569240492179,0.193395888546666,"IRFSelex_poorrec_25_yrfwd-59","IRFSelex_poorrec_25_yrfwd",-0.129032258064516,0.00420521446593791,-0.129431526995709,0.000458630129133107,0.132071087821638,0.00420521446593776,0.12733042162473
"766","IRFSelex_poorrec_25_yrfwd",6,2091.93,1307.9,0.139546,0.037,1131.3335,1.84908340467245,0.265145543405042,2255.79,1307.78,0.139562,0.035,1131.2297,1.99410429199304,0.250784597526547,"IRFSelex_poorrec_25_yrfwd-6","IRFSelex_poorrec_25_yrfwd",-0.0540540540540539,-9.17501338023598e-05,-0.0541625014475789,0.000114657532283177,0.0783295808177139,-9.17501338023689e-05,0.078428526779342
"767","IRFSelex_poorrec_25_yrfwd",60,2086.57,1307.9,0.139546,0.038,1131.3335,1.84434563283064,0.272311639172746,2676.65,1301.45,0.139652,0.029,1125.75425,2.37765036196843,0.20765903818062,"IRFSelex_poorrec_25_yrfwd-60","IRFSelex_poorrec_25_yrfwd",-0.236842105263158,-0.00493156969187247,-0.237421364685451,0.000759606151376571,0.282799043406164,-0.0049315696918725,0.289156609067519
"768","IRFSelex_poorrec_25_yrfwd",61,2091.05,1307.9,0.139546,0.027,1131.3335,1.84830556153424,0.193484585728004,3111.13,1298.59,0.139603,0.018,1123.28035,2.76968256410788,0.128937057226564,"IRFSelex_poorrec_25_yrfwd-61","IRFSelex_poorrec_25_yrfwd",-0.333333333333333,-0.00711828121416007,-0.333605533787478,0.00040846745875913,0.487831472226872,-0.00711828121416024,0.498498203840724
"769","IRFSelex_poorrec_25_yrfwd",63,2214.84,1307.9,0.139546,0.036,1131.3335,1.95772510935104,0.257979447637338,2616.55,1302.68,0.139564,0.031,1126.8182,2.32206934534781,0.222120317560402,"IRFSelex_poorrec_25_yrfwd-63","IRFSelex_poorrec_25_yrfwd",-0.138888888888889,-0.00399113082039913,-0.138999949047669,0.000128989723818599,0.181372017843275,-0.00399113082039913,0.186105921743805
"770","IRFSelex_poorrec_25_yrfwd",64,2094.98,1307.9,0.139546,0.03,1131.3335,1.85177933827647,0.214982873031115,2025.84,1312.31,0.139571,0.031,1135.14815,1.78464810958816,0.222109177407914,"IRFSelex_poorrec_25_yrfwd-64","IRFSelex_poorrec_25_yrfwd",0.0333333333333334,0.00337181741723376,0.0331482423521601,0.000179152394192576,-0.0330027016964363,0.00337181741723362,-0.0362522830343204
"771","IRFSelex_poorrec_25_yrfwd",65,2227.37,1307.9,0.139546,0.031,1131.3335,1.96880053494394,0.222148968798819,3146.48,1310.58,0.13959,0.022,1133.6517,2.77552620438888,0.157604412923562,"IRFSelex_poorrec_25_yrfwd-65","IRFSelex_poorrec_25_yrfwd",-0.290322580645161,0.00204908632158416,-0.290546277231246,0.000315308213778886,0.412643611074945,0.00204908632158409,0.409754901589312
"772","IRFSelex_poorrec_25_yrfwd",66,2106.49,1307.9,0.139546,0.033,1131.3335,1.86195317295917,0.236481160334227,2447.23,1278.64,0.139625,0.029,1106.0236,2.21263813900535,0.207699194270367,"IRFSelex_poorrec_25_yrfwd-66","IRFSelex_poorrec_25_yrfwd",-0.121212121212121,-0.0223717409587889,-0.121709340495375,0.000566121565648573,0.161757235970738,-0.0223717409587889,0.188342527158644
"773","IRFSelex_poorrec_25_yrfwd",69,2061.17,1307.9,0.139546,0.034,1131.3335,1.82189425134145,0.243647256101931,2738.08,1300.89,0.139592,0.026,1125.26985,2.43326522966913,0.186257092096968,"IRFSelex_poorrec_25_yrfwd-69","IRFSelex_poorrec_25_yrfwd",-0.235294117647059,-0.00535973698294961,-0.235546112536367,0.000329640405314309,0.328410562932703,-0.00535973698294976,0.335568860748935
"774","IRFSelex_poorrec_25_yrfwd",70,1966.96,1307.9,0.139546,0.035,1131.3335,1.73862083992032,0.250813351869634,2259.02,1294.38,0.13961,0.03,1119.6387,2.01763300964856,0.214884320607406,"IRFSelex_poorrec_25_yrfwd-70","IRFSelex_poorrec_25_yrfwd",-0.142857142857143,-0.0103371817417234,-0.143250074186254,0.000458630129133107,0.14848293813804,-0.0103371817417234,0.16047902068229
"775","IRFSelex_poorrec_25_yrfwd",71,2083.74,1307.9,0.139546,0.031,1131.3335,1.84184416001117,0.222148968798819,1970.64,1290.48,0.139613,0.033,1116.2652,1.76538693493267,0.236367673497454,"IRFSelex_poorrec_25_yrfwd-71","IRFSelex_poorrec_25_yrfwd",0.0645161290322581,-0.0133190610902973,0.0640052698669574,0.000480128416436041,-0.054277405050534,-0.0133190610902975,-0.0415112346302101
"776","IRFSelex_poorrec_25_yrfwd",72,2263.29,1307.9,0.139546,0.032,1131.3335,2.00055067758535,0.229315064566523,2628.81,1297.26,0.13962,0.027,1122.1299,2.34269668778989,0.193382036957456,"IRFSelex_poorrec_25_yrfwd-72","IRFSelex_poorrec_25_yrfwd",-0.15625,-0.00813517853046874,-0.156697195960464,0.000530291086810018,0.16149941015071,-0.00813517853046877,0.171025915033311
"777","IRFSelex_poorrec_25_yrfwd",73,2112.12,1307.9,0.139546,0.03,1131.3335,1.86692960121839,0.214982873031115,2042.37,1319.21,0.139611,0.031,1141.11665,1.78979949157696,0.222045540824147,"IRFSelex_poorrec_25_yrfwd-73","IRFSelex_poorrec_25_yrfwd",0.0333333333333334,0.00864745011086473,0.0328522346615476,0.000465796224900818,-0.0330236918356912,0.0086474501108647,-0.041313882211248
"778","IRFSelex_poorrec_25_yrfwd",74,1994.64,1307.9,0.139546,0.026,1131.3335,1.7630875422676,0.1863184899603,2310.42,1297.54,0.139594,0.023,1122.3721,2.05851517513666,0.164763528518418,"IRFSelex_poorrec_25_yrfwd-74","IRFSelex_poorrec_25_yrfwd",-0.115384615384615,-0.00792109488492996,-0.115688794206496,0.000343972596849731,0.158314282276501,-0.00792109488493014,0.167562656865635
"779","IRFSelex_poorrec_25_yrfwd",75,2124.43,1307.9,0.139546,0.032,1131.3335,1.87781056602673,0.229315064566523,2488.74,1313.16,0.139538,0.028,1135.8834,2.19101714137208,0.200662185211197,"IRFSelex_poorrec_25_yrfwd-75","IRFSelex_poorrec_25_yrfwd",-0.125,0.00402171419833339,-0.124949834453697,-5.73287661416881e-05,0.171485998597271,0.0040217141983332,0.166793488657414
"780","IRFSelex_poorrec_25_yrfwd",76,2052.09,1307.9,0.139546,0.028,1131.3335,1.81386832441539,0.200650681495708,2245.62,1313.84,0.139685,0.025,1136.4716,1.97595786819486,0.178974120342199,"IRFSelex_poorrec_25_yrfwd-76","IRFSelex_poorrec_25_yrfwd",-0.107142857142857,0.00454163162321269,-0.108031335811699,0.000996087311710835,0.0943087291493062,0.00454163162321265,0.0893612516397564
"781","IRFSelex_poorrec_25_yrfwd",77,2122.04,1307.9,0.139546,0.036,1131.3335,1.87569801477637,0.257979447637338,2678.16,1337.64,0.139623,0.028,1157.0586,2.31462779845377,0.200540025640475,"IRFSelex_poorrec_25_yrfwd-77","IRFSelex_poorrec_25_yrfwd",-0.222222222222222,0.0227387414939981,-0.222651155054842,0.000551789374113151,0.262068575521668,0.022738741493998,0.234008769119336
"782","IRFSelex_poorrec_25_yrfwd",78,2196.54,1307.9,0.139546,0.035,1131.3335,1.94154950772694,0.250813351869634,2102.19,1311.74,0.139644,0.036,1134.6551,1.85271277589111,0.25779840164991,"IRFSelex_poorrec_25_yrfwd-78","IRFSelex_poorrec_25_yrfwd",0.0285714285714284,0.0029360042816729,0.0278495930468087,0.000702277385234883,-0.0429539184353574,0.00293600428167285,-0.0457555841261256
"783","IRFSelex_poorrec_25_yrfwd",79,2121.89,1307.9,0.139546,0.034,1131.3335,1.87556542787781,0.243647256101931,2832.73,1328.8,0.139557,0.025,1149.412,2.4645035896615,0.179138273250357,"IRFSelex_poorrec_25_yrfwd-79","IRFSelex_poorrec_25_yrfwd",-0.264705882352941,0.0159798149705636,-0.26476383885311,7.88270534446222e-05,0.335003228254057,0.0159798149705634,0.314005660922246
"784","IRFSelex_poorrec_25_yrfwd",80,2153.11,1307.9,0.139546,0.031,1131.3335,1.90316118103106,0.222148968798819,2447.74,1285.86,0.139617,0.028,1112.2689,2.20067287685559,0.200548643789796,"IRFSelex_poorrec_25_yrfwd-80","IRFSelex_poorrec_25_yrfwd",-0.0967741935483871,-0.0168514412416853,-0.0972335146357765,0.000508792799506885,0.136839269707539,-0.0168514412416853,0.156325012715607
"785","IRFSelex_poorrec_25_yrfwd",81,2138.64,1307.9,0.139546,0.035,1131.3335,1.89037096488348,0.250813351869634,2809.56,1313.51,0.13961,0.027,1136.18615,2.47279902153358,0.193395888546666,"IRFSelex_poorrec_25_yrfwd-81","IRFSelex_poorrec_25_yrfwd",-0.228571428571429,0.00428931875525655,-0.228925066767628,0.000458630129133107,0.313713387947481,0.00428931875525644,0.308102519277744
"786","IRFSelex_poorrec_25_yrfwd",82,2033.81,1307.9,0.139546,0.027,1131.3335,1.79771040104443,0.193484585728004,2853.54,1300.9,0.139603,0.019,1125.2785,2.53585223569099,0.136100227072484,"IRFSelex_poorrec_25_yrfwd-82","IRFSelex_poorrec_25_yrfwd",-0.296296296296296,-0.0053520911384661,-0.296583618997894,0.00040846745875913,0.403051415815637,-0.00535209113846624,0.410601081363111
"787","IRFSelex_poorrec_25_yrfwd",83,2111.59,1307.9,0.139546,0.035,1131.3335,1.86646112751015,0.250813351869634,2600.91,1304.93,0.139565,0.028,1128.76445,2.30420970469082,0.200623365456956,"IRFSelex_poorrec_25_yrfwd-83","IRFSelex_poorrec_25_yrfwd",-0.2,-0.00227081581160625,-0.200108909826962,0.00013615581958631,0.231730591639475,-0.00227081581160641,0.234533990946081
"788","IRFSelex_poorrec_25_yrfwd",84,2071.5,1307.9,0.139546,0.032,1131.3335,1.83102506908882,0.229315064566523,2002.81,1306.4,0.139576,0.033,1130.036,1.77234176610303,0.236430331862211,"IRFSelex_poorrec_25_yrfwd-84","IRFSelex_poorrec_25_yrfwd",0.03125,-0.00114687667252839,0.0310283465638792,0.000214982873031131,-0.0331595462225441,-0.00114687667252848,-0.0320494262893949
"789","IRFSelex_poorrec_25_yrfwd",85,2241.8,1307.9,0.139546,0.032,1131.3335,1.98155539458524,0.229315064566523,2150.29,1283.16,0.139593,0.034,1109.9334,1.93731443706442,0.243565221751807,"IRFSelex_poorrec_25_yrfwd-85","IRFSelex_poorrec_25_yrfwd",0.0625000000000001,-0.0189158192522363,0.0621422635805521,0.00033680650108202,-0.0408198768846464,-0.0189158192522364,-0.0223263793894988
"790","IRFSelex_poorrec_25_yrfwd",86,2126.46,1307.9,0.139546,0.04,1131.3335,1.87960490872055,0.286643830708154,3012.28,1317.68,0.139577,0.028,1139.7932,2.64283029588174,0.200606117053669,"IRFSelex_poorrec_25_yrfwd-86","IRFSelex_poorrec_25_yrfwd",-0.3,0.00747763590488579,-0.300155469740717,0.000222148968798842,0.416570262313893,0.00747763590488567,0.406056285350267
"791","IRFSelex_poorrec_25_yrfwd",87,2205.34,1307.9,0.139546,0.026,1131.3335,1.94932793910903,0.1863184899603,2859.82,1322.24,0.139596,0.02,1143.7376,2.50041617937541,0.143270580818935,"IRFSelex_poorrec_25_yrfwd-87","IRFSelex_poorrec_25_yrfwd",-0.230769230769231,0.0109641409893723,-0.231044751116959,0.000358304788385153,0.296770565989825,0.0109641409893722,0.282706787919055
"792","IRFSelex_poorrec_25_yrfwd",88,2226.64,1307.9,0.139546,0.035,1131.3335,1.96815527870429,0.250813351869634,2189.91,1310.6,0.139629,0.035,1133.669,1.93170140490743,0.250664260289768,"IRFSelex_poorrec_25_yrfwd-88","IRFSelex_poorrec_25_yrfwd",0,0.00206437801055119,-0.000594432388687074,0.000594785948719417,-0.0164957065354076,0.00206437801055113,-0.0185218484493052
"793","IRFSelex_poorrec_25_yrfwd",89,2119.09,1307.9,0.139546,0.034,1131.3335,1.87309047243806,0.243647256101931,1890.75,1292.91,0.13958,0.039,1118.36715,1.69063442179967,0.279409657544061,"IRFSelex_poorrec_25_yrfwd-89","IRFSelex_poorrec_25_yrfwd",0.147058823529412,-0.0114611208808012,0.146779413871868,0.000243647256101975,-0.10775379998018,-0.0114611208808013,-0.0974090965295943
"794","IRFSelex_poorrec_25_yrfwd",9,2044.35,1307.9,0.139546,0.034,1131.3335,1.80702684044979,0.243647256101931,1921.19,1322.86,0.139582,0.036,1144.2739,1.67895990636508,0.257912911406915,"IRFSelex_poorrec_25_yrfwd-9","IRFSelex_poorrec_25_yrfwd",0.0588235294117646,0.0114381833473507,0.0585504451526279,0.000257979447637397,-0.0602440873627314,0.0114381833473506,-0.0708716280344982
"795","IRFSelex_poorrec_25_yrfwd",90,2074.04,1307.9,0.139546,0.033,1131.3335,1.83327020723774,0.236481160334227,1982.91,1295.98,0.139627,0.035,1121.0227,1.76884018494898,0.250667850773848,"IRFSelex_poorrec_25_yrfwd-90","IRFSelex_poorrec_25_yrfwd",0.0606060606060607,-0.00911384662435964,0.0599907849723431,0.000580453757183995,-0.0439384004165782,-0.00911384662435972,-0.0351448586435305
"796","IRFSelex_poorrec_25_yrfwd",91,2060.47,1307.9,0.139546,0.03,1131.3335,1.82127551248151,0.214982873031115,2440.43,1324.83,0.139543,0.025,1145.97795,2.12956104434645,0.179156245745039,"IRFSelex_poorrec_25_yrfwd-91","IRFSelex_poorrec_25_yrfwd",-0.166666666666667,0.0129444147106048,-0.166648751042092,-2.1498287303133e-05,0.184404529063757,0.0129444147106047,0.169269025884444
"797","IRFSelex_poorrec_25_yrfwd",93,2250.6,1307.9,0.139546,0.034,1131.3335,1.98933382596732,0.243647256101931,2933.89,1295.35,0.139578,0.026,1120.47775,2.61842771978292,0.186275774119131,"IRFSelex_poorrec_25_yrfwd-93","IRFSelex_poorrec_25_yrfwd",-0.235294117647059,-0.00959553482682157,-0.2354694360227,0.000229315064566553,0.303603483515507,-0.00959553482682176,0.316233447400264
"798","IRFSelex_poorrec_25_yrfwd",95,2068.63,1307.9,0.139546,0.034,1131.3335,1.82848823976308,0.243647256101931,1851.86,1293.59,0.139589,0.038,1118.95535,1.65499007623495,0.272227754335943,"IRFSelex_poorrec_25_yrfwd-95","IRFSelex_poorrec_25_yrfwd",0.117647058823529,-0.0109412034559217,0.117302770781281,0.000308142118011175,-0.104789159975443,-0.0109412034559218,-0.0948861249173861
"799","IRFSelex_poorrec_25_yrfwd",97,2124.95,1307.9,0.139546,0.031,1131.3335,1.8782702006084,0.222148968798819,2194.79,1290.24,0.139595,0.03,1116.0576,1.96655620641802,0.21490741072388,"IRFSelex_poorrec_25_yrfwd-97","IRFSelex_poorrec_25_yrfwd",-0.0322580645161291,-0.0135025613579019,-0.0325977568750152,0.000351138692617442,0.0328666556860162,-0.013502561357902,0.0470038899520558
"800","IRFSelex_poorrec_25_yrfwd",99,2131.56,1307.9,0.139546,0.026,1131.3335,1.88411286327153,0.1863184899603,2370.9,1300.21,0.139587,0.024,1124.68165,2.1080632017069,0.171935781985428,"IRFSelex_poorrec_25_yrfwd-99","IRFSelex_poorrec_25_yrfwd",-0.0769230769230769,-0.00587965440782932,-0.0771942064254383,0.000293809926475753,0.112283961042617,-0.00587965440782939,0.118862485788941
"801","IRFSelex_poorrec_qprior_25_yrfwd",1,2288.67,1307.9,0.139546,0.033,1131.3335,2.02298438082139,0.236481160334227,2224.06,1273.04,0.139581,0.035,1101.1796,2.01970686707236,0.250750460306202,"IRFSelex_poorrec_qprior_25_yrfwd-1","IRFSelex_poorrec_qprior_25_yrfwd",0.0606060606060607,-0.0266534138695619,0.06034011314816,0.000250813351869686,-0.0282303696033068,-0.026653413869562,-0.00162013794080708
"802","IRFSelex_poorrec_qprior_25_yrfwd",10,2204.34,1307.9,0.139546,0.036,1131.3335,1.94844402645197,0.257979447637338,2460.43,1285.38,0.139605,0.032,1111.8537,2.21290804716484,0.229218151212349,"IRFSelex_poorrec_qprior_25_yrfwd-10","IRFSelex_poorrec_qprior_25_yrfwd",-0.111111111111111,-0.0172184417768941,-0.111486774192265,0.000422799650294552,0.116175363147246,-0.0172184417768942,0.135730879164358
"803","IRFSelex_poorrec_qprior_25_yrfwd",100,2050.51,1307.9,0.139546,0.038,1131.3335,1.81247174241724,0.272311639172746,2263.82,1274.69,0.139623,0.035,1102.60685,2.05315249039129,0.250675032050593,"IRFSelex_poorrec_qprior_25_yrfwd-100","IRFSelex_poorrec_qprior_25_yrfwd",-0.0789473684210525,-0.0253918495297804,-0.0794553151965232,0.000551789374113151,0.104027778455116,-0.0253918495297806,0.132791448463114
"804","IRFSelex_poorrec_qprior_25_yrfwd",103,1974.34,1307.9,0.139546,0.041,1131.3335,1.74514411532939,0.293809926475857,2038.68,1318.28,0.139558,0.04,1140.3122,1.78782617602443,0.286619183421946,"IRFSelex_poorrec_qprior_25_yrfwd-103","IRFSelex_poorrec_qprior_25_yrfwd",-0.024390243902439,0.00793638657389719,-0.0244741324439282,8.59931492123332e-05,0.0325881053921818,0.007936386573897,0.0244576137409613
"805","IRFSelex_poorrec_qprior_25_yrfwd",104,2077.73,1307.9,0.139546,0.036,1131.3335,1.83653184494227,0.257979447637338,1880.01,1299.06,0.139605,0.04,1123.6869,1.67307281058451,0.286522689015436,"IRFSelex_poorrec_qprior_25_yrfwd-104","IRFSelex_poorrec_qprior_25_yrfwd",0.111111111111111,-0.00675892652343454,0.110641532259669,0.000422799650294552,-0.0951615464954542,-0.00675892652343462,-0.0890041927712381
"806","IRFSelex_poorrec_qprior_25_yrfwd",106,1984.86,1307.9,0.139546,0.035,1131.3335,1.7544428764816,0.250813351869634,2149.6,1287.05,0.139588,0.032,1113.29825,1.93083928767516,0.229246066997163,"IRFSelex_poorrec_qprior_25_yrfwd-106","IRFSelex_poorrec_qprior_25_yrfwd",-0.0857142857142858,-0.0159415857481458,-0.0859893809946822,0.000300976022243464,0.082998297109116,-0.015941585748146,0.10054269281614
"807","IRFSelex_poorrec_qprior_25_yrfwd",107,2267.21,1307.9,0.139546,0.035,1131.3335,2.004015615201,0.250813351869634,2618.7,1283.53,0.139618,0.03,1110.25345,2.35865063062853,0.21487200790729,"IRFSelex_poorrec_qprior_25_yrfwd-107","IRFSelex_poorrec_qprior_25_yrfwd",-0.142857142857143,-0.0186329230063461,-0.143299165273409,0.000515958895274596,0.155031955575355,-0.0186329230063461,0.17696220166027
"808","IRFSelex_poorrec_qprior_25_yrfwd",108,2059.3,1307.9,0.139546,0.033,1131.3335,1.82024133467276,0.236481160334227,2025.38,1298.52,0.139615,0.034,1123.2198,1.8031911474495,0.24352684167174,"IRFSelex_poorrec_qprior_25_yrfwd-108","IRFSelex_poorrec_qprior_25_yrfwd",0.0303030303030303,-0.00717180212554466,0.0297938378158986,0.000494460607971463,-0.016471616568737,-0.00717180212554485,-0.00936699266106893
"809","IRFSelex_poorrec_qprior_25_yrfwd",11,2111.04,1307.9,0.139546,0.031,1131.3335,1.86597497554877,0.222148968798819,2111.56,1284.27,0.139574,0.031,1110.89355,1.90077618148021,0.222104403398914,"IRFSelex_poorrec_qprior_25_yrfwd-11","IRFSelex_poorrec_qprior_25_yrfwd",0,-0.0180671305145653,-0.000200610428876434,0.000200650681495709,0.00024632408670607,-0.0180671305145654,0.0186504140663589
"810","IRFSelex_poorrec_qprior_25_yrfwd",110,2149.1,1307.9,0.139546,0.036,1131.3335,1.89961669127627,0.257979447637338,2422.95,1284.76,0.139642,0.032,1111.3174,2.18025021474513,0.229157416823019,"IRFSelex_poorrec_qprior_25_yrfwd-110","IRFSelex_poorrec_qprior_25_yrfwd",-0.111111111111111,-0.0176924841348727,-0.111722197555972,0.000687945193699461,0.127425433902564,-0.0176924841348728,0.147731658053771
"811","IRFSelex_poorrec_qprior_25_yrfwd",111,2289.06,1307.9,0.139546,0.036,1131.3335,2.02332910675764,0.257979447637338,2585.45,1283.22,0.139609,0.032,1109.9853,2.32926508125828,0.229211583780415,"IRFSelex_poorrec_qprior_25_yrfwd-111","IRFSelex_poorrec_qprior_25_yrfwd",-0.111111111111111,-0.0188699441853352,-0.111512231382727,0.000451464033365396,0.129481097044201,-0.0188699441853353,0.151204257122014
"812","IRFSelex_poorrec_qprior_25_yrfwd",112,2269.51,1307.9,0.139546,0.035,1131.3335,2.00604861431223,0.250813351869634,2804.31,1306.12,0.139591,0.028,1129.7938,2.48214320170636,0.200585997664606,"IRFSelex_poorrec_qprior_25_yrfwd-112","IRFSelex_poorrec_qprior_25_yrfwd",-0.2,-0.00136096031806716,-0.200257896282712,0.000322474309546598,0.235645579882882,-0.00136096031806728,0.237329536282134
"813","IRFSelex_poorrec_qprior_25_yrfwd",114,2305.47,1307.9,0.139546,0.03,1131.3335,2.03783411345991,0.214982873031115,2049.03,1309.57,0.139623,0.033,1132.77805,1.80885390567022,0.236350744504845,"IRFSelex_poorrec_qprior_25_yrfwd-114","IRFSelex_poorrec_qprior_25_yrfwd",0.1,0.00127685602874832,0.0993933664224376,0.000551789374113151,-0.111231115564288,0.00127685602874826,-0.112364498305957
"814","IRFSelex_poorrec_qprior_25_yrfwd",115,2273.2,1307.9,0.139546,0.028,1131.3335,2.00931025201676,0.200650681495708,2719.41,1285,0.139648,0.024,1111.525,2.44655765727267,0.17186067827681,"IRFSelex_poorrec_qprior_25_yrfwd-115","IRFSelex_poorrec_qprior_25_yrfwd",-0.142857142857143,-0.017508983867268,-0.14348320675658,0.000730941768305727,0.196291571353159,-0.0175089838672682,0.217610697410736
"815","IRFSelex_poorrec_qprior_25_yrfwd",116,2181.48,1307.9,0.139546,0.037,1131.3335,1.9282377831117,0.265145543405042,2294.54,1292.79,0.139604,0.035,1118.26335,2.05187803034053,0.250709148734993,"IRFSelex_poorrec_qprior_25_yrfwd-116","IRFSelex_poorrec_qprior_25_yrfwd",-0.0540540540540539,-0.0115528710146036,-0.0544470575845034,0.000415633554526841,0.0518271998826485,-0.0115528710146037,0.0641208508160769
"816","IRFSelex_poorrec_qprior_25_yrfwd",117,2227.5,1307.9,0.139546,0.035,1131.3335,1.96891544358936,0.250813351869634,2295.84,1319.87,0.139563,0.034,1141.68755,2.01091796087292,0.243617577724755,"IRFSelex_poorrec_qprior_25_yrfwd-117","IRFSelex_poorrec_qprior_25_yrfwd",-0.0285714285714286,0.0091520758467772,-0.0286897571091805,0.000121823628050888,0.0306801346801347,0.00915207584677712,0.0213328192535237
"817","IRFSelex_poorrec_qprior_25_yrfwd",118,2361.79,1307.9,0.139546,0.028,1131.3335,2.08761607430523,0.200650681495708,2588.27,1307.31,0.139608,0.025,1130.82315,2.28883711834163,0.179072832502435,"IRFSelex_poorrec_qprior_25_yrfwd-118","IRFSelex_poorrec_qprior_25_yrfwd",-0.107142857142857,-0.000451104824527884,-0.107539375557684,0.000444297937597685,0.0958933690124863,-0.00045110482452798,0.0963879549084998
"818","IRFSelex_poorrec_qprior_25_yrfwd",12,2191.73,1307.9,0.139546,0.031,1131.3335,1.93729788784651,0.222148968798819,2572.57,1330.67,0.139612,0.026,1151.02955,2.23501646851725,0.18623040999341,"IRFSelex_poorrec_qprior_25_yrfwd-12","IRFSelex_poorrec_qprior_25_yrfwd",-0.161290322580645,0.0174095878889824,-0.161686813130954,0.000472962320668529,0.173762279112847,0.0174095878889823,0.153677233913512
"819","IRFSelex_poorrec_qprior_25_yrfwd",120,2102.24,1307.9,0.139546,0.04,1131.3335,1.85819654416668,0.286643830708154,2075.53,1301.94,0.139635,0.041,1126.1781,1.84298558105507,0.293622659075447,"IRFSelex_poorrec_qprior_25_yrfwd-120","IRFSelex_poorrec_qprior_25_yrfwd",0.025,-0.00455692331217972,0.0243466895835572,0.000637782523325683,-0.0127054950909504,-0.00455692331217986,-0.00818587417965044
"820","IRFSelex_poorrec_qprior_25_yrfwd",121,1958.33,1307.9,0.139546,0.04,1131.3335,1.73099267368994,0.286643830708154,2061.07,1313.45,0.139616,0.038,1136.13425,1.81410779579966,0.272175108870044,"IRFSelex_poorrec_qprior_25_yrfwd-121","IRFSelex_poorrec_qprior_25_yrfwd",-0.05,0.00424344368835547,-0.0504763064405226,0.000501626703739174,0.0524630680222436,0.00424344368835534,0.0480158716862402
"821","IRFSelex_poorrec_qprior_25_yrfwd",122,2022.3,1307.9,0.139546,0.023,1131.3335,1.78753656636173,0.164820202657188,2314.94,1298.55,0.13965,0.02,1123.24575,2.06093813397469,0.143215180809166,"IRFSelex_poorrec_qprior_25_yrfwd-122","IRFSelex_poorrec_qprior_25_yrfwd",-0.130434782608696,-0.00714886459209412,-0.131082364295833,0.000745273959841149,0.144706522276616,-0.0071488645920943,0.152948797108764
"822","IRFSelex_poorrec_qprior_25_yrfwd",123,2098.64,1307.9,0.139546,0.039,1131.3335,1.85501445860129,0.27947773494045,2409.29,1291.84,0.139636,0.034,1117.4416,2.15607688133322,0.243490217422441,"IRFSelex_poorrec_qprior_25_yrfwd-123","IRFSelex_poorrec_qprior_25_yrfwd",-0.128205128205128,-0.0122792262405383,-0.128767028706872,0.000644948619093394,0.148024434872108,-0.0122792262405384,0.162296537008631
"823","IRFSelex_poorrec_qprior_25_yrfwd",125,2189.02,1307.9,0.139546,0.031,1131.3335,1.93490248454589,0.222148968798819,2291.11,1280.27,0.139589,0.03,1107.43355,2.0688464784185,0.214916648159955,"IRFSelex_poorrec_qprior_25_yrfwd-125","IRFSelex_poorrec_qprior_25_yrfwd",-0.0322580645161291,-0.0211254683079746,-0.0325561747055121,0.000308142118011175,0.0466373080191136,-0.0211254683079747,0.0692251909036366
"824","IRFSelex_poorrec_qprior_25_yrfwd",127,2163.37,1307.9,0.139546,0.031,1131.3335,1.91223012489244,0.222148968798819,2570.85,1329.24,0.139641,0.026,1149.7926,2.23592498334047,0.186191734519231,"IRFSelex_poorrec_qprior_25_yrfwd-127","IRFSelex_poorrec_qprior_25_yrfwd",-0.161290322580645,0.0163162321278386,-0.161860910154172,0.00068077909793175,0.188354280590005,0.0163162321278385,0.16927610031572
"825","IRFSelex_poorrec_qprior_25_yrfwd",128,2301.2,1307.9,0.139546,0.033,1131.3335,2.03405980641429,0.236481160334227,2188.81,1275.89,0.139565,0.035,1103.64485,1.9832557547838,0.250779206821194,"IRFSelex_poorrec_qprior_25_yrfwd-128","IRFSelex_poorrec_qprior_25_yrfwd",0.0606060606060607,-0.0244743481917576,0.060461672577891,0.00013615581958631,-0.0488397357900225,-0.0244743481917578,-0.0249766754498982
"826","IRFSelex_poorrec_qprior_25_yrfwd",14,2306.66,1307.9,0.139546,0.031,1131.3335,2.03888596952181,0.222148968798819,2650.01,1286.25,0.139614,0.027,1112.60625,2.38180398501267,0.19339034767287,"IRFSelex_poorrec_qprior_25_yrfwd-14","IRFSelex_poorrec_qprior_25_yrfwd",-0.129032258064516,-0.0165532533068277,-0.129456469149734,0.000487294512203752,0.148851586276261,-0.0165532533068278,0.168188913267811
"827","IRFSelex_poorrec_qprior_25_yrfwd",15,2037.84,1307.9,0.139546,0.034,1131.3335,1.80127256905236,0.243647256101931,2198.81,1305.75,0.139585,0.032,1129.47375,1.94675617737907,0.229250994017982,"IRFSelex_poorrec_qprior_25_yrfwd-15","IRFSelex_poorrec_qprior_25_yrfwd",-0.0588235294117648,-0.00164385656395756,-0.0590864937872558,0.000279477734940331,0.0789904997448279,-0.00164385656395756,0.0807671258788133
"828","IRFSelex_poorrec_qprior_25_yrfwd",16,2205.72,1307.9,0.139546,0.028,1131.3335,1.94966382591871,0.200650681495708,2692.03,1325.43,0.13967,0.023,1146.49695,2.34804811299324,0.164673874131882,"IRFSelex_poorrec_qprior_25_yrfwd-16","IRFSelex_poorrec_qprior_25_yrfwd",-0.178571428571429,0.0134031653796162,-0.179300698585441,0.00088859587519517,0.220476760422901,0.0134031653796162,0.204334861107046
"829","IRFSelex_poorrec_qprior_25_yrfwd",17,2309.1,1307.9,0.139546,0.029,1131.3335,2.04104271640502,0.207816777263411,2297.18,1287.56,0.139616,0.03,1113.7394,2.06258304231672,0.214875085950034,"IRFSelex_poorrec_qprior_25_yrfwd-17","IRFSelex_poorrec_qprior_25_yrfwd",0.0344827586206896,-0.0155516476794862,0.0339640946201206,0.000501626703739174,-0.00516218440084885,-0.0155516476794863,0.0105535889761485
"830","IRFSelex_poorrec_qprior_25_yrfwd",19,2274.84,1307.9,0.139546,0.03,1131.3335,2.01075986877433,0.214982873031115,1953.05,1302.6,0.139624,0.035,1126.749,1.73334966350092,0.250673236692832,"IRFSelex_poorrec_qprior_25_yrfwd-19","IRFSelex_poorrec_qprior_25_yrfwd",0.166666666666667,-0.00405229757626744,0.166014916251265,0.000558955469880862,-0.141456102407202,-0.00405229757626744,-0.137962871440488
"831","IRFSelex_poorrec_qprior_25_yrfwd",2,2082.55,1307.9,0.139546,0.032,1131.3335,1.84079230394928,0.229315064566523,2150.77,1317.29,0.139631,0.03,1139.45585,1.88754132071023,0.214852002778753,"IRFSelex_poorrec_qprior_25_yrfwd-2","IRFSelex_poorrec_qprior_25_yrfwd",-0.0625000000000001,0.00717944797002838,-0.0630707006323812,0.000609118140254839,0.0327579169767832,0.00717944797002819,0.0253961387499598
"832","IRFSelex_poorrec_qprior_25_yrfwd",20,2155.85,1307.9,0.139546,0.036,1131.3335,1.90558310171139,0.257979447637338,2229.57,1295.74,0.13959,0.035,1120.8151,1.98923979521689,0.250734293287485,"IRFSelex_poorrec_qprior_25_yrfwd-20","IRFSelex_poorrec_qprior_25_yrfwd",-0.0277777777777776,-0.00929734689196416,-0.0280842308029067,0.000315308213778886,0.0341953289885661,-0.00929734689196428,0.043900837192759
"833","IRFSelex_poorrec_qprior_25_yrfwd",21,2158.18,1307.9,0.139546,0.034,1131.3335,1.90764261820232,0.243647256101931,2484.17,1318.55,0.139607,0.029,1140.54575,2.1780537957377,0.207725973625964,"IRFSelex_poorrec_qprior_25_yrfwd-21","IRFSelex_poorrec_qprior_25_yrfwd",-0.147058823529412,0.00814282437495225,-0.147431508364447,0.000437131841829974,0.151048568701406,0.00814282437495211,0.141751486864032
"834","IRFSelex_poorrec_qprior_25_yrfwd",22,2093.18,1307.9,0.139546,0.038,1131.3335,1.85018829549377,0.272311639172746,2436,1309.5,0.139677,0.032,1132.7175,2.15058035211781,0.229099994988438,"IRFSelex_poorrec_qprior_25_yrfwd-22","IRFSelex_poorrec_qprior_25_yrfwd",-0.157894736842105,0.00122333511736373,-0.158684528930092,0.000938758545569147,0.163779512512063,0.00122333511736364,0.162357559690361
"835","IRFSelex_poorrec_qprior_25_yrfwd",23,2093.66,1307.9,0.139546,0.03,1131.3335,1.85061257356916,0.214982873031115,2647.16,1306.55,0.139609,0.024,1130.16575,2.34227590068094,0.171908687835311,"IRFSelex_poorrec_qprior_25_yrfwd-23","IRFSelex_poorrec_qprior_25_yrfwd",-0.2,-0.00103218900527569,-0.200361008244454,0.000451464033365396,0.264369572901044,-0.00103218900527574,0.265675989741897
"836","IRFSelex_poorrec_qprior_25_yrfwd",26,2126.35,1307.9,0.139546,0.034,1131.3335,1.87950767832827,0.243647256101931,2019.04,1293.73,0.139604,0.035,1119.07645,1.80420202748436,0.250709148734993,"IRFSelex_poorrec_qprior_25_yrfwd-26","IRFSelex_poorrec_qprior_25_yrfwd",0.0294117647058824,-0.0108341616331523,0.0289840843933345,0.000415633554526841,-0.0504667622921908,-0.0108341616331524,-0.0400666896508208
"837","IRFSelex_poorrec_qprior_25_yrfwd",27,2172.38,1307.9,0.139546,0.04,1131.3335,1.9201941779325,0.286643830708154,2501.22,1312.59,0.139564,0.035,1135.39035,2.20296041797431,0.250781003697229,"IRFSelex_poorrec_qprior_25_yrfwd-27","IRFSelex_poorrec_qprior_25_yrfwd",-0.125,0.00358590106277233,-0.125112851451664,0.000128989723818599,0.151373148344212,0.00358590106277225,0.147259190394103
"838","IRFSelex_poorrec_qprior_25_yrfwd",28,2201.5,1307.9,0.139546,0.036,1131.3335,1.94593371450593,0.257979447637338,2263.3,1303.98,0.139641,0.035,1127.9427,2.00657356087326,0.250642719545119,"IRFSelex_poorrec_qprior_25_yrfwd-28","IRFSelex_poorrec_qprior_25_yrfwd",-0.0277777777777776,-0.00299717103754101,-0.0284391960654661,0.00068077909793175,0.0280717692482399,-0.00299717103754115,0.0311623391461318
"839","IRFSelex_poorrec_qprior_25_yrfwd",29,2260.79,1307.9,0.139546,0.032,1131.3335,1.99834089594271,0.229315064566523,2591.16,1300.57,0.139611,0.028,1124.99305,2.3032675624085,0.200557262679875,"IRFSelex_poorrec_qprior_25_yrfwd-29","IRFSelex_poorrec_qprior_25_yrfwd",-0.125,-0.00560440400642244,-0.125407381939819,0.000465796224900818,0.146130334971404,-0.00560440400642263,0.152589914506024
"840","IRFSelex_poorrec_qprior_25_yrfwd",3,2043.05,1307.9,0.139546,0.03,1131.3335,1.80587775399562,0.214982873031115,2235.86,1297.75,0.139631,0.027,1122.55375,1.9917620871161,0.193366802500877,"IRFSelex_poorrec_qprior_25_yrfwd-3","IRFSelex_poorrec_qprior_25_yrfwd",-0.1,-0.00776053215077598,-0.100547872607086,0.000609118140254839,0.09437360808595,-0.00776053215077612,0.102932954741371
"841","IRFSelex_poorrec_qprior_25_yrfwd",30,2216.7,1307.9,0.139546,0.034,1131.3335,1.95936918689317,0.243647256101931,2332.32,1281.6,0.139618,0.032,1108.584,2.10387304886233,0.229196808434443,"IRFSelex_poorrec_qprior_25_yrfwd-30","IRFSelex_poorrec_qprior_25_yrfwd",-0.0588235294117648,-0.0201085709916661,-0.0593088873590376,0.000515958895274596,0.0521586141561783,-0.0201085709916662,0.073750196203859
"842","IRFSelex_poorrec_qprior_25_yrfwd",31,2199.6,1307.9,0.139546,0.031,1131.3335,1.94425428045753,0.222148968798819,2029.49,1300.99,0.1396,0.033,1125.35635,1.80341986784897,0.236389684813754,"IRFSelex_poorrec_qprior_25_yrfwd-31","IRFSelex_poorrec_qprior_25_yrfwd",0.0645161290322581,-0.00528327853811448,0.06410435345226,0.000386969171455997,-0.0773367885070012,-0.0052832785381146,-0.072436210645975
"843","IRFSelex_poorrec_qprior_25_yrfwd",33,2217.43,1307.9,0.139546,0.032,1131.3335,1.96001444313282,0.229315064566523,2059.69,1290.35,0.139592,0.034,1116.15275,1.84534778057932,0.243566966588343,"IRFSelex_poorrec_qprior_25_yrfwd-33","IRFSelex_poorrec_qprior_25_yrfwd",0.0625000000000001,-0.0134184570685832,0.0621498724855294,0.000329640405314309,-0.0711364056588031,-0.0134184570685834,-0.0585029681568168
"844","IRFSelex_poorrec_qprior_25_yrfwd",35,2058.1,1307.9,0.139546,0.034,1131.3335,1.81918063948429,0.243647256101931,2294.68,1316.88,0.139619,0.03,1139.1012,2.01446543994511,0.214870468918987,"IRFSelex_poorrec_qprior_25_yrfwd-35","IRFSelex_poorrec_qprior_25_yrfwd",-0.11764705882353,0.00686596834620393,-0.118108398359738,0.000523124991042307,0.114950682668481,0.00686596834620385,0.107347668627442
"845","IRFSelex_poorrec_qprior_25_yrfwd",36,2208.51,1307.9,0.139546,0.035,1131.3335,1.95212994223189,0.250813351869634,2215.86,1307.1,0.139608,0.035,1130.6415,1.95982546191697,0.25070196550341,"IRFSelex_poorrec_qprior_25_yrfwd-36","IRFSelex_poorrec_qprior_25_yrfwd",0,-0.000611667558681863,-0.000444100624605961,0.000444297937597685,0.0033280356439409,-0.000611667558681995,0.00394211446615437
"846","IRFSelex_poorrec_qprior_25_yrfwd",38,2080.22,1307.9,0.139546,0.038,1131.3335,1.83873278745834,0.272311639172746,2316.78,1291.18,0.139583,0.034,1116.8707,2.07434934052796,0.2435826712422,"IRFSelex_poorrec_qprior_25_yrfwd-38","IRFSelex_poorrec_qprior_25_yrfwd",-0.105263157894737,-0.0127838519764508,-0.105500330495683,0.000265145543405108,0.113718741286979,-0.0127838519764508,0.128140725328181
"847","IRFSelex_poorrec_qprior_25_yrfwd",4,2205.69,1307.9,0.139546,0.036,1131.3335,1.94963730853899,0.257979447637338,2028.63,1315.59,0.13956,0.039,1137.98535,1.78265036540233,0.27944969905417,"IRFSelex_poorrec_qprior_25_yrfwd-4","IRFSelex_poorrec_qprior_25_yrfwd",0.0833333333333334,0.00587965440782932,0.083224658450368,0.000100325340747755,-0.0802741999102321,0.00587965440782921,-0.0856502603870451
"848","IRFSelex_poorrec_qprior_25_yrfwd",40,2090.37,1307.9,0.139546,0.033,1131.3335,1.84770450092745,0.236481160334227,1980.01,1305.57,0.139573,0.035,1129.31805,1.75327933525901,0.250764832739857,"IRFSelex_poorrec_qprior_25_yrfwd-40","IRFSelex_poorrec_qprior_25_yrfwd",0.0606060606060607,-0.001781481764661,0.0604008893792733,0.000193484585727998,-0.0527944813597592,-0.00178148176466102,-0.0511040405113697
"849","IRFSelex_poorrec_qprior_25_yrfwd",41,2261.76,1307.9,0.139546,0.039,1131.3335,1.99919829122005,0.27947773494045,2277.72,1318.97,0.139581,0.039,1140.90905,1.99640803971184,0.279407655769768,"IRFSelex_poorrec_qprior_25_yrfwd-41","IRFSelex_poorrec_qprior_25_yrfwd",0,0.00846394984326021,-0.000250750460306342,0.000250813351869686,0.00705645161290304,0.00846394984326014,-0.00139568522065255
"850","IRFSelex_poorrec_qprior_25_yrfwd",42,2210.82,1307.9,0.139546,0.03,1131.3335,1.95417178046968,0.214982873031115,1921.18,1296.5,0.139559,0.034,1121.4725,1.71308703512569,0.243624560221842,"IRFSelex_poorrec_qprior_25_yrfwd-42","IRFSelex_poorrec_qprior_25_yrfwd",0.133333333333333,-0.00871626271121635,0.133227762690571,9.31592449800442e-05,-0.131010213404981,-0.00871626271121652,-0.1233692696586
"851","IRFSelex_poorrec_qprior_25_yrfwd",43,1998.44,1307.9,0.139546,0.036,1131.3335,1.76644641036441,0.257979447637338,2116.39,1307.34,0.139633,0.034,1130.8491,1.87150522558669,0.243495448783597,"IRFSelex_poorrec_qprior_25_yrfwd-43","IRFSelex_poorrec_qprior_25_yrfwd",-0.0555555555555554,-0.000428167291077344,-0.0561440028901159,0.000623450331790261,0.0590210364083985,-0.000428167291077432,0.0594746688073067
"852","IRFSelex_poorrec_qprior_25_yrfwd",44,2175.42,1307.9,0.139546,0.03,1131.3335,1.92288127240995,0.214982873031115,2106.72,1316.92,0.139583,0.031,1139.1358,1.84940197648077,0.222090082603182,"IRFSelex_poorrec_qprior_25_yrfwd-44","IRFSelex_poorrec_qprior_25_yrfwd",0.0333333333333334,0.00689655172413798,0.0330594222314559,0.000265145543405108,-0.031580108668671,0.00689655172413792,-0.0382131216229953
"853","IRFSelex_poorrec_qprior_25_yrfwd",47,2063.72,1307.9,0.139546,0.033,1131.3335,1.82414822861694,0.236481160334227,2160.15,1310.59,0.139598,0.031,1133.66035,1.90546489519546,0.222066218713735,"IRFSelex_poorrec_qprior_25_yrfwd-47","IRFSelex_poorrec_qprior_25_yrfwd",-0.0606060606060607,0.00205673216606767,-0.0609559831325186,0.000372636979920575,0.0467263000794683,0.00205673216606761,0.0445778831472365
"854","IRFSelex_poorrec_qprior_25_yrfwd",48,2121.89,1307.9,0.139546,0.033,1131.3335,1.87556542787781,0.236481160334227,2399.23,1288.91,0.139568,0.03,1114.90715,2.15195498566854,0.214948985440789,"IRFSelex_poorrec_qprior_25_yrfwd-48","IRFSelex_poorrec_qprior_25_yrfwd",-0.090909090909091,-0.0145194586742105,-0.0910523902327182,0.000157654106889443,0.130704230662287,-0.0145194586742106,0.147363325044576
"855","IRFSelex_poorrec_qprior_25_yrfwd",49,2094.55,1307.9,0.139546,0.033,1131.3335,1.85139925583393,0.236481160334227,2229.44,1335.94,0.139649,0.03,1155.5881,1.92926874203706,0.214824309518865,"IRFSelex_poorrec_qprior_25_yrfwd-49","IRFSelex_poorrec_qprior_25_yrfwd",-0.090909090909091,0.0214389479317991,-0.0915796031478922,0.000738107864073438,0.064400467880929,0.021438947931799,0.042059802043106
"856","IRFSelex_poorrec_qprior_25_yrfwd",5,2165.77,1307.9,0.139546,0.037,1131.3335,1.91435151526937,0.265145543405042,2265.23,1302.52,0.139592,0.036,1126.6798,2.01053573517516,0.257894435211187,"IRFSelex_poorrec_qprior_25_yrfwd-5","IRFSelex_poorrec_qprior_25_yrfwd",-0.0270270270270271,-0.00411346433213555,-0.0273476525410733,0.000329640405314309,0.0459236206984121,-0.00411346433213557,0.0502437609491242
"857","IRFSelex_poorrec_qprior_25_yrfwd",50,2099.87,1307.9,0.139546,0.034,1131.3335,1.85610167116947,0.243647256101931,2175.92,1291.34,0.139613,0.033,1117.0091,1.94798771111175,0.236367673497454,"IRFSelex_poorrec_qprior_25_yrfwd-50","IRFSelex_poorrec_qprior_25_yrfwd",-0.0294117647058824,-0.0126615184647144,-0.0298775480624801,0.000480128416436041,0.0362165276898095,-0.0126615184647146,0.0495048527618611
"858","IRFSelex_poorrec_qprior_25_yrfwd",51,2078.43,1307.9,0.139546,0.041,1131.3335,1.83715058380221,0.293809926475857,2264.2,1289.94,0.139624,0.038,1115.7981,2.02922016088753,0.272159514123646,"IRFSelex_poorrec_qprior_25_yrfwd-51","IRFSelex_poorrec_qprior_25_yrfwd",-0.0731707317073171,-0.0137319366924077,-0.0736884985878449,0.000558955469880862,0.0893799646848823,-0.0137319366924077,0.104547541599886
"859","IRFSelex_poorrec_qprior_25_yrfwd",52,2105.81,1307.9,0.139546,0.034,1131.3335,1.86135211235237,0.243647256101931,2561.21,1294.36,0.139592,0.028,1119.6214,2.28756792251381,0.200584560719812,"IRFSelex_poorrec_qprior_25_yrfwd-52","IRFSelex_poorrec_qprior_25_yrfwd",-0.176470588235294,-0.0103524734306904,-0.176741967346856,0.000329640405314309,0.216258826769747,-0.0103524734306906,0.228981828496053
"860","IRFSelex_poorrec_qprior_25_yrfwd",54,2035.92,1307.9,0.139546,0.029,1131.3335,1.79957545675082,0.207816777263411,2039.27,1325.95,0.139614,0.029,1146.94675,1.7779988478105,0.207715558611601,"IRFSelex_poorrec_qprior_25_yrfwd-54","IRFSelex_poorrec_qprior_25_yrfwd",0,0.0138007492927595,-0.000487057171916826,0.000487294512203752,0.00164544775826158,0.0138007492927593,-0.0119898328571739
"861","IRFSelex_poorrec_qprior_25_yrfwd",55,2084.06,1307.9,0.139546,0.037,1131.3335,1.84212701206143,0.265145543405042,2345.2,1304.32,0.139622,0.032,1128.2368,2.07864164685995,0.229190242225437,"IRFSelex_poorrec_qprior_25_yrfwd-55","IRFSelex_poorrec_qprior_25_yrfwd",-0.135135135135135,-0.00273721232510136,-0.135605904281328,0.00054462327834544,0.125303494141243,-0.00273721232510143,0.128392143022673
"862","IRFSelex_poorrec_qprior_25_yrfwd",56,2120,1307.9,0.139546,0.032,1131.3335,1.87389483295598,0.229315064566523,2334.21,1287.41,0.139633,0.029,1113.60965,2.09607558627029,0.207687294550715,"IRFSelex_poorrec_qprior_25_yrfwd-56","IRFSelex_poorrec_qprior_25_yrfwd",-0.09375,-0.0156663353467389,-0.0943146498320598,0.000623450331790261,0.101042452830189,-0.0156663353467391,0.118566287396093
"863","IRFSelex_poorrec_qprior_25_yrfwd",57,2056.76,1307.9,0.139546,0.031,1131.3335,1.81799619652384,0.222148968798819,1880.77,1302.29,0.139539,0.034,1126.48085,1.66959784536062,0.243659478712045,"IRFSelex_poorrec_qprior_25_yrfwd-57","IRFSelex_poorrec_qprior_25_yrfwd",0.0967741935483872,-0.00428931875525655,0.0968292134306771,-5.0162670373977e-05,-0.0855666193430445,-0.00428931875525662,-0.0816274266398174
"864","IRFSelex_poorrec_qprior_25_yrfwd",58,2098.21,1307.9,0.139546,0.035,1131.3335,1.85463437615875,0.250813351869634,2482.38,1313.37,0.139562,0.029,1136.06505,2.18506853986926,0.207792952236282,"IRFSelex_poorrec_qprior_25_yrfwd-58","IRFSelex_poorrec_qprior_25_yrfwd",-0.171428571428571,0.00418227693248717,-0.171523562492451,0.000114657532283177,0.183094161213606,0.00418227693248704,0.178166741627474
"865","IRFSelex_poorrec_qprior_25_yrfwd",59,2022.85,1307.9,0.139546,0.031,1131.3335,1.78802271832311,0.222148968798819,2251.27,1313.24,0.13961,0.027,1135.9526,1.98183445330377,0.193395888546666,"IRFSelex_poorrec_qprior_25_yrfwd-59","IRFSelex_poorrec_qprior_25_yrfwd",-0.129032258064516,0.0040828809542015,-0.129431526995709,0.000458630129133107,0.11291989025385,0.00408288095420133,0.1083944476737
"866","IRFSelex_poorrec_qprior_25_yrfwd",6,2091.93,1307.9,0.139546,0.037,1131.3335,1.84908340467245,0.265145543405042,2133.41,1304.35,0.139563,0.037,1128.26275,1.89088047088322,0.265113246347528,"IRFSelex_poorrec_qprior_25_yrfwd-6","IRFSelex_poorrec_qprior_25_yrfwd",0,-0.00271427479165082,-0.00012180878886227,0.000121823628050888,0.0198285793501695,-0.00271427479165088,0.0226042081742528
"867","IRFSelex_poorrec_qprior_25_yrfwd",60,2086.57,1307.9,0.139546,0.038,1131.3335,1.84434563283064,0.272311639172746,2414.81,1300.28,0.139653,0.033,1124.7422,2.14698977241185,0.23629997207364,"IRFSelex_poorrec_qprior_25_yrfwd-60","IRFSelex_poorrec_qprior_25_yrfwd",-0.131578947368421,-0.00582613349644472,-0.132244318342418,0.000766772247144282,0.157310801938109,-0.00582613349644477,0.164092962942484
"868","IRFSelex_poorrec_qprior_25_yrfwd",61,2091.05,1307.9,0.139546,0.027,1131.3335,1.84830556153424,0.193484585728004,2727.45,1297.09,0.139605,0.02,1121.98285,2.4309195100442,0.143261344507718,"IRFSelex_poorrec_qprior_25_yrfwd-61","IRFSelex_poorrec_qprior_25_yrfwd",-0.259259259259259,-0.00826515788668866,-0.259572311826887,0.000422799650294552,0.304344707204514,-0.00826515788668872,0.315215168224861
"869","IRFSelex_poorrec_qprior_25_yrfwd",63,2214.84,1307.9,0.139546,0.036,1131.3335,1.95772510935104,0.257979447637338,2437.46,1294.53,0.139564,0.033,1119.76845,2.1767535957992,0.236450660628815,"IRFSelex_poorrec_qprior_25_yrfwd-63","IRFSelex_poorrec_qprior_25_yrfwd",-0.0833333333333332,-0.0102224940744705,-0.0834515586636476,0.000128989723818599,0.100512903866645,-0.0102224940744706,0.111879081185592
"870","IRFSelex_poorrec_qprior_25_yrfwd",64,2094.98,1307.9,0.139546,0.03,1131.3335,1.85177933827647,0.214982873031115,2040.98,1312.39,0.139571,0.031,1135.21735,1.79787597502804,0.222109177407914,"IRFSelex_poorrec_qprior_25_yrfwd-64","IRFSelex_poorrec_qprior_25_yrfwd",0.0333333333333334,0.00343298417310207,0.0331482423521601,0.000179152394192576,-0.0257759023952496,0.00343298417310193,-0.0291089559831659
"871","IRFSelex_poorrec_qprior_25_yrfwd",65,2227.37,1307.9,0.139546,0.031,1131.3335,1.96880053494394,0.222148968798819,2735.47,1309.02,0.139592,0.026,1132.3023,2.41584778199249,0.186257092096968,"IRFSelex_poorrec_qprior_25_yrfwd-65","IRFSelex_poorrec_qprior_25_yrfwd",-0.161290322580645,0.000856334582154688,-0.161566704072144,0.000329640405314309,0.228116567970297,0.000856334582154516,0.227065789100511
"872","IRFSelex_poorrec_qprior_25_yrfwd",66,2106.49,1307.9,0.139546,0.033,1131.3335,1.86195317295917,0.236481160334227,2339.1,1278.17,0.139625,0.03,1105.61705,2.11565116511183,0.214861235452104,"IRFSelex_poorrec_qprior_25_yrfwd-66","IRFSelex_poorrec_qprior_25_yrfwd",-0.090909090909091,-0.0227310956495144,-0.0914234556848703,0.000566121565648573,0.110425399598384,-0.0227310956495145,0.136253690929005
"873","IRFSelex_poorrec_qprior_25_yrfwd",69,2061.17,1307.9,0.139546,0.034,1131.3335,1.82189425134145,0.243647256101931,2468.51,1299.78,0.139593,0.029,1124.3097,2.19557831796702,0.207746806788306,"IRFSelex_poorrec_qprior_25_yrfwd-69","IRFSelex_poorrec_qprior_25_yrfwd",-0.147058823529412,-0.00620842572062079,-0.147346002938796,0.00033680650108202,0.197625620400064,-0.00620842572062093,0.205107440429337
"874","IRFSelex_poorrec_qprior_25_yrfwd",70,1966.96,1307.9,0.139546,0.035,1131.3335,1.73862083992032,0.250813351869634,2103.24,1293.64,0.139611,0.032,1118.9986,1.87957339714277,0.229208300205571,"IRFSelex_poorrec_qprior_25_yrfwd-70","IRFSelex_poorrec_qprior_25_yrfwd",-0.0857142857142858,-0.0109029742335039,-0.0861399582718104,0.000465796224900818,0.0692845812827916,-0.0109029742335041,0.0810714757272216
"875","IRFSelex_poorrec_qprior_25_yrfwd",71,2083.74,1307.9,0.139546,0.031,1131.3335,1.84184416001117,0.222148968798819,2001.4,1290.64,0.139613,0.033,1116.4036,1.79272084038425,0.236367673497454,"IRFSelex_poorrec_qprior_25_yrfwd-71","IRFSelex_poorrec_qprior_25_yrfwd",0.0645161290322581,-0.0131967275785609,0.0640052698669574,0.000480128416436041,-0.03951548657702,-0.013196727578561,-0.0266707252944932
"876","IRFSelex_poorrec_qprior_25_yrfwd",72,2263.29,1307.9,0.139546,0.032,1131.3335,2.00055067758535,0.229315064566523,2529.21,1296.86,0.139621,0.029,1121.7839,2.25463210873324,0.207705144641565,"IRFSelex_poorrec_qprior_25_yrfwd-72","IRFSelex_poorrec_qprior_25_yrfwd",-0.09375,-0.00844101230980967,-0.0942368089327536,0.000537457182577729,0.117492676590273,-0.00844101230980976,0.127005745965192
"877","IRFSelex_poorrec_qprior_25_yrfwd",73,2112.12,1307.9,0.139546,0.03,1131.3335,1.86692960121839,0.214982873031115,2043.2,1319.21,0.139611,0.031,1141.11665,1.79052684929275,0.222045540824147,"IRFSelex_poorrec_qprior_25_yrfwd-73","IRFSelex_poorrec_qprior_25_yrfwd",0.0333333333333334,0.00864745011086473,0.0328522346615476,0.000465796224900818,-0.032630721739295,0.0086474501108647,-0.0409242811704155
"878","IRFSelex_poorrec_qprior_25_yrfwd",74,1994.64,1307.9,0.139546,0.026,1131.3335,1.7630875422676,0.1863184899603,2121.65,1296.73,0.139595,0.025,1121.67145,1.89150753547307,0.179089508936566,"IRFSelex_poorrec_qprior_25_yrfwd-74","IRFSelex_poorrec_qprior_25_yrfwd",-0.0384615384615384,-0.00854040828809534,-0.0387990533053034,0.000351138692617442,0.0636756507439939,-0.00854040828809548,0.072838126370231
"879","IRFSelex_poorrec_qprior_25_yrfwd",75,2124.43,1307.9,0.139546,0.032,1131.3335,1.87781056602673,0.229315064566523,2336.44,1312.54,0.139538,0.03,1135.3471,2.05790810581187,0.214995198440568,"IRFSelex_poorrec_qprior_25_yrfwd-75","IRFSelex_poorrec_qprior_25_yrfwd",-0.0625000000000001,0.00354767184035476,-0.0624462512003899,-5.73287661416881e-05,0.0997961806225671,0.00354767184035467,0.0959082577569106
"880","IRFSelex_poorrec_qprior_25_yrfwd",76,2052.09,1307.9,0.139546,0.028,1131.3335,1.81386832441539,0.200650681495708,2250.13,1313.86,0.139685,0.025,1136.4889,1.97989615208736,0.178974120342199,"IRFSelex_poorrec_qprior_25_yrfwd-76","IRFSelex_poorrec_qprior_25_yrfwd",-0.107142857142857,0.00455692331217972,-0.108031335811699,0.000996087311710835,0.0965064885068393,0.00455692331217968,0.0915324587993357
"881","IRFSelex_poorrec_qprior_25_yrfwd",77,2122.04,1307.9,0.139546,0.036,1131.3335,1.87569801477637,0.257979447637338,2457.52,1336.66,0.139624,0.031,1156.2109,2.12549457888695,0.22202486678508,"IRFSelex_poorrec_qprior_25_yrfwd-77","IRFSelex_poorrec_qprior_25_yrfwd",-0.138888888888889,0.0219894487346128,-0.139369942766923,0.000558955469880862,0.158093155642683,0.0219894487346127,0.133175256433996
"882","IRFSelex_poorrec_qprior_25_yrfwd",78,2196.54,1307.9,0.139546,0.035,1131.3335,1.94154950772694,0.250813351869634,2104.66,1311.75,0.139643,0.036,1134.66375,1.85487550827283,0.257800247774683,"IRFSelex_poorrec_qprior_25_yrfwd-78","IRFSelex_poorrec_qprior_25_yrfwd",0.0285714285714284,0.00294365012615641,0.0278569535990244,0.000695111289467172,-0.0418294226374207,0.00294365012615636,-0.0446416633256967
"883","IRFSelex_poorrec_qprior_25_yrfwd",79,2121.89,1307.9,0.139546,0.034,1131.3335,1.87556542787781,0.243647256101931,2490.01,1327.35,0.139558,0.029,1148.15775,2.16870025046645,0.207798907980911,"IRFSelex_poorrec_qprior_25_yrfwd-79","IRFSelex_poorrec_qprior_25_yrfwd",-0.147058823529412,0.0148711675204525,-0.147132164320464,8.59931492123332e-05,0.173486844275622,0.0148711675204525,0.156291440560581
"884","IRFSelex_poorrec_qprior_25_yrfwd",80,2153.11,1307.9,0.139546,0.031,1131.3335,1.90316118103106,0.222148968798819,2136.91,1284.42,0.139619,0.032,1111.0233,1.92337100401045,0.229195166846919,"IRFSelex_poorrec_qprior_25_yrfwd-80","IRFSelex_poorrec_qprior_25_yrfwd",0.0322580645161291,-0.0179524428473124,0.031718346865167,0.000523124991042307,-0.00752400016720013,-0.0179524428473125,0.0106190811271382
"885","IRFSelex_poorrec_qprior_25_yrfwd",81,2138.64,1307.9,0.139546,0.035,1131.3335,1.89037096488348,0.250813351869634,2424.1,1311.83,0.139612,0.031,1134.73295,2.13627356110528,0.222043950376758,"IRFSelex_poorrec_qprior_25_yrfwd-81","IRFSelex_poorrec_qprior_25_yrfwd",-0.114285714285714,0.00300481688202452,-0.114704425734996,0.000472962320668529,0.133477350091647,0.00300481688202449,0.130081661636695
"886","IRFSelex_poorrec_qprior_25_yrfwd",82,2033.81,1307.9,0.139546,0.027,1131.3335,1.79771040104443,0.193484585728004,2522.7,1299.46,0.139605,0.022,1124.0329,2.24432932523594,0.15758747895849,"IRFSelex_poorrec_qprior_25_yrfwd-82","IRFSelex_poorrec_qprior_25_yrfwd",-0.185185185185185,-0.00645309274409361,-0.185529543009576,0.000422799650294552,0.240381353223752,-0.00645309274409363,0.248437637081053
"887","IRFSelex_poorrec_qprior_25_yrfwd",83,2111.59,1307.9,0.139546,0.035,1131.3335,1.86646112751015,0.250813351869634,2291.1,1303.54,0.139567,0.032,1127.5621,2.03190582585208,0.229280560590971,"IRFSelex_poorrec_qprior_25_yrfwd-83","IRFSelex_poorrec_qprior_25_yrfwd",-0.0857142857142858,-0.00333358819481619,-0.0858518540506402,0.000150488011121732,0.0850117683830667,-0.00333358819481621,0.0886408486645696
"888","IRFSelex_poorrec_qprior_25_yrfwd",84,2071.5,1307.9,0.139546,0.032,1131.3335,1.83102506908882,0.229315064566523,2032.89,1306.56,0.139576,0.032,1130.1744,1.79874008825541,0.229265776351235,"IRFSelex_poorrec_qprior_25_yrfwd-84","IRFSelex_poorrec_qprior_25_yrfwd",0,-0.00102454316079218,-0.000214936665329349,0.000214982873031131,-0.0186386676321506,-0.00102454316079222,-0.0176321894104287
"889","IRFSelex_poorrec_qprior_25_yrfwd",85,2241.8,1307.9,0.139546,0.032,1131.3335,1.98155539458524,0.229315064566523,2097.07,1283.56,0.139595,0.034,1110.2794,1.88877682500459,0.24356173215373,"IRFSelex_poorrec_qprior_25_yrfwd-85","IRFSelex_poorrec_qprior_25_yrfwd",0.0625000000000001,-0.0186099854728955,0.0621270460976397,0.000351138692617442,-0.0645597287893657,-0.0186099854728956,-0.0468210829907533
"890","IRFSelex_poorrec_qprior_25_yrfwd",86,2126.46,1307.9,0.139546,0.04,1131.3335,1.87960490872055,0.286643830708154,2776.76,1316.83,0.139578,0.031,1139.05795,2.43776885978453,0.222098038372809,"IRFSelex_poorrec_qprior_25_yrfwd-86","IRFSelex_poorrec_qprior_25_yrfwd",-0.225,0.00682773912378616,-0.225177678430698,0.000229315064566553,0.305813417604846,0.0068277391237861,0.296958125866952
"891","IRFSelex_poorrec_qprior_25_yrfwd",87,2205.34,1307.9,0.139546,0.026,1131.3335,1.94932793910903,0.1863184899603,2625.69,1321.31,0.139597,0.022,1142.93315,2.29732596346514,0.157596509953652,"IRFSelex_poorrec_qprior_25_yrfwd-87","IRFSelex_poorrec_qprior_25_yrfwd",-0.153846153846154,0.0102530774524045,-0.154155285461832,0.000365470884152864,0.190605530213028,0.0102530774524045,0.178522052331111
"892","IRFSelex_poorrec_qprior_25_yrfwd",88,2226.64,1307.9,0.139546,0.035,1131.3335,1.96815527870429,0.250813351869634,2154.78,1310.44,0.139629,0.035,1133.5306,1.90094559423451,0.250664260289768,"IRFSelex_poorrec_qprior_25_yrfwd-88","IRFSelex_poorrec_qprior_25_yrfwd",0,0.00194204449881497,-0.000594432388687074,0.000594785948719417,-0.0322728415909171,0.00194204449881487,-0.0341485680510062
"893","IRFSelex_poorrec_qprior_25_yrfwd",89,2119.09,1307.9,0.139546,0.034,1131.3335,1.87309047243806,0.243647256101931,1985.67,1293.37,0.13958,0.037,1118.76505,1.77487668210586,0.265080957157186,"IRFSelex_poorrec_qprior_25_yrfwd-89","IRFSelex_poorrec_qprior_25_yrfwd",0.0882352941176469,-0.0111094120345592,0.0879702131604898,0.000243647256101975,-0.0629609879712518,-0.0111094120345594,-0.0524340878229742
"894","IRFSelex_poorrec_qprior_25_yrfwd",9,2044.35,1307.9,0.139546,0.034,1131.3335,1.80702684044979,0.243647256101931,1939.39,1322.97,0.139581,0.036,1144.36905,1.69472426749046,0.257914759172094,"IRFSelex_poorrec_qprior_25_yrfwd-9","IRFSelex_poorrec_qprior_25_yrfwd",0.0588235294117646,0.0115222876366695,0.0585580289243816,0.000250813351869686,-0.0513415021889597,0.0115222876366694,-0.0621477060802138
"895","IRFSelex_poorrec_qprior_25_yrfwd",90,2074.04,1307.9,0.139546,0.033,1131.3335,1.83327020723774,0.236481160334227,1909,1295.62,0.139628,0.036,1120.7113,1.70338248574811,0.257827942819492,"IRFSelex_poorrec_qprior_25_yrfwd-90","IRFSelex_poorrec_qprior_25_yrfwd",0.0909090909090908,-0.00938909702576651,0.0902684275360242,0.000587619852951706,-0.0795741644327014,-0.00938909702576665,-0.0708502876318134
"896","IRFSelex_poorrec_qprior_25_yrfwd",91,2060.47,1307.9,0.139546,0.03,1131.3335,1.82127551248151,0.214982873031115,2332.73,1324.36,0.139543,0.027,1145.5714,2.03630258227466,0.193488745404642,"IRFSelex_poorrec_qprior_25_yrfwd-91","IRFSelex_poorrec_qprior_25_yrfwd",-0.1,0.0125850600198791,-0.0999806511254596,-2.1498287303133e-05,0.132134901260392,0.012585060019879,0.118063998730305
"897","IRFSelex_poorrec_qprior_25_yrfwd",93,2250.6,1307.9,0.139546,0.034,1131.3335,1.98933382596732,0.243647256101931,2751.78,1294.64,0.139578,0.028,1119.8636,2.45724568599247,0.200604679820602,"IRFSelex_poorrec_qprior_25_yrfwd-93","IRFSelex_poorrec_qprior_25_yrfwd",-0.176470588235294,-0.0101383897851516,-0.176659392639831,0.000229315064566553,0.222687283391096,-0.0101383897851518,0.235210327154432
"898","IRFSelex_poorrec_qprior_25_yrfwd",95,2068.63,1307.9,0.139546,0.034,1131.3335,1.82848823976308,0.243647256101931,1766.33,1293.99,0.13959,0.039,1119.30135,1.57806474547717,0.279389641091769,"IRFSelex_poorrec_qprior_25_yrfwd-95","IRFSelex_poorrec_qprior_25_yrfwd",0.147058823529412,-0.0106353696765808,0.14669726046447,0.000315308213778886,-0.146135364951683,-0.0106353696765808,-0.136956579123723
"899","IRFSelex_poorrec_qprior_25_yrfwd",97,2124.95,1307.9,0.139546,0.031,1131.3335,1.8782702006084,0.222148968798819,2183.5,1290.19,0.139594,0.03,1116.01435,1.95651606092699,0.214908950241414,"IRFSelex_poorrec_qprior_25_yrfwd-97","IRFSelex_poorrec_qprior_25_yrfwd",-0.0322580645161291,-0.0135407905803196,-0.0325908267616641,0.000343972596849731,0.0275535894962235,-0.0135407905803196,0.0416584686767925
"900","IRFSelex_poorrec_qprior_25_yrfwd",99,2131.56,1307.9,0.139546,0.026,1131.3335,1.88411286327153,0.1863184899603,2211.68,1299.52,0.139588,0.026,1124.0848,1.96753839212131,0.186262429435195,"IRFSelex_poorrec_qprior_25_yrfwd-99","IRFSelex_poorrec_qprior_25_yrfwd",0,-0.00640721767719253,-0.000300885462933725,0.000300976022243464,0.0375874946048903,-0.00640721767719253,0.0442784137171695
"901","IRFSelex_SQ_25_yrfwd",1,2624.86,1307.9,0.139546,0.033,1131.3335,2.32014697699662,0.236481160334227,2851.59,1273.57,0.139617,0.031,1101.63805,2.58849991610221,0.22203599848156,"IRFSelex_SQ_25_yrfwd-1","IRFSelex_SQ_25_yrfwd",-0.0606060606060607,-0.0262481841119351,-0.0610837744209755,0.000508792799506885,0.0863779401568084,-0.0262481841119353,0.115662042864616
"902","IRFSelex_SQ_25_yrfwd",10,3595.65,1307.9,0.139546,0.036,1131.3335,3.17824054533875,0.257979447637338,3715.02,1289.75,0.139602,0.035,1115.63375,3.32996379860326,0.25071274050515,"IRFSelex_SQ_25_yrfwd-10","IRFSelex_SQ_25_yrfwd",-0.0277777777777776,-0.0138772077375946,-0.0281677753741191,0.000401301362991419,0.0331984481248175,-0.0138772077375947,0.0477381277785995
"903","IRFSelex_SQ_25_yrfwd",100,4051.6,1307.9,0.139546,0.038,1131.3335,3.58126052132285,0.272311639172746,3859.88,1279.97,0.139618,0.041,1107.17405,3.48624500366496,0.29365841080663,"IRFSelex_SQ_25_yrfwd-100","IRFSelex_SQ_25_yrfwd",0.0789473684210527,-0.0213548436424802,0.0783909630111034,0.000515958895274596,-0.0473195774508836,-0.0213548436424804,-0.0265313056931106
"904","IRFSelex_SQ_25_yrfwd",103,3231.6,1307.9,0.139546,0.041,1131.3335,2.85645214253799,0.293809926475857,3217.17,1318.05,0.139559,0.041,1140.11325,2.82179862395249,0.293782557914574,"IRFSelex_SQ_25_yrfwd-103","IRFSelex_SQ_25_yrfwd",0,0.00776053215077598,-9.31505671434544e-05,9.31592449800442e-05,-0.00446528035647971,0.00776053215077595,-0.0121316643361326
"905","IRFSelex_SQ_25_yrfwd",104,3269.37,1307.9,0.139546,0.036,1131.3335,2.88983752359494,0.257979447637338,2882.89,1299.7,0.13963,0.04,1124.2405,2.56430007636266,0.286471388670057,"IRFSelex_SQ_25_yrfwd-104","IRFSelex_SQ_25_yrfwd",0.111111111111111,-0.00626959247648889,0.110442677870881,0.000601952044487128,-0.118212377308166,-0.00626959247648906,-0.112649048458376
"906","IRFSelex_SQ_25_yrfwd",106,3310.32,1307.9,0.139546,0.035,1131.3335,2.92603374690133,0.250813351869634,3413.65,1288.37,0.139623,0.034,1114.44005,3.06310779121766,0.243512888277719,"IRFSelex_SQ_25_yrfwd-106","IRFSelex_SQ_25_yrfwd",-0.0285714285714286,-0.0149323342763208,-0.0291071569256395,0.000551789374113151,0.0312145049421204,-0.014932334276321,0.0468463647972238
"907","IRFSelex_SQ_25_yrfwd",107,3513.79,1307.9,0.139546,0.035,1131.3335,3.10588345523225,0.250813351869634,4057.8,1286.06,0.139628,0.03,1112.4419,3.64765117171512,0.214856619016243,"IRFSelex_SQ_25_yrfwd-107","IRFSelex_SQ_25_yrfwd",-0.142857142857143,-0.0166985243520146,-0.143360521221695,0.000587619852951706,0.154821432128841,-0.0166985243520148,0.174432725597026
"908","IRFSelex_SQ_25_yrfwd",108,3763.97,1307.9,0.139546,0.033,1131.3335,3.3270207237742,0.236481160334227,4313.7,1296.56,0.139611,0.029,1121.5244,3.8462827915291,0.207720022061299,"IRFSelex_SQ_25_yrfwd-108","IRFSelex_SQ_25_yrfwd",-0.121212121212121,-0.00867038764431527,-0.121621266710121,0.000465796224900818,0.146050579574226,-0.00867038764431543,0.156074190955398
"909","IRFSelex_SQ_25_yrfwd",11,2966.52,1307.9,0.139546,0.031,1131.3335,2.62214457540593,0.222148968798819,3055.57,1285.08,0.139576,0.03,1111.5942,2.74881786896693,0.214936665329283,"IRFSelex_SQ_25_yrfwd-11","IRFSelex_SQ_25_yrfwd",-0.0322580645161291,-0.0174478171113999,-0.0324660677406412,0.000214982873031131,0.0300183379852488,-0.0174478171114001,0.0483090424338615
"910","IRFSelex_SQ_25_yrfwd",110,3287.5,1307.9,0.139546,0.036,1131.3335,2.90586286006735,0.257979447637338,3912.75,1290.87,0.13963,0.03,1116.60255,3.50415642522042,0.214853541502542,"IRFSelex_SQ_25_yrfwd-110","IRFSelex_SQ_25_yrfwd",-0.166666666666667,-0.0130208731554401,-0.167167991596839,0.000601952044487128,0.190190114068441,-0.0130208731554402,0.205891879267559
"911","IRFSelex_SQ_25_yrfwd",111,2568.54,1307.9,0.139546,0.036,1131.3335,2.27036501615129,0.257979447637338,2960.39,1288.29,0.139688,0.03,1114.37085,2.65655728521614,0.214764331939751,"IRFSelex_SQ_25_yrfwd-111","IRFSelex_SQ_25_yrfwd",-0.166666666666667,-0.014993501032189,-0.167513792642651,0.00101758559901397,0.152557484018158,-0.0149935010321891,0.170101400575452
"912","IRFSelex_SQ_25_yrfwd",112,3854.57,1307.9,0.139546,0.035,1131.3335,3.40710321050336,0.250813351869634,4351.43,1316.36,0.139601,0.031,1138.6514,3.82156470364854,0.222061446551242,"IRFSelex_SQ_25_yrfwd-112","IRFSelex_SQ_25_yrfwd",-0.114285714285714,0.00646838443306064,-0.114634667987438,0.000394135267223708,0.128901537655303,0.00646838443306048,0.121646298200622
"913","IRFSelex_SQ_25_yrfwd",114,3076.57,1307.9,0.139546,0.03,1131.3335,2.7194191633148,0.214982873031115,2691.97,1307.72,0.139614,0.034,1131.1778,2.37979387502124,0.243528585958428,"IRFSelex_SQ_25_yrfwd-114","IRFSelex_SQ_25_yrfwd",0.133333333333333,-0.000137625200703439,0.132781335205161,0.000487294512203752,-0.125009344822318,-0.000137625200703466,-0.124888907482573
"914","IRFSelex_SQ_25_yrfwd",115,3162.09,1307.9,0.139546,0.028,1131.3335,2.79501137374612,0.200650681495708,3584.19,1293.95,0.139652,0.025,1119.26675,3.20226612646181,0.179016412224673,"IRFSelex_SQ_25_yrfwd-115","IRFSelex_SQ_25_yrfwd",-0.107142857142857,-0.0106659530545148,-0.107820562131993,0.000759606151376571,0.133487661641509,-0.0106659530545149,0.145707726466193
"915","IRFSelex_SQ_25_yrfwd",116,3337.29,1307.9,0.139546,0.037,1131.3335,2.9498728712621,0.265145543405042,3908.59,1295.57,0.139634,0.031,1120.66805,3.48773216118725,0.222008966297607,"IRFSelex_SQ_25_yrfwd-116","IRFSelex_SQ_25_yrfwd",-0.162162162162162,-0.00942732624818408,-0.162690183487411,0.000630616427557972,0.171186801266896,-0.00942732624818423,0.182333040574399
"916","IRFSelex_SQ_25_yrfwd",117,2696.93,1307.9,0.139546,0.035,1131.3335,2.38385056219055,0.250813351869634,2793.53,1320.37,0.139599,0.034,1142.12005,2.4459162589782,0.243554753257545,"IRFSelex_SQ_25_yrfwd-117","IRFSelex_SQ_25_yrfwd",-0.0285714285714286,0.00953436807095347,-0.0289402400549328,0.000379803075688286,0.0358185047442834,0.00953436807095328,0.0260359008119301
"917","IRFSelex_SQ_25_yrfwd",118,3373.91,1307.9,0.139546,0.028,1131.3335,2.98224175276344,0.200650681495708,3788.54,1313.39,0.1396,0.025,1136.08235,3.33474065502382,0.179083094555874,"IRFSelex_SQ_25_yrfwd-118","IRFSelex_SQ_25_yrfwd",-0.107142857142857,0.00419756862145439,-0.107488231682358,0.000386969171455997,0.122893023228243,0.00419756862145425,0.118199304913406
"918","IRFSelex_SQ_25_yrfwd",12,3325.04,1307.9,0.139546,0.031,1131.3335,2.93904494121318,0.222148968798819,4335.73,1329.95,0.139642,0.023,1150.40675,3.76886696813975,0.164706893341545,"IRFSelex_SQ_25_yrfwd-12","IRFSelex_SQ_25_yrfwd",-0.258064516129032,0.0168590870861688,-0.258574576185832,0.000687945193699461,0.303963260592354,0.0168590870861686,0.2823441095746
"919","IRFSelex_SQ_25_yrfwd",120,3272.27,1307.9,0.139546,0.04,1131.3335,2.8924008703004,0.286643830708154,3548.72,1303.91,0.139669,0.037,1127.88215,3.14635709058788,0.264912042042257,"IRFSelex_SQ_25_yrfwd-120","IRFSelex_SQ_25_yrfwd",-0.0750000000000001,-0.0030506919489256,-0.0758146045292799,0.000881429779427459,0.0844826374351749,-0.00305069194892577,0.0878011837484681
"920","IRFSelex_SQ_25_yrfwd",121,3698.19,1307.9,0.139546,0.04,1131.3335,3.26887694919314,0.286643830708154,4240.7,1316.88,0.139614,0.035,1139.1012,3.72284745200865,0.250691191427794,"IRFSelex_SQ_25_yrfwd-121","IRFSelex_SQ_25_yrfwd",-0.125,0.00686596834620393,-0.125426175025427,0.000487294512203752,0.146696086463919,0.00686596834620385,0.138876595806876
"921","IRFSelex_SQ_25_yrfwd",122,4160.88,1307.9,0.139546,0.023,1131.3335,3.67785449648578,0.164820202657188,4759.32,1302.18,0.139648,0.02,1126.3857,4.22530222107756,0.143217231897342,"IRFSelex_SQ_25_yrfwd-122","IRFSelex_SQ_25_yrfwd",-0.130434782608696,-0.0043734230445752,-0.131069919897979,0.000730941768305727,0.143825344638634,-0.00437342304457529,0.148849750612718
"922","IRFSelex_SQ_25_yrfwd",123,4943.15,1307.9,0.139546,0.039,1131.3335,4.36931285071997,0.27947773494045,5730.55,1299.58,0.139638,0.033,1124.1367,5.09773411009533,0.236325355562239,"IRFSelex_SQ_25_yrfwd-123","IRFSelex_SQ_25_yrfwd",-0.153846153846154,-0.00636134261029125,-0.154403639300301,0.000659280810628816,0.159291140264811,-0.00636134261029143,0.166713001394563
"923","IRFSelex_SQ_25_yrfwd",125,3073.99,1307.9,0.139546,0.031,1131.3335,2.7171386686596,0.222148968798819,2900.29,1280.04,0.139609,0.033,1107.2346,2.61939971890329,0.236374445773553,"IRFSelex_SQ_25_yrfwd-125","IRFSelex_SQ_25_yrfwd",0.0645161290322581,-0.0213013227310956,0.0640357551585892,0.000451464033365396,-0.0565063646921427,-0.0213013227310957,-0.0359712777576119
"924","IRFSelex_SQ_25_yrfwd",127,3903.67,1307.9,0.139546,0.031,1131.3335,3.45050332196474,0.222148968798819,4752.8,1328.1,0.139649,0.025,1148.8065,4.13716322113428,0.179020257932388,"IRFSelex_SQ_25_yrfwd-127","IRFSelex_SQ_25_yrfwd",-0.193548387096774,0.0154446058567168,-0.194143196340872,0.000738107864073438,0.217520948235891,0.0154446058567167,0.199002822225526
"925","IRFSelex_SQ_25_yrfwd",128,3044,1307.9,0.139546,0.033,1131.3335,2.69063012807452,0.236481160334227,3037.96,1276.06,0.139614,0.033,1103.7919,2.75229415979588,0.236365980489063,"IRFSelex_SQ_25_yrfwd-128","IRFSelex_SQ_25_yrfwd",0,-0.0243443688355379,-0.000487057171916781,0.000487294512203752,-0.00198423127463862,-0.024344368835538,0.0229180633480402
"926","IRFSelex_SQ_25_yrfwd",14,3798.61,1307.9,0.139546,0.031,1131.3335,3.35763945821458,0.222148968798819,4045.94,1291.54,0.13963,0.029,1117.1821,3.62155820434287,0.207691756785791,"IRFSelex_SQ_25_yrfwd-14","IRFSelex_SQ_25_yrfwd",-0.064516129032258,-0.0125086015750439,-0.0650789066958066,0.000601952044487128,0.065110658898913,-0.0125086015750441,0.078602467421751
"927","IRFSelex_SQ_25_yrfwd",15,3096.42,1307.9,0.139546,0.034,1131.3335,2.73696482955733,0.243647256101931,2982.32,1309.95,0.13961,0.035,1133.10675,2.6319850270065,0.250698374041974,"IRFSelex_SQ_25_yrfwd-15","IRFSelex_SQ_25_yrfwd",0.0294117647058824,0.00156739811912222,0.0289398618841563,0.000458630129133107,-0.036849006271759,0.00156739811912222,-0.0383562848221943
"928","IRFSelex_SQ_25_yrfwd",16,2868.39,1307.9,0.139546,0.028,1131.3335,2.53540622636915,0.200650681495708,3205.03,1330.27,0.139665,0.025,1150.68355,2.78532703452656,0.178999749400351,"IRFSelex_SQ_25_yrfwd-16","IRFSelex_SQ_25_yrfwd",-0.107142857142857,0.0171037541096414,-0.107903606077809,0.000852765396356814,0.117362004469406,0.0171037541096413,0.0985722940798007
"929","IRFSelex_SQ_25_yrfwd",17,2645.64,1307.9,0.139546,0.029,1131.3335,2.33851468201021,0.207816777263411,2599.25,1287.2,0.139583,0.03,1113.428,2.33445718986769,0.214925886390176,"IRFSelex_SQ_25_yrfwd-17","IRFSelex_SQ_25_yrfwd",0.0344827586206896,-0.0158268980808929,0.0342085428346055,0.000265145543405108,-0.0175345096082611,-0.0158268980808931,-0.00173507234046364
"930","IRFSelex_SQ_25_yrfwd",19,4099.21,1307.9,0.139546,0.03,1131.3335,3.62334360292522,0.214982873031115,3893.25,1304.37,0.139612,0.031,1128.28005,3.45060607958104,0.222043950376758,"IRFSelex_SQ_25_yrfwd-19","IRFSelex_SQ_25_yrfwd",0.0333333333333334,-0.00269898310268379,0.0328448366425044,0.000472962320668529,-0.0502438274691953,-0.00269898310268384,-0.0476735143762586
"931","IRFSelex_SQ_25_yrfwd",2,3342.92,1307.9,0.139546,0.032,1131.3335,2.95484929952132,0.229315064566523,3609.49,1321.16,0.139609,0.029,1142.8034,3.15845227621829,0.207722997801001,"IRFSelex_SQ_25_yrfwd-2","IRFSelex_SQ_25_yrfwd",-0.09375,0.0101383897851518,-0.0941589546519207,0.000451464033365396,0.0797416629772773,0.0101383897851518,0.06890469058099
"932","IRFSelex_SQ_25_yrfwd",20,3554.4,1307.9,0.139546,0.036,1131.3335,3.14177914823525,0.257979447637338,3656.17,1298.91,0.139594,0.035,1123.55715,3.25410238366602,0.250727108614983,"IRFSelex_SQ_25_yrfwd-20","IRFSelex_SQ_25_yrfwd",-0.0277777777777776,-0.00687361419068724,-0.0281120805892642,0.000343972596849731,0.02863211793833,-0.00687361419068737,0.0357514739678204
"933","IRFSelex_SQ_25_yrfwd",21,3607.93,1307.9,0.139546,0.034,1131.3335,3.18909499276738,0.243647256101931,3757.11,1320.73,0.139606,0.033,1142.43145,3.28869622768176,0.236379525235305,"IRFSelex_SQ_25_yrfwd-21","IRFSelex_SQ_25_yrfwd",-0.0294117647058824,0.00980961847236035,-0.029828905044533,0.000429965746062263,0.0413478088543847,0.00980961847236022,0.0312318181616604
"934","IRFSelex_SQ_25_yrfwd",22,3928.71,1307.9,0.139546,0.038,1131.3335,3.47263649489739,0.272311639172746,4206.81,1313.24,0.139619,0.035,1135.9526,3.70333233974727,0.250682213738818,"IRFSelex_SQ_25_yrfwd-22","IRFSelex_SQ_25_yrfwd",-0.0789473684210525,0.0040828809542015,-0.0794289421474453,0.000523124991042307,0.0707865940728637,0.00408288095420133,0.0664324772226694
"935","IRFSelex_SQ_25_yrfwd",23,3263.98,1307.9,0.139546,0.03,1131.3335,2.88507323437342,0.214982873031115,4278.06,1312.45,0.139605,0.023,1135.26925,3.76832192010838,0.164750546183876,"IRFSelex_SQ_25_yrfwd-23","IRFSelex_SQ_25_yrfwd",-0.233333333333333,0.00347885924000315,-0.233657342740828,0.000422799650294552,0.310688178236386,0.00347885924000302,0.306144286117848
"936","IRFSelex_SQ_25_yrfwd",26,5316.69,1307.9,0.139546,0.034,1131.3335,4.69948958463618,0.243647256101931,4654.16,1290.86,0.139598,0.038,1116.5939,4.16817609338543,0.272210203584579,"IRFSelex_SQ_25_yrfwd-26","IRFSelex_SQ_25_yrfwd",0.117647058823529,-0.0130285189999236,0.117230737335694,0.000372636979920575,-0.124613246211459,-0.0130285189999237,-0.113057701625247
"937","IRFSelex_SQ_25_yrfwd",27,2505.57,1307.9,0.139546,0.04,1131.3335,2.21470503613656,0.286643830708154,3180.54,1313.7,0.139564,0.032,1136.3505,2.79890755537134,0.229285489094609,"IRFSelex_SQ_25_yrfwd-27","IRFSelex_SQ_25_yrfwd",-0.2,0.00443458980044351,-0.200103178470093,0.000128989723818599,0.269387803972749,0.00443458980044342,0.263783442807306
"938","IRFSelex_SQ_25_yrfwd",28,3217.93,1307.9,0.139546,0.036,1131.3335,2.84436905651605,0.257979447637338,3619.85,1303.06,0.13967,0.032,1127.1469,3.21151573055828,0.229111477053054,"IRFSelex_SQ_25_yrfwd-28","IRFSelex_SQ_25_yrfwd",-0.111111111111111,-0.00370058873002523,-0.111900272865405,0.00088859587519517,0.124900168742017,-0.00370058873002534,0.129078423631824
"939","IRFSelex_SQ_25_yrfwd",29,3085.05,1307.9,0.139546,0.032,1131.3335,2.72691474264662,0.229315064566523,3826.51,1304.34,0.139602,0.026,1128.2541,3.39153210256449,0.18624375008954,"IRFSelex_SQ_25_yrfwd-29","IRFSelex_SQ_25_yrfwd",-0.1875,-0.00272192063613433,-0.187825926562657,0.000401301362991419,0.240339702760085,-0.00272192063613439,0.24372502356741
"940","IRFSelex_SQ_25_yrfwd",3,3057.86,1307.9,0.139546,0.03,1131.3335,2.7028811575013,0.214982873031115,3288.79,1299.89,0.139599,0.028,1124.40485,2.92491623457512,0.200574502682684,"IRFSelex_SQ_25_yrfwd-3","IRFSelex_SQ_25_yrfwd",-0.0666666666666666,-0.00612432143130194,-0.0670210149547394,0.000379803075688286,0.0755201349963699,-0.00612432143130208,0.0821475544559555
"941","IRFSelex_SQ_25_yrfwd",30,3391.26,1307.9,0.139546,0.034,1131.3335,2.99757763736334,0.243647256101931,3102.95,1284.58,0.139585,0.038,1111.1617,2.79252785620671,0.272235555396353,"IRFSelex_SQ_25_yrfwd-30","IRFSelex_SQ_25_yrfwd",0.117647058823529,-0.0178301093355762,0.117334788627634,0.000279477734940331,-0.0850155989219347,-0.0178301093355762,-0.0684051610876694
"942","IRFSelex_SQ_25_yrfwd",31,2997.84,1307.9,0.139546,0.031,1131.3335,2.64982871982488,0.222148968798819,2691.75,1301.32,0.139583,0.034,1125.6418,2.39130245518601,0.2435826712422,"IRFSelex_SQ_25_yrfwd-31","IRFSelex_SQ_25_yrfwd",0.0967741935483872,-0.00503096567015834,0.0964834658440013,0.000265145543405108,-0.102103514530462,-0.00503096567015839,-0.0975633869105148
"943","IRFSelex_SQ_25_yrfwd",33,3053.39,1307.9,0.139546,0.032,1131.3335,2.69893006792427,0.229315064566523,2509.83,1295.46,0.139587,0.039,1120.5729,2.23977395848142,0.279395645726321,"IRFSelex_SQ_25_yrfwd-33","IRFSelex_SQ_25_yrfwd",0.21875,-0.00951143053750273,0.218392024328913,0.000293809926475753,-0.178018530223784,-0.00951143053750291,-0.170125234032458
"944","IRFSelex_SQ_25_yrfwd",35,3513.32,1307.9,0.139546,0.034,1131.3335,3.10546801628344,0.243647256101931,3920.55,1320.99,0.139609,0.03,1142.65635,3.43108407002683,0.214885859794139,"IRFSelex_SQ_25_yrfwd-35","IRFSelex_SQ_25_yrfwd",-0.11764705882353,0.0100084104289319,-0.118045229681383,0.000451464033365396,0.115910307059989,0.0100084104289318,0.104852489877864
"945","IRFSelex_SQ_25_yrfwd",36,3609.9,1307.9,0.139546,0.035,1131.3335,3.19083630070178,0.250813351869634,3788.63,1309.28,0.139621,0.033,1132.5272,3.34528830742432,0.236354130109368,"IRFSelex_SQ_25_yrfwd-36","IRFSelex_SQ_25_yrfwd",-0.0571428571428572,0.00105512653872623,-0.0576493302788057,0.000537457182577729,0.0495110667885537,0.00105512653872611,0.0484048669900628
"946","IRFSelex_SQ_25_yrfwd",38,3047.31,1307.9,0.139546,0.038,1131.3335,2.69355587896938,0.272311639172746,3132.97,1296.06,0.139585,0.037,1121.0919,2.79457018644056,0.265071461833292,"IRFSelex_SQ_25_yrfwd-38","IRFSelex_SQ_25_yrfwd",-0.0263157894736842,-0.00905267986849153,-0.0265878365003024,0.000279477734940331,0.0281100380335443,-0.00905267986849159,0.0375022134346194
"947","IRFSelex_SQ_25_yrfwd",4,3324.64,1307.9,0.139546,0.036,1131.3335,2.93869137615036,0.257979447637338,3616.18,1312.37,0.139555,0.033,1135.20005,3.18550021205514,0.236465909498047,"IRFSelex_SQ_25_yrfwd-4","IRFSelex_SQ_25_yrfwd",-0.0833333333333332,0.00341769248413484,-0.0833924498107078,6.44948619093991e-05,0.0876906973386592,0.00341769248413472,0.0839859666475402
"948","IRFSelex_SQ_25_yrfwd",40,2929.87,1307.9,0.139546,0.033,1131.3335,2.58974917652487,0.236481160334227,2842.8,1305.44,0.13956,0.034,1129.2056,2.51752205267137,0.243622814560046,"IRFSelex_SQ_25_yrfwd-40","IRFSelex_SQ_25_yrfwd",0.0303030303030303,-0.00188087774294667,0.0301996751695806,0.000100325340747755,-0.0297180420974308,-0.00188087774294674,-0.0278896213224888
"949","IRFSelex_SQ_25_yrfwd",41,3013.17,1307.9,0.139546,0.039,1131.3335,2.66337910085753,0.27947773494045,3228.44,1323.6,0.139611,0.036,1144.914,2.81981004686815,0.257859337731268,"IRFSelex_SQ_25_yrfwd-41","IRFSelex_SQ_25_yrfwd",-0.076923076923077,0.0120039758391315,-0.0773528424859625,0.000465796224900818,0.0714430317572523,0.0120039758391313,0.0587340142303644
"950","IRFSelex_SQ_25_yrfwd",42,2694.25,1307.9,0.139546,0.03,1131.3335,2.38148167626964,0.214982873031115,2168.04,1296.71,0.139541,0.038,1121.65415,1.93289526900961,0.272321396578783,"IRFSelex_SQ_25_yrfwd-42","IRFSelex_SQ_25_yrfwd",0.266666666666667,-0.00855569997706237,0.266712053566096,-3.5830478838555e-05,-0.195308527419505,-0.00855569997706251,-0.188364416879618
"951","IRFSelex_SQ_25_yrfwd",43,2977.25,1307.9,0.139546,0.036,1131.3335,2.63162895821612,0.257979447637338,3174.4,1306.17,0.139585,0.034,1129.83705,2.80960869534239,0.243579181144106,"IRFSelex_SQ_25_yrfwd-43","IRFSelex_SQ_25_yrfwd",-0.0555555555555554,-0.0013227310956494,-0.0558194330017948,0.000279477734940331,0.0662188260979092,-0.00132273109564953,0.0676310148399177
"952","IRFSelex_SQ_25_yrfwd",44,3905.98,1307.9,0.139546,0.03,1131.3335,3.45254516020254,0.214982873031115,3960.39,1314.66,0.139554,0.03,1137.1809,3.48263851424167,0.214970549034782,"IRFSelex_SQ_25_yrfwd-44","IRFSelex_SQ_25_yrfwd",0,0.00516859087086178,-5.73254797426835e-05,5.73287661416881e-05,0.0139299228362664,0.00516859087086168,0.00871628107461456
"953","IRFSelex_SQ_25_yrfwd",47,3460.2,1307.9,0.139546,0.033,1131.3335,3.05851457594069,0.236481160334227,3918.35,1314.76,0.139592,0.029,1137.2674,3.44540782581124,0.207748295031234,"IRFSelex_SQ_25_yrfwd-47","IRFSelex_SQ_25_yrfwd",-0.121212121212121,0.00524504931569691,-0.121501709744589,0.000329640405314309,0.132405641292411,0.00524504931569684,0.126497108404837
"954","IRFSelex_SQ_25_yrfwd",48,4496.86,1307.9,0.139546,0.033,1131.3335,3.97483147100302,0.236481160334227,3720.2,1291.52,0.139585,0.041,1117.1648,3.33003689339299,0.293727836085539,"IRFSelex_SQ_25_yrfwd-48","IRFSelex_SQ_25_yrfwd",0.242424242424242,-0.012523893264011,0.24207710952705,0.000279477734940331,-0.172711625445311,-0.0125238932640111,-0.162219350006134
"955","IRFSelex_SQ_25_yrfwd",49,4293.21,1307.9,0.139546,0.033,1131.3335,3.79482265839383,0.236481160334227,4458.02,1339.51,0.139604,0.032,1158.67615,3.84751166233982,0.229219793129137,"IRFSelex_SQ_25_yrfwd-49","IRFSelex_SQ_25_yrfwd",-0.0303030303030303,0.0241685144124169,-0.0307059014545907,0.000415633554526841,0.0383885251362035,0.0241685144124168,0.0138844443308677
"956","IRFSelex_SQ_25_yrfwd",5,3242.08,1307.9,0.139546,0.037,1131.3335,2.86571554718392,0.265145543405042,3349.45,1301.61,0.139617,0.036,1125.89265,2.97492838238175,0.257848256301167,"IRFSelex_SQ_25_yrfwd-5","IRFSelex_SQ_25_yrfwd",-0.0270270270270271,-0.00480923618013606,-0.0275218169242535,0.000508792799506885,0.0331176281893105,-0.00480923618013624,0.0381101450578892
"957","IRFSelex_SQ_25_yrfwd",50,2852.2,1307.9,0.139546,0.034,1131.3335,2.52109568045143,0.243647256101931,3413.83,1293.24,0.139594,0.028,1118.6526,3.0517338448058,0.200581686891987,"IRFSelex_SQ_25_yrfwd-50","IRFSelex_SQ_25_yrfwd",-0.176470588235294,-0.0112088080128451,-0.176753762381495,0.000343972596849731,0.1969111563004,-0.0112088080128451,0.210479185089614
"958","IRFSelex_SQ_25_yrfwd",51,2988.07,1307.9,0.139546,0.041,1131.3335,2.64119289316546,0.293809926475857,3241.35,1289.42,0.139581,0.038,1115.3483,2.90613255070187,0.272243356903877,"IRFSelex_SQ_25_yrfwd-51","IRFSelex_SQ_25_yrfwd",-0.0731707317073171,-0.0141295206055508,-0.0734031345729668,0.000250813351869686,0.0847637438212625,-0.0141295206055509,0.100310605189798
"959","IRFSelex_SQ_25_yrfwd",52,2971.51,1307.9,0.139546,0.034,1131.3335,2.62655529956463,0.243647256101931,3640.47,1298.74,0.139581,0.028,1123.4101,3.24055302689552,0.200600368244962,"IRFSelex_SQ_25_yrfwd-52","IRFSelex_SQ_25_yrfwd",-0.176470588235294,-0.00700359354690717,-0.17667708861437,0.000250813351869686,0.225124599950867,-0.00700359354690732,0.233765391283658
"960","IRFSelex_SQ_25_yrfwd",54,3261.39,1307.9,0.139546,0.029,1131.3335,2.88278390059165,0.207816777263411,3043.04,1332.7,0.139634,0.031,1152.7855,2.63972785917241,0.222008966297607,"IRFSelex_SQ_25_yrfwd-54","IRFSelex_SQ_25_yrfwd",0.0689655172413793,0.0189616943191375,0.0682918348608899,0.000630616427557972,-0.0669499814496273,0.0189616943191375,-0.0843129592090999
"961","IRFSelex_SQ_25_yrfwd",55,3551.67,1307.9,0.139546,0.037,1131.3335,3.13936606668149,0.265145543405042,3830.27,1302.15,0.139614,0.034,1126.35975,3.40057428366026,0.243528585958428,"IRFSelex_SQ_25_yrfwd-55","IRFSelex_SQ_25_yrfwd",-0.081081081081081,-0.00439636057802574,-0.0815286471309504,0.000487294512203752,0.0784419723679283,-0.00439636057802584,0.0832041282955215
"962","IRFSelex_SQ_25_yrfwd",56,3496.3,1307.9,0.139546,0.032,1131.3335,3.09042382286037,0.229315064566523,3627.96,1287.47,0.139586,0.031,1113.66155,3.25768632310238,0.222085309414984,"IRFSelex_SQ_25_yrfwd-56","IRFSelex_SQ_25_yrfwd",-0.03125,-0.0156204602798378,-0.0315276066367686,0.000286643830708042,0.0376569516345851,-0.015620460279838,0.054122835516846
"963","IRFSelex_SQ_25_yrfwd",57,3096.2,1307.9,0.139546,0.031,1131.3335,2.73677036877278,0.222148968798819,2567.85,1306.27,0.139577,0.038,1129.92355,2.2725873799161,0.272251158858551,"IRFSelex_SQ_25_yrfwd-57","IRFSelex_SQ_25_yrfwd",0.225806451612903,-0.00124627265081427,0.225534200454045,0.000222148968798842,-0.170644661197597,-0.00124627265081437,-0.169609768562653
"964","IRFSelex_SQ_25_yrfwd",58,3259.22,1307.9,0.139546,0.035,1131.3335,2.88086581012584,0.250813351869634,3747.25,1321.62,0.13957,0.03,1143.2013,3.27785666443871,0.214945905280504,"IRFSelex_SQ_25_yrfwd-58","IRFSelex_SQ_25_yrfwd",-0.142857142857143,0.0104900986313938,-0.14300453433505,0.000171986298424865,0.149738280938384,0.0104900986313937,0.137802619239504
"965","IRFSelex_SQ_25_yrfwd",59,3468.18,1307.9,0.139546,0.031,1131.3335,3.06556819894399,0.222148968798819,3581.59,1320.47,0.139572,0.03,1142.20655,3.13567629252345,0.214942825208495,"IRFSelex_SQ_25_yrfwd-59","IRFSelex_SQ_25_yrfwd",-0.0322580645161291,0.0096108265157888,-0.0324383391437232,0.000186318489960287,0.0327001482045339,0.00961082651578862,0.0228695266357506
"966","IRFSelex_SQ_25_yrfwd",6,2988.78,1307.9,0.139546,0.037,1131.3335,2.64182047115196,0.265145543405042,3400.48,1309.11,0.139567,0.033,1132.38015,3.00294914212334,0.236445578109439,"IRFSelex_SQ_25_yrfwd-6","IRFSelex_SQ_25_yrfwd",-0.108108108108108,0.000925147182506308,-0.108242306949738,0.000150488011121732,0.137748512771097,0.000925147182506162,0.136696900835925
"967","IRFSelex_SQ_25_yrfwd",60,2872.45,1307.9,0.139546,0.038,1131.3335,2.53899491175679,0.272311639172746,3247.03,1299.89,0.139638,0.034,1124.40485,2.88777658687616,0.243486729973216,"IRFSelex_SQ_25_yrfwd-60","IRFSelex_SQ_25_yrfwd",-0.105263157894737,-0.00612432143130194,-0.105852652083093,0.000659280810628816,0.130404358648541,-0.00612432143130208,0.137369977980003
"968","IRFSelex_SQ_25_yrfwd",61,3721.67,1307.9,0.139546,0.027,1131.3335,3.28963121838079,0.193484585728004,5016.7,1302.42,0.139543,0.02,1126.5933,4.45298227852056,0.143324996596031,"IRFSelex_SQ_25_yrfwd-61","IRFSelex_SQ_25_yrfwd",-0.259259259259259,-0.00418992277697068,-0.259243334259637,-2.1498287303133e-05,0.347970131688194,-0.00418992277697073,0.353641786240221
"969","IRFSelex_SQ_25_yrfwd",63,3777.41,1307.9,0.139546,0.036,1131.3335,3.33890050988502,0.257979447637338,4287.38,1301.2,0.139615,0.031,1125.538,3.80918280857688,0.222039179171293,"IRFSelex_SQ_25_yrfwd-63","IRFSelex_SQ_25_yrfwd",-0.138888888888889,-0.0051227158039605,-0.1393144639823,0.000494460607971463,0.135005201977016,-0.00512271580396058,0.140849449481816
"970","IRFSelex_SQ_25_yrfwd",64,4115.22,1307.9,0.139546,0.03,1131.3335,3.63749504456467,0.214982873031115,3172.24,1316.34,0.139584,0.039,1138.6341,2.78600474024096,0.279401650618982,"IRFSelex_SQ_25_yrfwd-64","IRFSelex_SQ_25_yrfwd",0.3,0.00645309274409361,0.299646091242549,0.000272311639172819,-0.229144492882519,0.00645309274409345,-0.234087000502185
"971","IRFSelex_SQ_25_yrfwd",65,2482.05,1307.9,0.139546,0.031,1131.3335,2.19391541044263,0.222148968798819,3367.39,1305.76,0.139623,0.023,1129.4824,2.98135677014533,0.164729306776104,"IRFSelex_SQ_25_yrfwd-65","IRFSelex_SQ_25_yrfwd",-0.258064516129032,-0.00163621071947404,-0.25847368247167,0.000551789374113151,0.356697085070808,-0.00163621071947404,0.358920565466939
"972","IRFSelex_SQ_25_yrfwd",66,3399.43,1307.9,0.139546,0.033,1131.3335,3.00479920377148,0.236481160334227,3874.1,1276.17,0.139618,0.029,1103.88705,3.50950760768504,0.207709607643714,"IRFSelex_SQ_25_yrfwd-66","IRFSelex_SQ_25_yrfwd",-0.121212121212121,-0.0242602645462191,-0.121665305810617,0.000515958895274596,0.139632232462501,-0.0242602645462191,0.167967431327883
"973","IRFSelex_SQ_25_yrfwd",69,3046.97,1307.9,0.139546,0.034,1131.3335,2.69325534866598,0.243647256101931,3450.13,1302.26,0.139555,0.031,1126.4549,3.06282124566194,0.222134642255741,"IRFSelex_SQ_25_yrfwd-69","IRFSelex_SQ_25_yrfwd",-0.0882352941176471,-0.00431225628870709,-0.0882940944641266,6.44948619093991e-05,0.132315053971651,-0.00431225628870716,0.137219033902233
"974","IRFSelex_SQ_25_yrfwd",70,3445.92,1307.9,0.139546,0.035,1131.3335,3.04589230319795,0.250813351869634,3464.65,1295.73,0.139571,0.035,1120.80645,3.09121168958298,0.25076842610571,"IRFSelex_SQ_25_yrfwd-70","IRFSelex_SQ_25_yrfwd",0,-0.00930499273644767,-0.000179120304361154,0.000179152394192576,0.00543541347448577,-0.00930499273644779,0.014878853837821
"975","IRFSelex_SQ_25_yrfwd",71,4178.63,1307.9,0.139546,0.031,1131.3335,3.69354394614851,0.222148968798819,3704.47,1288.22,0.139652,0.035,1114.3103,3.32445100794635,0.250622977114542,"IRFSelex_SQ_25_yrfwd-71","IRFSelex_SQ_25_yrfwd",0.129032258064516,-0.0150470219435735,0.128175289175028,0.000759606151376571,-0.113472597478121,-0.0150470219435737,-0.0999292125891808
"976","IRFSelex_SQ_25_yrfwd",72,2933,1307.9,0.139546,0.032,1131.3335,2.59251582314145,0.229315064566523,3459.89,1296.34,0.139604,0.027,1121.3341,3.08551215913259,0.193404200452709,"IRFSelex_SQ_25_yrfwd-72","IRFSelex_SQ_25_yrfwd",-0.15625,-0.00883859622295296,-0.156600545113321,0.000415633554526841,0.17964200477327,-0.00883859622295296,0.190161360478701
"977","IRFSelex_SQ_25_yrfwd",73,3891.18,1307.9,0.139546,0.03,1131.3335,3.43946325287813,0.214982873031115,3746.55,1325.77,0.139638,0.031,1146.79105,3.26698573380042,0.222002606740286,"IRFSelex_SQ_25_yrfwd-73","IRFSelex_SQ_25_yrfwd",0.0333333333333334,0.013663124092056,0.0326525253393297,0.000659280810628816,-0.0371686737699103,0.0136631240920559,-0.0501466381224992
"978","IRFSelex_SQ_25_yrfwd",74,3446.41,1307.9,0.139546,0.026,1131.3335,3.04632542039991,0.1863184899603,4235.5,1300.33,0.139547,0.022,1124.78545,3.76560703198997,0.157652977133152,"IRFSelex_SQ_25_yrfwd-74","IRFSelex_SQ_25_yrfwd",-0.153846153846154,-0.00578790427402716,-0.153852217422197,7.16609576771101e-06,0.228959990250725,-0.00578790427402719,0.23611450266388
"979","IRFSelex_SQ_25_yrfwd",75,3669.59,1307.9,0.139546,0.032,1131.3335,3.24359704720138,0.229315064566523,4058.54,1314.01,0.139556,0.029,1136.61865,3.57071388895475,0.207801885981255,"IRFSelex_SQ_25_yrfwd-75","IRFSelex_SQ_25_yrfwd",-0.09375,0.00467161097943262,-0.0938149380893692,7.16609576771101e-05,0.105992767584389,0.0046716109794326,0.100850024523119
"980","IRFSelex_SQ_25_yrfwd",76,2477.11,1307.9,0.139546,0.028,1131.3335,2.18954888191678,0.200650681495708,2460.83,1318.14,0.139626,0.028,1140.1911,2.15826101431593,0.200535716843568,"IRFSelex_SQ_25_yrfwd-76","IRFSelex_SQ_25_yrfwd",0,0.0078293447511278,-0.000572959190981518,0.000573287661416284,-0.00657217483276891,0.00782934475112777,-0.0142896410576863
"981","IRFSelex_SQ_25_yrfwd",77,3338.16,1307.9,0.139546,0.036,1131.3335,2.95064187527374,0.257979447637338,3967.4,1337.27,0.139623,0.03,1156.73855,3.42981566577858,0.214864313186223,"IRFSelex_SQ_25_yrfwd-77","IRFSelex_SQ_25_yrfwd",-0.166666666666667,0.0224558452481077,-0.167126237558759,0.000551789374113151,0.188499053370719,0.0224558452481076,0.162396458384293
"982","IRFSelex_SQ_25_yrfwd",78,3747.59,1307.9,0.139546,0.035,1131.3335,3.31254223445165,0.250813351869634,3924.22,1310.61,0.139602,0.033,1133.67765,3.46149542597051,0.23638629819057,"IRFSelex_SQ_25_yrfwd-78","IRFSelex_SQ_25_yrfwd",-0.0571428571428572,0.0020720238550347,-0.0575210752199621,0.000401301362991419,0.0471316232565461,0.00207202385503464,0.0449664278902471
"983","IRFSelex_SQ_25_yrfwd",79,3978.37,1307.9,0.139546,0.034,1131.3335,3.51653159744673,0.243647256101931,5065.16,1326.63,0.139572,0.026,1147.53495,4.41394835076701,0.186283781847362,"IRFSelex_SQ_25_yrfwd-79","IRFSelex_SQ_25_yrfwd",-0.235294117647059,0.014320666717639,-0.235436569950825,0.000186318489960287,0.273174692147789,0.014320666717639,0.255199399877956
"984","IRFSelex_SQ_25_yrfwd",80,3617.75,1307.9,0.139546,0.031,1131.3335,3.19777501505966,0.222148968798819,3236.77,1291.53,0.139608,0.035,1117.17345,2.89728510823454,0.25070196550341,"IRFSelex_SQ_25_yrfwd-80","IRFSelex_SQ_25_yrfwd",0.129032258064516,-0.0125162474195274,0.128530854133509,0.000444297937597685,-0.105308548130744,-0.0125162474195276,-0.0939684328666004
"985","IRFSelex_SQ_25_yrfwd",81,3862.2,1307.9,0.139546,0.035,1131.3335,3.41384746407668,0.250813351869634,4546.17,1314.53,0.139594,0.03,1137.06845,3.99814980355844,0.214908950241414,"IRFSelex_SQ_25_yrfwd-81","IRFSelex_SQ_25_yrfwd",-0.142857142857143,0.00506919489257591,-0.14315187513176,0.000343972596849731,0.177093366475066,0.00506919489257579,0.171156545695221
"986","IRFSelex_SQ_25_yrfwd",82,3571.96,1307.9,0.139546,0.027,1131.3335,3.15730065449313,0.193484585728004,4753.45,1298.5,0.139629,0.02,1123.2025,4.23205076555652,0.143236720165582,"IRFSelex_SQ_25_yrfwd-82","IRFSelex_SQ_25_yrfwd",-0.259259259259259,-0.00718709381451169,-0.259699579547176,0.000594785948719417,0.330767981724319,-0.00718709381451188,0.340401573582778
"987","IRFSelex_SQ_25_yrfwd",83,3843.81,1307.9,0.139546,0.035,1131.3335,3.39759231031345,0.250813351869634,3433.89,1314.81,0.139585,0.039,1137.31065,3.01930699409172,0.279399648959415,"IRFSelex_SQ_25_yrfwd-83","IRFSelex_SQ_25_yrfwd",0.114285714285714,0.00528327853811448,0.113974383248302,0.000279477734940331,-0.106644188968758,0.00528327853811442,-0.111339231335507
"988","IRFSelex_SQ_25_yrfwd",84,3308.19,1307.9,0.139546,0.032,1131.3335,2.92415101294181,0.229315064566523,3501.08,1305.03,0.139597,0.03,1128.85095,3.10145462516553,0.21490433175498,"IRFSelex_SQ_25_yrfwd-84","IRFSelex_SQ_25_yrfwd",-0.0625000000000001,-0.00219435736677111,-0.0628425037787345,0.000365470884152864,0.0583068082546649,-0.00219435736677125,0.0606342187660637
"989","IRFSelex_SQ_25_yrfwd",85,3298.73,1307.9,0.139546,0.032,1131.3335,2.91578919920607,0.229315064566523,2737.23,1284.46,0.13961,0.039,1111.0579,2.46362498300044,0.279349616789628,"IRFSelex_SQ_25_yrfwd-85","IRFSelex_SQ_25_yrfwd",0.21875,-0.0179218594693783,0.218191300766421,0.000458630129133107,-0.170217022914879,-0.0179218594693784,-0.155074384776771
"990","IRFSelex_SQ_25_yrfwd",86,3345.54,1307.9,0.139546,0.04,1131.3335,2.9571651506828,0.286643830708154,3977.72,1321.88,0.139613,0.033,1143.4262,3.47877283203761,0.236367673497454,"IRFSelex_SQ_25_yrfwd-86","IRFSelex_SQ_25_yrfwd",-0.175,0.0106888905879656,-0.175395915853108,0.000480128416436041,0.188962021078809,0.0106888905879655,0.176387741223844
"991","IRFSelex_SQ_25_yrfwd",87,4015.03,1307.9,0.139546,0.026,1131.3335,3.54893583545436,0.1863184899603,4679.86,1328.52,0.139613,0.022,1149.1698,4.07238338494451,0.157578448998302,"IRFSelex_SQ_25_yrfwd-87","IRFSelex_SQ_25_yrfwd",-0.153846153846154,0.0157657313250248,-0.154252221387803,0.000480128416436041,0.165585313185705,0.0157657313250248,0.147494227497955
"992","IRFSelex_SQ_25_yrfwd",88,4091,1307.9,0.139546,0.035,1131.3335,3.6160866800108,0.250813351869634,3587.11,1312.36,0.139604,0.039,1135.1914,3.1599164687118,0.279361622876135,"IRFSelex_SQ_25_yrfwd-88","IRFSelex_SQ_25_yrfwd",0.114285714285714,0.00341004663965133,0.113822772167805,0.000415633554526841,-0.123170373991689,0.0034100466396512,-0.126150242421081
"993","IRFSelex_SQ_25_yrfwd",89,3517.69,1307.9,0.139546,0.034,1131.3335,3.10933071459477,0.243647256101931,2791.73,1297.27,0.139638,0.043,1122.13855,2.48786569180784,0.307939099672009,"IRFSelex_SQ_25_yrfwd-89","IRFSelex_SQ_25_yrfwd",0.264705882352941,-0.00812753268598522,0.263872635377358,0.000659280810628816,-0.206374069346645,-0.00812753268598525,-0.19987099470309
"994","IRFSelex_SQ_25_yrfwd",9,2807.41,1307.9,0.139546,0.034,1131.3335,2.48150523254195,0.243647256101931,2243.39,1323.75,0.139584,0.043,1145.04375,1.9592177154803,0.308058230169647,"IRFSelex_SQ_25_yrfwd-9","IRFSelex_SQ_25_yrfwd",0.264705882352941,0.0121186635063844,0.264361581978045,0.000272311639172819,-0.200904036104452,0.0121186635063842,-0.21047205954373
"995","IRFSelex_SQ_25_yrfwd",90,3084.4,1307.9,0.139546,0.033,1131.3335,2.72634019941953,0.236481160334227,3173.02,1296.12,0.139609,0.033,1121.1438,2.83016326719195,0.236374445773553,"IRFSelex_SQ_25_yrfwd-90","IRFSelex_SQ_25_yrfwd",0,-0.00900680480159045,-0.000451260305567837,0.000451464033365396,0.0287316820127091,-0.00900680480159049,0.0380814792645915
"996","IRFSelex_SQ_25_yrfwd",91,2834.18,1307.9,0.139546,0.03,1131.3335,2.50516757437131,0.214982873031115,3345.35,1327.79,0.139606,0.025,1148.53835,2.9127020442983,0.179075397905534,"IRFSelex_SQ_25_yrfwd-91","IRFSelex_SQ_25_yrfwd",-0.166666666666667,0.0152075846777277,-0.167024817462478,0.000429965746062263,0.180359045649888,0.0152075846777276,0.162677528679602
"997","IRFSelex_SQ_25_yrfwd",93,3075.48,1307.9,0.139546,0.034,1131.3335,2.71845569851861,0.243647256101931,3880.23,1300.86,0.139603,0.027,1125.2439,3.44834573197864,0.193405585839846,"IRFSelex_SQ_25_yrfwd-93","IRFSelex_SQ_25_yrfwd",-0.205882352941177,-0.00538267451640035,-0.206206591717437,0.00040846745875913,0.261666471575169,-0.00538267451640048,0.268494363861725
"998","IRFSelex_SQ_25_yrfwd",95,4137.86,1307.9,0.139546,0.034,1131.3335,3.65750682712038,0.243647256101931,4063.47,1294.96,0.139587,0.034,1120.1404,3.62764346326585,0.243575691146024,"IRFSelex_SQ_25_yrfwd-95","IRFSelex_SQ_25_yrfwd",0,-0.00989372276167899,-0.000293723627558269,0.000293809926475753,-0.0179778919538118,-0.00989372276167907,-0.00816495095322684
"999","IRFSelex_SQ_25_yrfwd",97,3486.36,1307.9,0.139546,0.031,1131.3335,3.08163773104924,0.222148968798819,3298.05,1293.88,0.139567,0.034,1119.2062,2.9467760275095,0.243610595627906,"IRFSelex_SQ_25_yrfwd-97","IRFSelex_SQ_25_yrfwd",0.0967741935483872,-0.0107194739658994,0.0966091670158651,0.000150488011121732,-0.0540133549031081,-0.0107194739658995,-0.0437629972468663
"1000","IRFSelex_SQ_25_yrfwd",99,2823.01,1307.9,0.139546,0.026,1131.3335,2.49529426999201,0.1863184899603,2872.31,1304.88,0.139614,0.026,1128.7212,2.54474709963807,0.186227742203504,"IRFSelex_SQ_25_yrfwd-99","IRFSelex_SQ_25_yrfwd",0,-0.00230904503402381,-0.000487057171916682,0.000487294512203752,0.0174636292467968,-0.00230904503402399,0.0198184359419144
"1001","LRF_poorrec_25_yrfwd",1,2288.67,1307.9,0.139546,0.033,1131.3335,2.02298438082139,0.236481160334227,2091.2,1271.81,0.139774,0.036,1100.11565,1.90089105631758,0.257558630360439,"LRF_poorrec_25_yrfwd-1","LRF_poorrec_25_yrfwd",0.0909090909090908,-0.0275938527410352,0.0891295949175095,0.00163386983503652,-0.086281552167853,-0.0275938527410354,-0.0603530732423357
"1002","LRF_poorrec_25_yrfwd",10,2204.34,1307.9,0.139546,0.036,1131.3335,1.94844402645197,0.257979447637338,2448.67,1285.71,0.139874,0.033,1112.13915,2.20176584917454,0.235926619671991,"LRF_poorrec_25_yrfwd-10","LRF_poorrec_25_yrfwd",-0.0833333333333332,-0.016966128908938,-0.0854828869792336,0.00235047941180682,0.110840432964062,-0.016966128908938,0.130012368476325
"1003","LRF_poorrec_25_yrfwd",100,2050.51,1307.9,0.139546,0.038,1131.3335,1.81247174241724,0.272311639172746,2271.48,1276.57,0.139578,0.035,1104.23305,2.05706576161617,0.250755849775753,"LRF_poorrec_25_yrfwd-100","LRF_poorrec_25_yrfwd",-0.0789473684210525,-0.0239544307668783,-0.0791585312419162,0.000229315064566553,0.107763434462646,-0.0239544307668783,0.134950528317049
"1004","LRF_poorrec_25_yrfwd",103,1974.34,1307.9,0.139546,0.041,1131.3335,1.74514411532939,0.293809926475857,2079.17,1318.9,0.139606,0.038,1140.8485,1.82247686699855,0.272194604816412,"LRF_poorrec_25_yrfwd-103","LRF_poorrec_25_yrfwd",-0.0731707317073171,0.00841042893187561,-0.0735690652753411,0.000429965746062263,0.0530962245611192,0.00841042893187553,0.0443131034221606
"1005","LRF_poorrec_25_yrfwd",104,2077.73,1307.9,0.139546,0.036,1131.3335,1.83653184494227,0.257979447637338,1750.32,1298.77,0.139759,0.043,1123.43605,1.55800590518704,0.307672493363576,"LRF_poorrec_25_yrfwd-104","LRF_poorrec_25_yrfwd",0.194444444444444,-0.00698065601345663,0.19262404885871,0.00152637839852085,-0.15758062885938,-0.00698065601345677,-0.151658649711022
"1006","LRF_poorrec_25_yrfwd",106,1984.86,1307.9,0.139546,0.035,1131.3335,1.7544428764816,0.250813351869634,2345.4,1288.07,0.139777,0.029,1114.18055,2.10504482419838,0.207473332522518,"LRF_poorrec_25_yrfwd-106","LRF_poorrec_25_yrfwd",-0.171428571428571,-0.0151617096108264,-0.17279789542322,0.00165536812233965,0.181645053051601,-0.0151617096108266,0.199836627579393
"1007","LRF_poorrec_25_yrfwd",107,2267.21,1307.9,0.139546,0.035,1131.3335,2.004015615201,0.250813351869634,3118.04,1286.03,0.139695,0.025,1112.41595,2.80294434828986,0.178961308565088,"LRF_poorrec_25_yrfwd-107","LRF_poorrec_25_yrfwd",-0.285714285714286,-0.0167214618854652,-0.286476149570749,0.00106774826938795,0.375276220553014,-0.0167214618854653,0.398663926083596
"1008","LRF_poorrec_25_yrfwd",108,2059.3,1307.9,0.139546,0.033,1131.3335,1.82024133467276,0.236481160334227,2078.26,1299.59,0.139606,0.033,1124.14535,1.84874669454444,0.236379525235305,"LRF_poorrec_25_yrfwd-108","LRF_poorrec_25_yrfwd",0,-0.00635369676580774,-0.000429780954973415,0.000429965746062263,0.00920701209148742,-0.00635369676580792,0.01566020907706
"1009","LRF_poorrec_25_yrfwd",11,2111.04,1307.9,0.139546,0.031,1131.3335,1.86597497554877,0.222148968798819,2509.88,1281.12,0.13968,0.026,1108.1688,2.26488960887547,0.186139747995418,"LRF_poorrec_25_yrfwd-11","LRF_poorrec_25_yrfwd",-0.161290322580645,-0.0204755715268752,-0.162094926652625,0.00096025683287228,0.188930574503562,-0.0204755715268753,0.213783485070258
"1010","LRF_poorrec_25_yrfwd",110,2149.1,1307.9,0.139546,0.036,1131.3335,1.89961669127627,0.257979447637338,2524.4,1284.91,0.139556,0.03,1111.44715,2.27127308752377,0.21496746825647,"LRF_poorrec_25_yrfwd-110","LRF_poorrec_25_yrfwd",-0.166666666666667,-0.0175777964676198,-0.166726379852294,7.16609576771101e-05,0.174631240984598,-0.0175777964676199,0.195648099932101
"1011","LRF_poorrec_25_yrfwd",111,2289.06,1307.9,0.139546,0.036,1131.3335,2.02332910675764,0.257979447637338,2812.59,1283.87,0.139547,0.029,1110.54755,2.53261555527271,0.207815288039155,"LRF_poorrec_25_yrfwd-111","LRF_poorrec_25_yrfwd",-0.194444444444444,-0.0183729642939062,-0.194450217091334,7.16609576771101e-06,0.228709601321066,-0.0183729642939064,0.251707172507982
"1012","LRF_poorrec_25_yrfwd",112,2269.51,1307.9,0.139546,0.035,1131.3335,2.00604861431223,0.250813351869634,3245.74,1307.11,0.139499,0.024,1130.65015,2.87068462335586,0.17204424404476,"LRF_poorrec_25_yrfwd-112","LRF_poorrec_25_yrfwd",-0.314285714285714,-0.00060402171419835,-0.314054683443711,-0.00033680650108202,0.430150120510595,-0.000604021714198479,0.431014484332464
"1013","LRF_poorrec_25_yrfwd",114,2305.47,1307.9,0.139546,0.03,1131.3335,2.03783411345991,0.214982873031115,2020.7,1308.3,0.139597,0.034,1131.6795,1.78557621658782,0.243558242655644,"LRF_poorrec_25_yrfwd-114","LRF_poorrec_25_yrfwd",0.133333333333333,0.000305833779340931,0.132919284320819,0.000365470884152864,-0.123519282402287,0.000305833779340824,-0.123787257856723
"1014","LRF_poorrec_25_yrfwd",115,2273.2,1307.9,0.139546,0.028,1131.3335,2.00931025201676,0.200650681495708,3008.11,1286.3,0.139441,0.022,1112.6495,2.70355579182842,0.157772821480052,"LRF_poorrec_25_yrfwd-115","LRF_poorrec_25_yrfwd",-0.214285714285714,-0.0165150240844101,-0.213694066205164,-0.00075244005560886,0.323293155023755,-0.0165150240844102,0.345514357036127
"1015","LRF_poorrec_25_yrfwd",116,2181.48,1307.9,0.139546,0.037,1131.3335,1.9282377831117,0.265145543405042,2504.34,1293.31,0.139515,0.032,1118.71315,2.23858993701826,0.229366017990897,"LRF_poorrec_25_yrfwd-116","LRF_poorrec_25_yrfwd",-0.135135135135135,-0.0111552871014603,-0.134942963606548,-0.000222148968798842,0.148000440068211,-0.0111552871014605,0.160951183834667
"1016","LRF_poorrec_25_yrfwd",117,2227.5,1307.9,0.139546,0.035,1131.3335,1.96891544358936,0.250813351869634,2225.45,1319.99,0.139381,0.035,1141.79135,1.94908640707429,0.251110266105136,"LRF_poorrec_25_yrfwd-117","LRF_poorrec_25_yrfwd",0,0.00924382598057956,0.00118380554021008,-0.00118240580167112,-0.000920314253647669,0.00924382598057949,-0.0100710452445441
"1017","LRF_poorrec_25_yrfwd",118,2361.79,1307.9,0.139546,0.028,1131.3335,2.08761607430523,0.200650681495708,2843.94,1308.57,0.139465,0.023,1131.91305,2.51250747572881,0.164915928727638,"LRF_poorrec_25_yrfwd-118","LRF_poorrec_25_yrfwd",-0.178571428571429,0.00051227158039599,-0.178094350349038,-0.000580453757183995,0.204146007900787,0.000512271580395937,0.203529473955111
"1018","LRF_poorrec_25_yrfwd",12,2191.73,1307.9,0.139546,0.031,1131.3335,1.93729788784651,0.222148968798819,2678.33,1331.8,0.139502,0.025,1152.007,2.32492510896201,0.179208900230821,"LRF_poorrec_25_yrfwd-12","LRF_poorrec_25_yrfwd",-0.193548387096774,0.0182735683156206,-0.193294026077092,-0.000315308213779085,0.222016398005229,0.0182735683156204,0.200086534728216
"1019","LRF_poorrec_25_yrfwd",120,2102.24,1307.9,0.139546,0.04,1131.3335,1.85819654416668,0.286643830708154,1963.24,1302.05,0.139848,0.043,1126.27325,1.74312938711809,0.307476688976603,"LRF_poorrec_25_yrfwd-120","LRF_poorrec_25_yrfwd",0.0749999999999999,-0.00447281902286107,0.0726785509982265,0.00216416092184654,-0.0661199482456807,-0.00447281902286118,-0.0619241045355599
"1020","LRF_poorrec_25_yrfwd",121,1958.33,1307.9,0.139546,0.04,1131.3335,1.73099267368994,0.286643830708154,2219.27,1313.42,0.139607,0.035,1136.1083,1.95339652038454,0.250703761272716,"LRF_poorrec_25_yrfwd-121","LRF_poorrec_25_yrfwd",-0.125,0.00422050615490493,-0.125382323235941,0.000437131841829974,0.133246184248824,0.0042205061549048,0.128483413058304
"1021","LRF_poorrec_25_yrfwd",122,2022.3,1307.9,0.139546,0.023,1131.3335,1.78753656636173,0.164820202657188,2494.42,1300.42,0.139737,0.019,1124.8633,2.21753167696021,0.135969714535162,"LRF_poorrec_25_yrfwd-122","LRF_poorrec_25_yrfwd",-0.173913043478261,-0.00571909167367534,-0.175042183281575,0.00136872429163141,0.233456954952282,-0.00571909167367537,0.240551784332823
"1022","LRF_poorrec_25_yrfwd",123,2098.64,1307.9,0.139546,0.039,1131.3335,1.85501445860129,0.27947773494045,2496.94,1292.87,0.139585,0.033,1118.33255,2.23273479789174,0.236415087581044,"LRF_poorrec_25_yrfwd-123","LRF_poorrec_25_yrfwd",-0.153846153846154,-0.0114917042587355,-0.154082568933735,0.000279477734940331,0.189789578012427,-0.0114917042587355,0.20362123731114
"1023","LRF_poorrec_25_yrfwd",125,2189.02,1307.9,0.139546,0.031,1131.3335,1.93490248454589,0.222148968798819,2341.72,1281.33,0.139779,0.029,1108.35045,2.11279744597027,0.207470363931635,"LRF_poorrec_25_yrfwd-125","LRF_poorrec_25_yrfwd",-0.064516129032258,-0.0203150087927212,-0.0660755030579376,0.00166970031387487,0.0697572429671724,-0.0203150087927213,0.0919400139517258
"1024","LRF_poorrec_25_yrfwd",127,2163.37,1307.9,0.139546,0.031,1131.3335,1.91223012489244,0.222148968798819,2656.83,1330.23,0.139706,0.025,1150.64895,2.30898398681892,0.178947217728659,"LRF_poorrec_25_yrfwd-127","LRF_poorrec_25_yrfwd",-0.193548387096774,0.0170731707317074,-0.19447198563989,0.00114657532283257,0.228097828850359,0.0170731707317073,0.207482277766539
"1025","LRF_poorrec_25_yrfwd",128,2301.2,1307.9,0.139546,0.033,1131.3335,2.03405980641429,0.236481160334227,2170.02,1276.94,0.139822,0.035,1104.5531,1.96461356181065,0.25031826178999,"LRF_poorrec_25_yrfwd-128","LRF_poorrec_25_yrfwd",0.0606060606060607,-0.0236715345209877,0.0585124896892717,0.00197784243188625,-0.057005040848253,-0.0236715345209879,-0.0341416925818207
"1026","LRF_poorrec_25_yrfwd",14,2306.66,1307.9,0.139546,0.031,1131.3335,2.03888596952181,0.222148968798819,2774.15,1287.48,0.139828,0.026,1113.6702,2.49099778372448,0.185942729639271,"LRF_poorrec_25_yrfwd-14","LRF_poorrec_25_yrfwd",-0.161290322580645,-0.0156128144353543,-0.162981801605106,0.00202083900649251,0.202669660894974,-0.0156128144353544,0.221744531553528
"1027","LRF_poorrec_25_yrfwd",15,2037.84,1307.9,0.139546,0.034,1131.3335,1.80127256905236,0.243647256101931,2404.69,1307.26,0.13944,0.029,1130.7799,2.1265765335942,0.207974756167527,"LRF_poorrec_25_yrfwd-15","LRF_poorrec_25_yrfwd",-0.147058823529412,-0.00048933404694545,-0.146410431642537,-0.000759606151376571,0.180019039767597,-0.000489334046945562,0.180596745951104
"1028","LRF_poorrec_25_yrfwd",16,2205.72,1307.9,0.139546,0.028,1131.3335,1.94966382591871,0.200650681495708,3365.97,1326.5,0.139428,0.019,1147.4225,2.933505312995,0.13627105029119,"LRF_poorrec_25_yrfwd-16","LRF_poorrec_25_yrfwd",-0.321428571428571,0.0142212707393531,-0.320854286288059,-0.000845599300589103,0.526018714977422,0.0142212707393531,0.504621091081018
"1029","LRF_poorrec_25_yrfwd",17,2309.1,1307.9,0.139546,0.029,1131.3335,2.04104271640502,0.207816777263411,2244.47,1288.51,0.139787,0.03,1114.56115,2.01377017313047,0.214612231466445,"LRF_poorrec_25_yrfwd-17","LRF_poorrec_25_yrfwd",0.0344827586206896,-0.0148252924535515,0.0326992569729857,0.00172702908001656,-0.0279892598848037,-0.0148252924535516,-0.0133620639368998
"1030","LRF_poorrec_25_yrfwd",19,2274.84,1307.9,0.139546,0.03,1131.3335,2.01075986877433,0.214982873031115,1869.95,1301.89,0.139699,0.037,1126.13485,1.6605027364174,0.264855152864373,"LRF_poorrec_25_yrfwd-19","LRF_poorrec_25_yrfwd",0.233333333333333,-0.00459515253459728,0.231982572053725,0.00109641265245859,-0.177986144080463,-0.00459515253459744,-0.174191427726488
"1031","LRF_poorrec_25_yrfwd",2,2082.55,1307.9,0.139546,0.032,1131.3335,1.84079230394928,0.229315064566523,2294.12,1318.42,0.139582,0.028,1140.4333,2.01162137233278,0.200598931094267,"LRF_poorrec_25_yrfwd-2","LRF_poorrec_25_yrfwd",-0.125,0.00804342839666658,-0.125225673797481,0.000257979447637397,0.101591798516242,0.0080434283966664,0.0928019244849082
"1032","LRF_poorrec_25_yrfwd",20,2155.85,1307.9,0.139546,0.036,1131.3335,1.90558310171139,0.257979447637338,2372.84,1296.42,0.139602,0.033,1121.4033,2.1159559633898,0.23638629819057,"LRF_poorrec_25_yrfwd-20","LRF_poorrec_25_yrfwd",-0.0833333333333332,-0.00877742946708465,-0.0837010453527409,0.000401301362991419,0.100651715100772,-0.00877742946708465,0.110398156600716
"1033","LRF_poorrec_25_yrfwd",21,2158.18,1307.9,0.139546,0.034,1131.3335,1.90764261820232,0.243647256101931,2532.27,1318.14,0.139462,0.029,1140.1911,2.22091717783098,0.207941948344352,"LRF_poorrec_25_yrfwd-21","LRF_poorrec_25_yrfwd",-0.147058823529412,0.0078293447511278,-0.146545084598208,-0.000601952044487128,0.173335866331817,0.00782934475112777,0.16422078047505
"1034","LRF_poorrec_25_yrfwd",22,2093.18,1307.9,0.139546,0.038,1131.3335,1.85018829549377,0.272311639172746,2482.79,1311.76,0.139521,0.032,1134.6724,2.18811174044597,0.229356154270683,"LRF_poorrec_25_yrfwd-22","LRF_poorrec_25_yrfwd",-0.157894736842105,0.00295129597063993,-0.157743844635348,-0.000179152394192576,0.186133060701899,0.00295129597063988,0.182642731972322
"1035","LRF_poorrec_25_yrfwd",23,2093.66,1307.9,0.139546,0.03,1131.3335,1.85061257356916,0.214982873031115,2912.37,1307.77,0.13951,0.021,1131.22105,2.57453660361076,0.150526843953838,"LRF_poorrec_25_yrfwd-23","LRF_poorrec_25_yrfwd",-0.3,-9.93959782858731e-05,-0.299819367787255,-0.000257979447637397,0.391042480632003,-9.93959782858851e-05,0.391180758404458
"1036","LRF_poorrec_25_yrfwd",26,2126.35,1307.9,0.139546,0.034,1131.3335,1.87950767832827,0.243647256101931,2096.24,1295.01,0.139609,0.034,1120.18365,1.87133600816259,0.243537307766691,"LRF_poorrec_25_yrfwd-26","LRF_poorrec_25_yrfwd",0,-0.00985549353926143,-0.000451260305567775,0.000451464033365396,-0.0141604157358855,-0.00985549353926149,-0.00434777163185193
"1037","LRF_poorrec_25_yrfwd",27,2172.38,1307.9,0.139546,0.04,1131.3335,1.9201941779325,0.286643830708154,2649.64,1313.61,0.139738,0.033,1136.27265,2.33186990815981,0.236156235240235,"LRF_poorrec_25_yrfwd-27","LRF_poorrec_25_yrfwd",-0.175,0.00436577720009169,-0.176133549929153,0.00137589038739912,0.219694528581556,0.0043657772000916,0.214392760356435
"1038","LRF_poorrec_25_yrfwd",28,2201.5,1307.9,0.139546,0.036,1131.3335,1.94593371450593,0.257979447637338,2473.98,1304.14,0.139722,0.032,1128.0811,2.19308700411699,0.229026209186814,"LRF_poorrec_25_yrfwd-28","LRF_poorrec_25_yrfwd",-0.111111111111111,-0.00287483752580459,-0.112230794800469,0.00126123285511594,0.123770156711333,-0.00287483752580472,0.12701012771846
"1039","LRF_poorrec_25_yrfwd",29,2260.79,1307.9,0.139546,0.032,1131.3335,1.99834089594271,0.229315064566523,2764.67,1301.14,0.139391,0.026,1125.4861,2.45642305133755,0.186525672389179,"LRF_poorrec_25_yrfwd-29","LRF_poorrec_25_yrfwd",-0.1875,-0.00516859087086158,-0.186596516274365,-0.00111074484399421,0.222877843585649,-0.00516859087086168,0.22923123693505
"1040","LRF_poorrec_25_yrfwd",3,2043.05,1307.9,0.139546,0.03,1131.3335,1.80587775399562,0.214982873031115,2568.78,1298.95,0.139784,0.024,1123.59175,2.28622184169651,0.171693469925027,"LRF_poorrec_25_yrfwd-3","LRF_poorrec_25_yrfwd",-0.2,-0.00684303081275319,-0.201362101528072,0.00170553079271343,0.257326056631017,-0.0068430308127533,0.265989260146817
"1041","LRF_poorrec_25_yrfwd",30,2216.7,1307.9,0.139546,0.034,1131.3335,1.95936918689317,0.243647256101931,2331.27,1283.79,0.139601,0.032,1110.47835,2.09933854180948,0.229224719020637,"LRF_poorrec_25_yrfwd-30","LRF_poorrec_25_yrfwd",-0.0588235294117648,-0.0184341310497745,-0.0591943341042981,0.000394135267223708,0.0516849370686156,-0.0184341310497745,0.0714359273651006
"1042","LRF_poorrec_25_yrfwd",31,2199.6,1307.9,0.139546,0.031,1131.3335,1.94425428045753,0.222148968798819,1754.05,1302.09,0.139675,0.039,1126.30785,1.55734508997695,0.279219616967961,"LRF_poorrec_25_yrfwd-31","LRF_poorrec_25_yrfwd",0.258064516129032,-0.00444223564492702,0.256902602239069,0.000924426354033725,-0.202559556282961,-0.00444223564492711,-0.199001331445971
"1043","LRF_poorrec_25_yrfwd",33,2217.43,1307.9,0.139546,0.032,1131.3335,1.96001444313282,0.229315064566523,2045.94,1290.75,0.139759,0.035,1116.49875,1.83246062747495,0.250431099249422,"LRF_poorrec_25_yrfwd-33","LRF_poorrec_25_yrfwd",0.0937500000000001,-0.0131126232892423,0.0920830679956212,0.00152637839852085,-0.0773372778396611,-0.0131126232892424,-0.065077997820254
"1044","LRF_poorrec_25_yrfwd",35,2058.1,1307.9,0.139546,0.034,1131.3335,1.81918063948429,0.243647256101931,2597.6,1317.82,0.139469,0.027,1139.9143,2.27876779859679,0.193591407409532,"LRF_poorrec_25_yrfwd-35","LRF_poorrec_25_yrfwd",-0.205882352941177,0.00758467772765498,-0.205443925342043,-0.000551789374113151,0.262134978864001,0.0075846777276549,0.252634152506584
"1045","LRF_poorrec_25_yrfwd",36,2208.51,1307.9,0.139546,0.035,1131.3335,1.95212994223189,0.250813351869634,2162.52,1307.75,0.139407,0.036,1131.20375,1.91169804732348,0.25823667391164,"LRF_poorrec_25_yrfwd-36","LRF_poorrec_25_yrfwd",0.0285714285714284,-0.0001146876672529,0.0295969970763919,-0.000996087311710835,-0.020823994457802,-0.000114687667252918,-0.0207116821650614
"1046","LRF_poorrec_25_yrfwd",38,2080.22,1307.9,0.139546,0.038,1131.3335,1.83873278745834,0.272311639172746,2559,1292.22,0.139854,0.031,1117.7703,2.28937913272521,0.221659730862185,"LRF_poorrec_25_yrfwd-38","LRF_poorrec_25_yrfwd",-0.184210526315789,-0.0119886841501644,-0.186007136765935,0.0022071574964528,0.230158348636202,-0.0119886841501644,0.245085282832094
"1047","LRF_poorrec_25_yrfwd",4,2205.69,1307.9,0.139546,0.036,1131.3335,1.94963730853899,0.257979447637338,2306.18,1314.9,0.139765,0.034,1137.3885,2.02760973932829,0.243265481343684,"LRF_poorrec_25_yrfwd-4","LRF_poorrec_25_yrfwd",-0.0555555555555554,0.0053520911384663,-0.0570354205670628,0.00156937497312712,0.0455594394497866,0.00535209113846624,0.0399933005219985
"1048","LRF_poorrec_25_yrfwd",40,2090.37,1307.9,0.139546,0.033,1131.3335,1.84770450092745,0.236481160334227,1977.08,1305.66,0.139831,0.035,1129.3959,1.75056417328946,0.250302150453047,"LRF_poorrec_25_yrfwd-40","LRF_poorrec_25_yrfwd",0.0606060606060607,-0.00171266916430918,0.0584443602157841,0.00204233729379565,-0.0541961470935767,-0.0017126691643092,-0.0525735189740736
"1049","LRF_poorrec_25_yrfwd",41,2261.76,1307.9,0.139546,0.039,1131.3335,1.99919829122005,0.27947773494045,2257.32,1319.23,0.139602,0.039,1141.13395,1.97813762354542,0.27936562513431,"LRF_poorrec_25_yrfwd-41","LRF_poorrec_25_yrfwd",0,0.00866274179983175,-0.000401140384808245,0.000401301362991419,-0.0019630730050934,0.00866274179983174,-0.0105345566605987
"1050","LRF_poorrec_25_yrfwd",42,2210.82,1307.9,0.139546,0.03,1131.3335,1.95417178046968,0.214982873031115,1817.66,1296.94,0.139821,0.036,1121.8531,1.62022995702379,0.257472053554187,"LRF_poorrec_25_yrfwd-42","LRF_poorrec_25_yrfwd",0.2,-0.00837984555394136,0.197639839509087,0.00197067633611854,-0.177834468658688,-0.00837984555394146,-0.170886626643251
"1051","LRF_poorrec_25_yrfwd",43,1998.44,1307.9,0.139546,0.036,1131.3335,1.76644641036441,0.257979447637338,2210.66,1308.87,0.139588,0.032,1132.17255,1.95258222785917,0.229246066997163,"LRF_poorrec_25_yrfwd-43","LRF_poorrec_25_yrfwd",-0.111111111111111,0.000741646914901789,-0.111378564855941,0.000300976022243464,0.106192830407718,0.000741646914901598,0.105373033907305
"1052","LRF_poorrec_25_yrfwd",44,2175.42,1307.9,0.139546,0.03,1131.3335,1.92288127240995,0.214982873031115,2139.54,1317.55,0.139611,0.03,1139.68075,1.87731520427979,0.214882781442723,"LRF_poorrec_25_yrfwd-44","LRF_poorrec_25_yrfwd",0,0.00737823992659992,-0.000465579359792693,0.000465796224900818,-0.0164933667981356,0.00737823992659979,-0.023696766297508
"1053","LRF_poorrec_25_yrfwd",47,2063.72,1307.9,0.139546,0.033,1131.3335,1.82414822861694,0.236481160334227,2208.87,1311.63,0.139911,0.031,1134.55995,1.94689579867507,0.221569426278134,"LRF_poorrec_25_yrfwd-47","LRF_poorrec_25_yrfwd",-0.0606060606060607,0.00285189999235426,-0.0630567527451977,0.00261562495521193,0.0703341538580816,0.00285189999235417,0.0672903485212939
"1054","LRF_poorrec_25_yrfwd",48,2121.89,1307.9,0.139546,0.033,1131.3335,1.87556542787781,0.236481160334227,2397.38,1290.17,0.139694,0.03,1115.99705,2.14819564263185,0.214755107592309,"LRF_poorrec_25_yrfwd-48","LRF_poorrec_25_yrfwd",-0.090909090909091,-0.0135560822692867,-0.09187223502799,0.00106058217362023,0.129832366428043,-0.0135560822692867,0.145358946535137
"1055","LRF_poorrec_25_yrfwd",49,2094.55,1307.9,0.139546,0.033,1131.3335,1.85139925583393,0.236481160334227,2301.99,1336.58,0.139474,0.03,1156.1417,1.9910967660798,0.215093852617692,"LRF_poorrec_25_yrfwd-49","LRF_poorrec_25_yrfwd",-0.090909090909091,0.0219282819787445,-0.0904397952306523,-0.000515958895274795,0.0990379795182734,0.0219282819787444,0.0754550968980157
"1056","LRF_poorrec_25_yrfwd",5,2165.77,1307.9,0.139546,0.037,1131.3335,1.91435151526937,0.265145543405042,2437.85,1304.35,0.139642,0.033,1128.26275,2.16071123503812,0.236318586098738,"LRF_poorrec_25_yrfwd-5","LRF_poorrec_25_yrfwd",-0.108108108108108,-0.00271427479165082,-0.108721259034202,0.000687945193699461,0.125627375021355,-0.00271427479165088,0.128690952421076
"1057","LRF_poorrec_25_yrfwd",50,2099.87,1307.9,0.139546,0.034,1131.3335,1.85610167116947,0.243647256101931,2709.04,1291.53,0.139439,0.026,1117.17345,2.42490546118868,0.186461463435624,"LRF_poorrec_25_yrfwd-50","LRF_poorrec_25_yrfwd",-0.235294117647059,-0.0125162474195274,-0.234707312453306,-0.000766772247144282,0.29009891088496,-0.0125162474195276,0.306450771988601
"1058","LRF_poorrec_25_yrfwd",51,2078.43,1307.9,0.139546,0.041,1131.3335,1.83715058380221,0.293809926475857,2290.52,1290.73,0.139769,0.038,1116.48145,2.05155222238578,0.271877168757021,"LRF_poorrec_25_yrfwd-51","LRF_poorrec_25_yrfwd",-0.0731707317073171,-0.0131279149782093,-0.0746494782593369,0.00159803935619796,0.102043369273923,-0.0131279149782094,0.116703355987204
"1059","LRF_poorrec_25_yrfwd",52,2105.81,1307.9,0.139546,0.034,1131.3335,1.86135211235237,0.243647256101931,2631.88,1295.44,0.139563,0.027,1120.5556,2.34872772042726,0.193461017604953,"LRF_poorrec_25_yrfwd-52","LRF_poorrec_25_yrfwd",-0.205882352941177,-0.00952672222646975,-0.205979083449979,0.000121823628050888,0.249818359681073,-0.00952672222646994,0.261839554612236
"1060","LRF_poorrec_25_yrfwd",54,2035.92,1307.9,0.139546,0.029,1131.3335,1.79957545675082,0.207816777263411,2179.77,1326.61,0.139727,0.027,1147.51765,1.89955248182893,0.193233949057806,"LRF_poorrec_25_yrfwd-54","LRF_poorrec_25_yrfwd",-0.0689655172413794,0.014305375028672,-0.0701715636130849,0.0012970633339543,0.0706560179181893,0.0143053750286718,0.0555558949768204
"1061","LRF_poorrec_25_yrfwd",55,2084.06,1307.9,0.139546,0.037,1131.3335,1.84212701206143,0.265145543405042,2436.9,1305.15,0.139577,0.031,1128.95475,2.15854532699384,0.222099629595134,"LRF_poorrec_25_yrfwd-55","LRF_poorrec_25_yrfwd",-0.162162162162162,-0.00210260723296875,-0.162348245635607,0.000222148968798842,0.169304146713626,-0.00210260723296888,0.171767914405817
"1062","LRF_poorrec_25_yrfwd",56,2120,1307.9,0.139546,0.032,1131.3335,1.87389483295598,0.229315064566523,2504.83,1288.88,0.139742,0.027,1114.8812,2.24672368679282,0.193213207196119,"LRF_poorrec_25_yrfwd-56","LRF_poorrec_25_yrfwd",-0.15625,-0.0145423962076611,-0.157433430894076,0.00140455477046996,0.18152358490566,-0.0145423962076611,0.198959326468029
"1063","LRF_poorrec_25_yrfwd",57,2056.76,1307.9,0.139546,0.031,1131.3335,1.81799619652384,0.222148968798819,1919.98,1301.97,0.139603,0.033,1126.20405,1.70482427229772,0.236384604915367,"LRF_poorrec_25_yrfwd-57","LRF_poorrec_25_yrfwd",0.0645161290322581,-0.00453398577872918,0.0640814863716073,0.00040846745875913,-0.0665026546607286,-0.00453398577872931,-0.0622509136391523
"1064","LRF_poorrec_25_yrfwd",58,2098.21,1307.9,0.139546,0.035,1131.3335,1.85463437615875,0.250813351869634,2800.93,1314.53,0.139461,0.026,1137.06845,2.46329057850475,0.186432049103334,"LRF_poorrec_25_yrfwd-58","LRF_poorrec_25_yrfwd",-0.257142857142857,0.00506919489257591,-0.256690093595035,-0.000609118140254839,0.334914045781881,0.00506919489257579,0.328181236242704
"1065","LRF_poorrec_25_yrfwd",59,2022.85,1307.9,0.139546,0.031,1131.3335,1.78802271832311,0.222148968798819,2394.69,1314.07,0.139403,0.025,1136.67055,2.10675819831877,0.179336169235956,"LRF_poorrec_25_yrfwd-59","LRF_poorrec_25_yrfwd",-0.193548387096774,0.0047174860463337,-0.192721126703202,-0.00102475169478168,0.183819858120968,0.0047174860463337,0.178261426283542
"1066","LRF_poorrec_25_yrfwd",6,2091.93,1307.9,0.139546,0.037,1131.3335,1.84908340467245,0.265145543405042,2343.17,1308.19,0.139696,0.034,1131.58435,2.07069848571165,0.243385637384034,"LRF_poorrec_25_yrfwd-6","LRF_poorrec_25_yrfwd",-0.081081081081081,0.000221729490022286,-0.0820677796110161,0.00107491436515546,0.120099620924218,0.000221729490022145,0.11985131686283
"1067","LRF_poorrec_25_yrfwd",60,2086.57,1307.9,0.139546,0.038,1131.3335,1.84434563283064,0.272311639172746,2675.78,1302.27,0.139775,0.03,1126.46355,2.37538089892034,0.214630656412091,"LRF_poorrec_25_yrfwd-60","LRF_poorrec_25_yrfwd",-0.210526315789474,-0.00430461044422358,-0.211819747903115,0.00164103593080423,0.282382091183138,-0.00430461044422365,0.287926111373545
"1068","LRF_poorrec_25_yrfwd",61,2091.05,1307.9,0.139546,0.027,1131.3335,1.84830556153424,0.193484585728004,3087.3,1299.49,0.139627,0.018,1124.05885,2.74656438139338,0.128914894683693,"LRF_poorrec_25_yrfwd-61","LRF_poorrec_25_yrfwd",-0.333333333333333,-0.00643015521064307,-0.333720078017385,0.000580453757183995,0.476435283709141,-0.00643015521064308,0.485990432833793
"1069","LRF_poorrec_25_yrfwd",63,2214.84,1307.9,0.139546,0.036,1131.3335,1.95772510935104,0.257979447637338,2961.92,1300.63,0.139615,0.026,1125.04495,2.63271258628378,0.186226408337213,"LRF_poorrec_25_yrfwd-63","LRF_poorrec_25_yrfwd",-0.277777777777778,-0.00555852893952136,-0.278134711727091,0.000494460607971463,0.337306532300302,-0.00555852893952136,0.344781539404415
"1070","LRF_poorrec_25_yrfwd",64,2094.98,1307.9,0.139546,0.03,1131.3335,1.85177933827647,0.214982873031115,2013.84,1312.65,0.139794,0.031,1135.44225,1.77361728436651,0.221754867877019,"LRF_poorrec_25_yrfwd-64","LRF_poorrec_25_yrfwd",0.0333333333333334,0.00363177612967361,0.0315001597588833,0.00177719175039054,-0.0387306800064918,0.00363177612967352,-0.0422091619094889
"1071","LRF_poorrec_25_yrfwd",65,2227.37,1307.9,0.139546,0.031,1131.3335,1.96880053494394,0.222148968798819,3074.6,1311.56,0.13987,0.023,1134.4994,2.71009398506513,0.1644384070923,"LRF_poorrec_25_yrfwd-65","LRF_poorrec_25_yrfwd",-0.258064516129032,0.00279837908096946,-0.259783162706384,0.00232181502873598,0.380372367410893,0.00279837908096938,0.3765203416822
"1072","LRF_poorrec_25_yrfwd",66,2106.49,1307.9,0.139546,0.033,1131.3335,1.86195317295917,0.236481160334227,2444.59,1279.89,0.139666,0.029,1107.10485,2.20809257587481,0.207638222616814,"LRF_poorrec_25_yrfwd-66","LRF_poorrec_25_yrfwd",-0.121212121212121,-0.0214160103983483,-0.121967169294364,0.000859931492124525,0.160503966313631,-0.0214160103983485,0.185901239592151
"1073","LRF_poorrec_25_yrfwd",69,2061.17,1307.9,0.139546,0.034,1131.3335,1.82189425134145,0.243647256101931,2891.99,1301.96,0.139731,0.025,1126.1954,2.56792915332455,0.178915201351168,"LRF_poorrec_25_yrfwd-69","LRF_poorrec_25_yrfwd",-0.264705882352941,-0.00454163162321269,-0.265679391536764,0.00132572771702514,0.403081744834244,-0.00454163162321283,0.409483097843796
"1074","LRF_poorrec_25_yrfwd",70,1966.96,1307.9,0.139546,0.035,1131.3335,1.73862083992032,0.250813351869634,2229.82,1295.27,0.139496,0.031,1120.40855,1.99018474109288,0.222228594368297,"LRF_poorrec_25_yrfwd-70","LRF_poorrec_25_yrfwd",-0.114285714285714,-0.00965670158268988,-0.113968244865188,-0.000358304788385153,0.13363769471672,-0.00965670158268989,0.144691640291212
"1075","LRF_poorrec_25_yrfwd",71,2083.74,1307.9,0.139546,0.031,1131.3335,1.84184416001117,0.222148968798819,1970.85,1290.55,0.139634,0.033,1116.32575,1.7654792967017,0.236332125413581,"LRF_poorrec_25_yrfwd-71","LRF_poorrec_25_yrfwd",0.0645161290322581,-0.0132655401789128,0.0638452507407616,0.000630616427557972,-0.054176624722854,-0.0132655401789129,-0.0414610882763325
"1076","LRF_poorrec_25_yrfwd",72,2263.29,1307.9,0.139546,0.032,1131.3335,2.00055067758535,0.229315064566523,2680.27,1298.05,0.139837,0.027,1122.81325,2.38710221846776,0.193081945407868,"LRF_poorrec_25_yrfwd-72","LRF_poorrec_25_yrfwd",-0.15625,-0.00753115681627039,-0.158005838941053,0.00208533386840172,0.184236222490269,-0.00753115681627046,0.193222568772406
"1077","LRF_poorrec_25_yrfwd",73,2112.12,1307.9,0.139546,0.03,1131.3335,1.86692960121839,0.214982873031115,2043.35,1318.64,0.139683,0.031,1140.6236,1.79143233578544,0.221931086818009,"LRF_poorrec_25_yrfwd-73","LRF_poorrec_25_yrfwd",0.0333333333333334,0.00821163697530407,0.0323198480368645,0.000981755120175413,-0.0325597030471753,0.00821163697530393,-0.0404392674387253
"1078","LRF_poorrec_25_yrfwd",74,1994.64,1307.9,0.139546,0.026,1131.3335,1.7630875422676,0.1863184899603,2430.13,1297.09,0.139621,0.022,1121.98285,2.16592437219517,0.157569420072912,"LRF_poorrec_25_yrfwd-74","LRF_poorrec_25_yrfwd",-0.153846153846154,-0.00826515788668866,-0.154300681019441,0.000537457182577729,0.218330124734288,-0.00826515788668872,0.228483736780004
"1079","LRF_poorrec_25_yrfwd",75,2124.43,1307.9,0.139546,0.032,1131.3335,1.87781056602673,0.229315064566523,2499.12,1314.08,0.139664,0.028,1136.6792,2.19861505339413,0.200481154771451,"LRF_poorrec_25_yrfwd-75","LRF_poorrec_25_yrfwd",-0.125,0.00472513189081741,-0.12573927425822,0.000845599300589103,0.176372015081693,0.00472513189081722,0.170839643343895
"1080","LRF_poorrec_25_yrfwd",76,2052.09,1307.9,0.139546,0.028,1131.3335,1.81386832441539,0.200650681495708,2203.53,1315.33,0.139665,0.026,1137.76045,1.9367257844127,0.186159739376365,"LRF_poorrec_25_yrfwd-76","LRF_poorrec_25_yrfwd",-0.0714285714285715,0.00568086245125777,-0.0722197503209211,0.000852765396356814,0.073797932839203,0.00568086245125762,0.0677322925504577
"1081","LRF_poorrec_25_yrfwd",77,2122.04,1307.9,0.139546,0.036,1131.3335,1.87569801477637,0.257979447637338,2679.06,1338.94,0.139749,0.029,1158.1831,2.31315756550065,0.207514901716649,"LRF_poorrec_25_yrfwd-77","LRF_poorrec_25_yrfwd",-0.194444444444444,0.023732701276856,-0.195614597918013,0.00145471744084394,0.262492695707904,0.023732701276856,0.233224936678542
"1082","LRF_poorrec_25_yrfwd",78,2196.54,1307.9,0.139546,0.035,1131.3335,1.94154950772694,0.250813351869634,2222.5,1313.21,0.139728,0.034,1135.92665,1.95655238830782,0.243329898087713,"LRF_poorrec_25_yrfwd-78","LRF_poorrec_25_yrfwd",-0.0285714285714286,0.00405994342075095,-0.0298367440414846,0.00130422942972201,0.0118185874147523,0.00405994342075078,0.00772727170806982
"1083","LRF_poorrec_25_yrfwd",79,2121.89,1307.9,0.139546,0.034,1131.3335,1.87556542787781,0.243647256101931,3346.05,1328.17,0.139492,0.021,1148.86705,2.91247799299318,0.15054626788633,"LRF_poorrec_25_yrfwd-79","LRF_poorrec_25_yrfwd",-0.382352941176471,0.0154981267681016,-0.382113838280416,-0.000386969171455997,0.576919632968722,0.0154981267681015,0.552853315433861
"1084","LRF_poorrec_25_yrfwd",80,2153.11,1307.9,0.139546,0.031,1131.3335,1.90316118103106,0.222148968798819,2583.21,1285.69,0.139566,0.026,1112.12185,2.32277605192273,0.186291790264104,"LRF_poorrec_25_yrfwd-80","LRF_poorrec_25_yrfwd",-0.161290322580645,-0.016981420597905,-0.161410510832428,0.000143321915354021,0.199757559994612,-0.0169814205979051,0.220483096793903
"1085","LRF_poorrec_25_yrfwd",81,2138.64,1307.9,0.139546,0.035,1131.3335,1.89037096488348,0.250813351869634,3011.39,1313.74,0.139653,0.025,1136.3851,2.64997314730719,0.179015130358818,"LRF_poorrec_25_yrfwd-81","LRF_poorrec_25_yrfwd",-0.285714285714286,0.00446517317837756,-0.286261560541383,0.000766772247144282,0.408086447461938,0.00446517317837749,0.401827046931257
"1086","LRF_poorrec_25_yrfwd",82,2033.81,1307.9,0.139546,0.027,1131.3335,1.79771040104443,0.193484585728004,3002.43,1300.63,0.139762,0.018,1125.04495,2.66872003647499,0.128790372204176,"LRF_poorrec_25_yrfwd-82","LRF_poorrec_25_yrfwd",-0.333333333333333,-0.00555852893952136,-0.334363656310967,0.00154787668582399,0.476258844238154,-0.00555852893952136,0.484510539030379
"1087","LRF_poorrec_25_yrfwd",83,2111.59,1307.9,0.139546,0.035,1131.3335,1.86646112751015,0.250813351869634,2477.88,1305.64,0.139475,0.03,1129.3786,2.19402067650299,0.215092310449901,"LRF_poorrec_25_yrfwd-83","LRF_poorrec_25_yrfwd",-0.142857142857143,-0.0017279608532762,-0.142420812741659,-0.000508792799507084,0.173466439981246,-0.00172796085327624,0.175497653910321
"1088","LRF_poorrec_25_yrfwd",84,2071.5,1307.9,0.139546,0.032,1131.3335,1.83102506908882,0.229315064566523,1882.98,1307.21,0.139506,0.035,1130.73665,1.66526838941676,0.250885266583516,"LRF_poorrec_25_yrfwd-84","LRF_poorrec_25_yrfwd",0.0937500000000001,-0.000527563269363016,0.0940636065832296,-0.000286643830708241,-0.0910065170166546,-0.000527563269363143,-0.0905267123156056
"1089","LRF_poorrec_25_yrfwd",85,2241.8,1307.9,0.139546,0.032,1131.3335,1.98155539458524,0.229315064566523,2007.99,1283.38,0.139418,0.036,1110.1237,1.80879842489625,0.258216299186619,"LRF_poorrec_25_yrfwd-85","LRF_poorrec_25_yrfwd",0.125,-0.0187476106735988,0.126032865196746,-0.000917260258266213,-0.10429565527701,-0.0187476106735989,-0.0871825083270747
"1090","LRF_poorrec_25_yrfwd",86,2126.46,1307.9,0.139546,0.04,1131.3335,1.87960490872055,0.286643830708154,2843.03,1318.02,0.139673,0.03,1140.0873,2.49369500037409,0.214787396275587,"LRF_poorrec_25_yrfwd-86","LRF_poorrec_25_yrfwd",-0.25,0.00773759461732544,-0.250681949983175,0.000910094162498303,0.33697788813333,0.0077375946173254,0.326712325981079
"1091","LRF_poorrec_25_yrfwd",87,2205.34,1307.9,0.139546,0.026,1131.3335,1.94932793910903,0.1863184899603,2815.82,1322.36,0.139629,0.021,1143.8414,2.46172240312337,0.150398556173861,"LRF_poorrec_25_yrfwd-87","LRF_poorrec_25_yrfwd",-0.192307692307692,0.0110558911231744,-0.192787810775478,0.000594785948719417,0.276818993896633,0.0110558911231744,0.262856984571075
"1092","LRF_poorrec_25_yrfwd",88,2226.64,1307.9,0.139546,0.035,1131.3335,1.96815527870429,0.250813351869634,2149.76,1310.69,0.139374,0.036,1133.74685,1.89615521313246,0.258297817383443,"LRF_poorrec_25_yrfwd-88","LRF_poorrec_25_yrfwd",0.0285714285714284,0.00213319061090301,0.0298407778454272,-0.0012325684720451,-0.034527359609097,0.00213319061090295,-0.0365825127472841
"1093","LRF_poorrec_25_yrfwd",89,2119.09,1307.9,0.139546,0.034,1131.3335,1.87309047243806,0.243647256101931,1666.14,1294.15,0.13977,0.044,1119.43975,1.48836951698383,0.314802890462903,"LRF_poorrec_25_yrfwd-89","LRF_poorrec_25_yrfwd",0.294117647058823,-0.0105130361648444,0.292043651545185,0.00160520545196567,-0.21374741044505,-0.0105130361648444,-0.205393685524151
"1094","LRF_poorrec_25_yrfwd",9,2044.35,1307.9,0.139546,0.034,1131.3335,1.80702684044979,0.243647256101931,1844.28,1323.53,0.139643,0.038,1144.85345,1.61093107593815,0.272122483762165,"LRF_poorrec_25_yrfwd-9","LRF_poorrec_25_yrfwd",0.117647058823529,0.0119504549277469,0.116870709384561,0.000695111289467172,-0.0978648470173894,0.0119504549277467,-0.108518457015741
"1095","LRF_poorrec_25_yrfwd",90,2074.04,1307.9,0.139546,0.033,1131.3335,1.83327020723774,0.236481160334227,2014.23,1296.15,0.13957,0.035,1121.16975,1.79654329774773,0.250770222827255,"LRF_poorrec_25_yrfwd-90","LRF_poorrec_25_yrfwd",0.0606060606060607,-0.00898386726813971,0.0604236822621862,0.000171986298424865,-0.028837438043625,-0.00898386726813977,-0.0200335495253305
"1096","LRF_poorrec_25_yrfwd",91,2060.47,1307.9,0.139546,0.03,1131.3335,1.82127551248151,0.214982873031115,2580.94,1325.01,0.139391,0.024,1146.13365,2.25186652533934,0.172177543743857,"LRF_poorrec_25_yrfwd-91","LRF_poorrec_25_yrfwd",-0.2,0.0130820399113082,-0.19911041602399,-0.00111074484399421,0.252597708289856,0.0130820399113081,0.236422776184559
"1097","LRF_poorrec_25_yrfwd",93,2250.6,1307.9,0.139546,0.034,1131.3335,1.98933382596732,0.243647256101931,2870.35,1295.39,0.13991,0.027,1120.51235,2.56164066375529,0.192981202201415,"LRF_poorrec_25_yrfwd-93","LRF_poorrec_25_yrfwd",-0.205882352941177,-0.00956495144888752,-0.207948386988274,0.00260845885944422,0.275371012174531,-0.00956495144888752,0.287687682337419
"1098","LRF_poorrec_25_yrfwd",95,2068.63,1307.9,0.139546,0.034,1131.3335,1.82848823976308,0.243647256101931,1903.18,1294.71,0.139435,0.037,1119.92415,1.69938294481818,0.265356617778893,"LRF_poorrec_25_yrfwd-95","LRF_poorrec_25_yrfwd",0.0882352941176469,-0.010084868873767,0.0891016054286309,-0.000795436630215126,-0.0799804701662453,-0.0100848688737671,-0.070607670389842
"1099","LRF_poorrec_25_yrfwd",97,2124.95,1307.9,0.139546,0.031,1131.3335,1.8782702006084,0.222148968798819,2273.44,1289.26,0.139613,0.029,1115.2099,2.03857587706135,0.207717046406853,"LRF_poorrec_25_yrfwd-97","LRF_poorrec_25_yrfwd",-0.064516129032258,-0.0142518541172872,-0.064965065874492,0.000480128416436041,0.0698792912774419,-0.0142518541172873,0.0853475055937253
"1100","LRF_poorrec_25_yrfwd",99,2131.56,1307.9,0.139546,0.026,1131.3335,1.88411286327153,0.1863184899603,2403.1,1301.16,0.139676,0.023,1125.5034,2.1351334878242,0.164666800309287,"LRF_poorrec_25_yrfwd-99","LRF_poorrec_25_yrfwd",-0.115384615384615,-0.00515329918189455,-0.116207949386162,0.000931592449801436,0.127390268160408,-0.00515329918189465,0.133230142124718
"1101","LRF_SQ_25_yrfwd",1,3389.28,1320.58,0.133915,0.033,1142.3017,2.96706202923448,0.246424971063734,2494.8,1312.94,0.1343,0.043,1135.6931,2.19672022309548,0.32017870439315,"LRF_SQ_25_yrfwd-1","LRF_SQ_25_yrfwd",0.303030303030303,-0.00578533674597527,0.299294884812383,0.00287495799574354,-0.263914459708257,-0.00578533674597516,-0.259631176749531
"1102","LRF_SQ_25_yrfwd",10,2948.63,1320.58,0.133915,0.036,1142.3017,2.58130579688361,0.268827241160438,3855.51,1304.57,0.133812,0.028,1128.45305,3.41663306240344,0.209248796819418,"LRF_SQ_25_yrfwd-10","LRF_SQ_25_yrfwd",-0.222222222222222,-0.0121234609035425,-0.221623538164655,-0.000769144606653622,0.307559782000454,-0.0121234609035424,0.323606473331566
"1103","LRF_SQ_25_yrfwd",100,2337.48,1320.58,0.133915,0.038,1142.3017,2.04628952228645,0.283762087891573,2827.16,1313.98,0.133993,0.031,1136.5927,2.48739939997855,0.231355369310337,"LRF_SQ_25_yrfwd-100","LRF_SQ_25_yrfwd",-0.184210526315789,-0.00499780399521428,-0.184685413652795,0.000582459022514242,0.209490562486096,-0.00499780399521416,0.215565721706486
"1104","LRF_SQ_25_yrfwd",103,3649.67,1320.58,0.133915,0.041,1142.3017,3.19501406677413,0.306164357988276,3514.73,1313.34,0.133889,0.042,1136.0391,3.09384597766045,0.313692685732211,"LRF_SQ_25_yrfwd-103","LRF_SQ_25_yrfwd",0.024390243902439,-0.00548243953414411,0.0245891709714399,-0.000194153007504747,-0.0369732057966885,-0.0054824395341441,-0.0316643642247939
"1105","LRF_SQ_25_yrfwd",104,3114.66,1320.58,0.133915,0.036,1142.3017,2.72665268728918,0.268827241160438,2455.11,1336.38,0.133878,0.047,1155.9687,2.12385508361948,0.351065895815593,"LRF_SQ_25_yrfwd-104","LRF_SQ_25_yrfwd",0.305555555555556,0.0119644398673311,0.305916373281811,-0.000276294664526074,-0.211756660438057,0.0119644398673312,-0.221076049208526
"1106","LRF_SQ_25_yrfwd",106,3809.82,1320.58,0.133915,0.035,1142.3017,3.33521345542951,0.26135981779487,3699.21,1326.92,0.133943,0.036,1147.7858,3.22290971015672,0.268771044399483,"LRF_SQ_25_yrfwd-106","LRF_SQ_25_yrfwd",0.0285714285714284,0.00480092080752408,0.0283564117359089,0.000209087854235898,-0.0290328676945368,0.00480092080752408,-0.0336721312664301
"1107","LRF_SQ_25_yrfwd",107,3354.52,1320.58,0.133915,0.035,1142.3017,2.93663223997653,0.26135981779487,3451.19,1322.5,0.134221,0.034,1143.9625,3.01687336778959,0.253313564941403,"LRF_SQ_25_yrfwd-107","LRF_SQ_25_yrfwd",-0.0285714285714286,0.00145390661678969,-0.0307861128820591,0.00228503154986372,0.0288178338480617,0.00145390661678965,0.0273242003955185
"1108","LRF_SQ_25_yrfwd",108,2860.95,1320.58,0.133915,0.033,1142.3017,2.50454849187391,0.246424971063734,2571.66,1337.02,0.133914,0.036,1156.5223,2.22361471110414,0.26882924862225,"LRF_SQ_25_yrfwd-108","LRF_SQ_25_yrfwd",0.0909090909090908,0.0124490754062608,0.0909172372499581,-7.46742336557518e-06,-0.101116761914749,0.0124490754062609,-0.112169431608636
"1109","LRF_SQ_25_yrfwd",11,2955.35,1320.58,0.133915,0.031,1142.3017,2.58718865602669,0.231490124332599,2882.4,1322.2,0.134137,0.031,1143.703,2.52023471128431,0.231107002542177,"LRF_SQ_25_yrfwd-11","LRF_SQ_25_yrfwd",0,0.00122673370791621,-0.00165502434078596,0.00165776798715603,-0.0246840475747373,0.00122673370791631,-0.025879034598583
"1110","LRF_SQ_25_yrfwd",110,4124.28,1320.58,0.133915,0.036,1142.3017,3.61049974800878,0.268827241160438,3811.82,1319.37,0.133886,0.039,1141.25505,3.34002465093145,0.291292592205309,"LRF_SQ_25_yrfwd-110","LRF_SQ_25_yrfwd",0.0833333333333334,-0.000916264065789274,0.0835679856992767,-0.000216555277601473,-0.0757611025439591,-0.000916264065789302,-0.0749134790070272
"1111","LRF_SQ_25_yrfwd",111,3924.29,1320.58,0.133915,0.036,1142.3017,3.43542340871943,0.268827241160438,4088.1,1295.87,0.134047,0.035,1120.92755,3.64706889397089,0.261102449140973,"LRF_SQ_25_yrfwd-111","LRF_SQ_25_yrfwd",-0.0277777777777776,-0.0187114752608703,-0.0287351534246277,0.000985699884254887,0.0417425827347112,-0.0187114752608703,0.0616068123405936
"1112","LRF_SQ_25_yrfwd",112,4897.74,1320.58,0.133915,0.035,1142.3017,4.28760633027159,0.26135981779487,4211.77,1320.84,0.133807,0.04,1142.5266,3.68636493889945,0.298938022674449,"LRF_SQ_25_yrfwd-112","LRF_SQ_25_yrfwd",0.142857142857143,0.0001968831876902,0.143779580184253,-0.00080648172348129,-0.140058475950132,0.00019688318769025,-0.140227750651271
"1113","LRF_SQ_25_yrfwd",114,3729.5,1320.58,0.133915,0.03,1142.3017,3.26489928186223,0.224022700967031,4232.53,1328.51,0.133911,0.026,1149.16115,3.68314748545058,0.194158806968808,"LRF_SQ_25_yrfwd-114","LRF_SQ_25_yrfwd",-0.133333333333333,0.00600493722455278,-0.133307445492404,-2.98696934623007e-05,0.134878670063011,0.0060049372245529,0.128104473516805
"1114","LRF_SQ_25_yrfwd",115,4941.29,1320.58,0.133915,0.028,1142.3017,4.3257311093908,0.209087854235896,4113.88,1304.97,0.133833,0.035,1128.79905,3.64447507286616,0.261519953972488,"LRF_SQ_25_yrfwd-115","LRF_SQ_25_yrfwd",0.25,-0.0118205636917111,0.250765879865205,-0.000612328715976543,-0.167448176488326,-0.0118205636917111,-0.157489224202053
"1115","LRF_SQ_25_yrfwd",116,2522.39,1320.58,0.133915,0.037,1142.3017,2.20816444552258,0.276294664526005,3341.89,1308.76,0.134239,0.027,1132.0774,2.95199780509707,0.201133798672517,"LRF_SQ_25_yrfwd-116","LRF_SQ_25_yrfwd",-0.27027027027027,-0.008950612609611,-0.272031550020808,0.00241944517044387,0.324890282628777,-0.00895061260961088,0.336855962463637
"1116","LRF_SQ_25_yrfwd",117,2825.99,1320.58,0.133915,0.035,1142.3017,2.47394361752241,0.26135981779487,3504.54,1345.15,0.133941,0.029,1163.55475,3.0119253090583,0.216513240904577,"LRF_SQ_25_yrfwd-117","LRF_SQ_25_yrfwd",-0.171428571428571,0.0186054612367293,-0.171589409836101,0.000194153007504747,0.240110545331017,0.0186054612367294,0.217459156193164
"1117","LRF_SQ_25_yrfwd",118,4104.48,1320.58,0.133915,0.028,1142.3017,3.59316632374792,0.209087854235896,4257.93,1340.33,0.134123,0.027,1159.38545,3.6725749835829,0.201307754822066,"LRF_SQ_25_yrfwd-118","LRF_SQ_25_yrfwd",-0.0357142857142857,0.0149555498341638,-0.0372097147501068,0.00155322406003798,0.0373859782481583,0.0149555498341638,0.0220999120775876
"1118","LRF_SQ_25_yrfwd",12,4176.37,1320.58,0.133915,0.031,1142.3017,3.65610066062232,0.231490124332599,3835.54,1324.45,0.134107,0.033,1145.64925,3.34791822191652,0.246072166255304,"LRF_SQ_25_yrfwd-12","LRF_SQ_25_yrfwd",0.0645161290322581,0.00293053052446648,0.0629920691638381,0.00143374528618898,-0.0816091486147061,0.00293053052446661,-0.0842926569350361
"1119","LRF_SQ_25_yrfwd",120,4777.76,1320.58,0.133915,0.04,1142.3017,4.18257278265453,0.298696934622708,4199.69,1324.73,0.133733,0.045,1145.89145,3.66499811129579,0.336491367127037,"LRF_SQ_25_yrfwd-120","LRF_SQ_25_yrfwd",0.125,0.00314255857274842,0.126531035720428,-0.00135907105253344,-0.120991845551053,0.00314255857274841,-0.123745526558476
"1120","LRF_SQ_25_yrfwd",121,2579.3,1320.58,0.133915,0.04,1142.3017,2.25798490889053,0.298696934622708,3186.51,1315.66,0.134032,0.034,1138.0459,2.79998372649117,0.253670765190402,"LRF_SQ_25_yrfwd-121","LRF_SQ_25_yrfwd",-0.15,-0.00372563570552325,-0.150741986988182,0.000873688533771467,0.235416585895398,-0.00372563570552321,0.240036510193929
"1121","LRF_SQ_25_yrfwd",122,3091.43,1320.58,0.133915,0.023,1142.3017,2.70631655367404,0.171750737408057,3749.46,1313.02,0.134056,0.019,1135.7623,3.30127175378158,0.141731813570448,"LRF_SQ_25_yrfwd-122","LRF_SQ_25_yrfwd",-0.173913043478261,-0.00572475730360912,-0.174781921117976,0.00105290669454506,0.212856186295663,-0.00572475730360898,0.219839471217747
"1122","LRF_SQ_25_yrfwd",123,4499,1320.58,0.133915,0.039,1142.3017,3.93853917927287,0.291229511257141,4589.05,1334.69,0.133872,0.038,1154.50685,3.97490062531894,0.283853232938927,"LRF_SQ_25_yrfwd-123","LRF_SQ_25_yrfwd",-0.0256410256410257,0.0106846991473444,-0.0253280592559904,-0.000321099204719525,0.0200155590131141,0.0106846991473444,0.0092322164109555
"1123","LRF_SQ_25_yrfwd",125,3746.59,1320.58,0.133915,0.031,1142.3017,3.27986030310556,0.231490124332599,3340.45,1317.98,0.134023,0.035,1140.0527,2.93008384612396,0.261149205733344,"LRF_SQ_25_yrfwd-125","LRF_SQ_25_yrfwd",0.129032258064516,-0.00196883187690259,0.128122447928413,0.00080648172348129,-0.108402574074025,-0.0019688318769025,-0.106643705724423
"1124","LRF_SQ_25_yrfwd",127,2886.68,1320.58,0.133915,0.031,1142.3017,2.52707318915835,0.231490124332599,3210.5,1318.77,0.134006,0.028,1140.73605,2.81441092354362,0.208945868095458,"LRF_SQ_25_yrfwd-127","LRF_SQ_25_yrfwd",-0.0967741935483871,-0.00137060988353603,-0.0973875507740866,0.000679535526266512,0.112177310959303,-0.00137060988353598,0.113703764346047
"1125","LRF_SQ_25_yrfwd",128,3032.55,1320.58,0.133915,0.033,1142.3017,2.65477150213468,0.246424971063734,3352.36,1330.16,0.134019,0.029,1150.5884,2.91360489989296,0.216387228676531,"LRF_SQ_25_yrfwd-128","LRF_SQ_25_yrfwd",-0.121212121212121,0.0072543882233565,-0.12189406884189,0.00077661203001899,0.105459102075811,0.00725438822335652,0.0974974296470154
"1126","LRF_SQ_25_yrfwd",14,3771,1320.58,0.133915,0.031,1142.3017,3.30122943877261,0.231490124332599,3822.83,1309.07,0.134141,0.031,1132.34555,3.37602775053958,0.23110011107715,"LRF_SQ_25_yrfwd-14","LRF_SQ_25_yrfwd",0,-0.00871586727044176,-0.00168479435817537,0.00168763768061833,0.0137443648899496,-0.00871586727044177,0.0226577137864054
"1127","LRF_SQ_25_yrfwd",15,4128.07,1320.58,0.133915,0.034,1142.3017,3.61381761053144,0.253892394429302,3437.15,1320.45,0.134157,0.041,1142.18925,3.00926488320565,0.305612081367353,"LRF_SQ_25_yrfwd-15","LRF_SQ_25_yrfwd",0.205882352941176,-9.84415938450003e-05,0.203707114009091,0.00180711645446733,-0.167371192833455,-9.84415938450391e-05,-0.167289219457006
"1128","LRF_SQ_25_yrfwd",16,2953.21,1320.58,0.133915,0.028,1142.3017,2.58531524552577,0.209087854235896,2984.26,1310.09,0.133757,0.028,1133.22785,2.63341568952793,0.209334838550506,"LRF_SQ_25_yrfwd-16","LRF_SQ_25_yrfwd",0,-0.0079434793802723,0.00118124658896374,-0.00117985289175984,0.0105139830895873,-0.00794347938027231,0.0186052529127368
"1129","LRF_SQ_25_yrfwd",17,2320.8,1320.58,0.133915,0.029,1142.3017,2.03168742548488,0.216555277601464,2733.74,1312.71,0.133765,0.025,1135.49415,2.4075333193042,0.186894927671663,"LRF_SQ_25_yrfwd-17","LRF_SQ_25_yrfwd",-0.137931034482759,-0.00595950264277817,-0.136964336581009,-0.00112011350483524,0.17793002412961,-0.00595950264277809,0.184991987007855
"1130","LRF_SQ_25_yrfwd",19,3956.68,1320.58,0.133915,0.03,1142.3017,3.46377843961889,0.224022700967031,3664.97,1324.66,0.134143,0.033,1145.8309,3.19852606523353,0.246006127789001,"LRF_SQ_25_yrfwd-19","LRF_SQ_25_yrfwd",0.1,0.00308955156067804,0.0981303534288036,0.00170257252734948,-0.0737259520608187,0.003089551560678,-0.076578909133269
"1131","LRF_SQ_25_yrfwd",2,2317.4,1320.58,0.133915,0.032,1142.3017,2.02871097889463,0.238957547698167,2487.61,1314.43,0.133892,0.03,1136.98195,2.18790632516198,0.224061183640546,"LRF_SQ_25_yrfwd-2","LRF_SQ_25_yrfwd",-0.0625000000000001,-0.00465704463190406,-0.0623389560242584,-0.000171750737408022,0.0734486925002158,-0.00465704463190406,0.0784711809240012
"1132","LRF_SQ_25_yrfwd",20,3730.11,1320.58,0.133915,0.036,1142.3017,3.26543329139754,0.268827241160438,4110.19,1315.75,0.134153,0.033,1138.12375,3.61137354351844,0.245987790060602,"LRF_SQ_25_yrfwd-20","LRF_SQ_25_yrfwd",-0.0833333333333332,-0.00365748383286133,-0.0849595859454004,0.00177724676100503,0.101895118374525,-0.00365748383286126,0.105940076323793
"1133","LRF_SQ_25_yrfwd",21,3156.85,1320.58,0.133915,0.034,1142.3017,2.76358688777229,0.253892394429302,3370.07,1325.35,0.134063,0.032,1146.42775,2.9396270283932,0.238693748461544,"LRF_SQ_25_yrfwd-21","LRF_SQ_25_yrfwd",-0.0588235294117648,0.00361204925108651,-0.059862549258009,0.00110517865810388,0.0675420118155757,0.00361204925108663,0.0636998754769783
"1134","LRF_SQ_25_yrfwd",22,2872.96,1320.58,0.133915,0.038,1142.3017,2.51506235174123,0.283762087891573,3250.86,1344.98,0.133938,0.033,1163.4077,2.79425690581212,0.246382654661112,"LRF_SQ_25_yrfwd-22","LRF_SQ_25_yrfwd",-0.131578947368421,0.0184767299217011,-0.131728073712032,0.000171750737408022,0.131536812207619,0.0184767299217011,0.111008998992652
"1135","LRF_SQ_25_yrfwd",23,3467.27,1320.58,0.133915,0.03,1142.3017,3.03533646146198,0.224022700967031,3450.95,1318.1,0.133987,0.03,1140.1565,3.02673361069292,0.223902318881683,"LRF_SQ_25_yrfwd-23","LRF_SQ_25_yrfwd",0,-0.00187796271335336,-0.000537365565315965,0.000537654482320791,-0.00470687313073403,-0.00187796271335324,-0.00283423300127806
"1136","LRF_SQ_25_yrfwd",26,2648.64,1320.58,0.133915,0.034,1142.3017,2.31868691082225,0.253892394429302,3164.11,1311.56,0.133979,0.028,1134.4994,2.78899221982841,0.208987975727539,"LRF_SQ_25_yrfwd-26","LRF_SQ_25_yrfwd",-0.176470588235294,-0.00683033212679283,-0.176863977366075,0.00047791509539619,0.19461685997342,-0.00683033212679276,0.202832606166473
"1137","LRF_SQ_25_yrfwd",27,4722.58,1320.58,0.133915,0.04,1142.3017,4.13426680534573,0.298696934622708,4183.51,1300.72,0.134301,0.046,1125.1228,3.7182696857623,0.34251420317049,"LRF_SQ_25_yrfwd-27","LRF_SQ_25_yrfwd",0.15,-0.0150388465674172,0.146694737939405,0.00288242541910912,-0.114147351659474,-0.0150388465674173,-0.100621740001283
"1138","LRF_SQ_25_yrfwd",28,2978.17,1320.58,0.133915,0.036,1142.3017,2.60716586520006,0.268827241160438,2941.79,1314.08,0.133916,0.036,1136.6792,2.58805650706022,0.268825233728606,"LRF_SQ_25_yrfwd-28","LRF_SQ_25_yrfwd",0,-0.00492207969225639,-7.46736760356264e-06,7.46742336557518e-06,-0.0122155551899321,-0.00492207969225643,-0.0073295521374045
"1139","LRF_SQ_25_yrfwd",29,3705.68,1320.58,0.133915,0.032,1142.3017,3.24404664722113,0.238957547698167,3453.19,1328.2,0.133737,0.034,1148.893,3.00566719442106,0.254230317713124,"LRF_SQ_25_yrfwd-29","LRF_SQ_25_yrfwd",0.0625000000000001,0.00577019188538374,0.0639141561422794,-0.00132920135907114,-0.068135942660996,0.00577019188538378,-0.0734821285644167
"1140","LRF_SQ_25_yrfwd",3,3571.45,1320.58,0.133915,0.03,1142.3017,3.12653828668906,0.224022700967031,3954.71,1306.74,0.133923,0.028,1130.3301,3.49872130274156,0.209075364201817,"LRF_SQ_25_yrfwd-3","LRF_SQ_25_yrfwd",-0.0666666666666666,-0.0104802435293584,-0.0667224200971203,5.97393869243942e-05,0.107312156127063,-0.0104802435293583,0.119039967505607
"1141","LRF_SQ_25_yrfwd",30,2894.74,1320.58,0.133915,0.034,1142.3017,2.53412911842817,0.253892394429302,3596.17,1315.49,0.134071,0.028,1137.89885,3.1603599915757,0.20884456743069,"LRF_SQ_25_yrfwd-30","LRF_SQ_25_yrfwd",-0.176470588235294,-0.00385436702055153,-0.177428816250564,0.00116491804502848,0.242311917477908,-0.00385436702055151,0.247118770939328
"1142","LRF_SQ_25_yrfwd",31,3400.42,1320.58,0.133915,0.031,1142.3017,2.97681426894489,0.231490124332599,3223.81,1319.4,0.134078,0.033,1141.281,2.82472940494059,0.246125389698534,"LRF_SQ_25_yrfwd-31","LRF_SQ_25_yrfwd",0.0645161290322581,-0.000893546774901767,0.0632219858541659,0.00121719000858751,-0.0519377018133055,-0.000893546774901813,-0.0510898061699371
"1143","LRF_SQ_25_yrfwd",33,3019.94,1320.58,0.133915,0.032,1142.3017,2.64373238698673,0.238957547698167,3067.24,1306.61,0.133809,0.032,1130.21765,2.71384896528558,0.239146843635331,"LRF_SQ_25_yrfwd-33","LRF_SQ_25_yrfwd",0,-0.0105786851232036,0.000792173919542051,-0.00079154687675014,0.0156625628323741,-0.0105786851232035,0.0265218138734409
"1144","LRF_SQ_25_yrfwd",35,3366.17,1320.58,0.133915,0.034,1142.3017,2.94683094667547,0.253892394429302,3393.07,1326.02,0.133582,0.033,1147.0073,2.958193901643,0.247039271758171,"LRF_SQ_25_yrfwd-35","LRF_SQ_25_yrfwd",-0.0294117647058824,0.00411940208090385,-0.0269922330148391,-0.00248665198073405,0.0079912779211983,0.00411940208090389,0.00385599146104592
"1145","LRF_SQ_25_yrfwd",36,2515.1,1320.58,0.133915,0.035,1142.3017,2.2017825938629,0.26135981779487,2805.75,1296.98,0.134156,0.032,1121.8877,2.50091876397254,0.238528280509258,"LRF_SQ_25_yrfwd-36","LRF_SQ_25_yrfwd",-0.0857142857142858,-0.0178709354980387,-0.0873567233029351,0.00179964903110175,0.115562005486859,-0.0178709354980387,0.135860902408547
"1146","LRF_SQ_25_yrfwd",38,3123.35,1320.58,0.133915,0.038,1142.3017,2.73426013460367,0.283762087891573,3433.41,1301.59,0.1339,0.037,1125.87535,3.04954718122215,0.276325616131441,"LRF_SQ_25_yrfwd-38","LRF_SQ_25_yrfwd",-0.0263157894736842,-0.0143800451316845,-0.0262067135725796,-0.000112011350483628,0.099271615412938,-0.0143800451316846,0.11530982097436
"1147","LRF_SQ_25_yrfwd",4,3228.38,1320.58,0.133915,0.036,1142.3017,2.82620607147831,0.268827241160438,3239.51,1306.31,0.133765,0.036,1129.95815,2.86692918671369,0.269128695847195,"LRF_SQ_25_yrfwd-4","LRF_SQ_25_yrfwd",0,-0.0108058580320769,0.00112136956603003,-0.00112011350483524,0.00344754954497305,-0.0108058580320768,0.0144091103781649
"1148","LRF_SQ_25_yrfwd",40,4052.18,1320.58,0.133915,0.033,1142.3017,3.54738157178616,0.246424971063734,3804.4,1309.87,0.133911,0.035,1133.03755,3.35769983969199,0.261367624765703,"LRF_SQ_25_yrfwd-40","LRF_SQ_25_yrfwd",0.0606060606060607,-0.00811007284677962,0.0606377415302748,-2.98696934623007e-05,-0.0611473330404868,-0.00811007284677947,-0.0534709131949016
"1149","LRF_SQ_25_yrfwd",41,2952.51,1320.58,0.133915,0.039,1142.3017,2.58470244769836,0.291229511257141,2514.97,1313.09,0.133921,0.047,1135.82285,2.21422733307399,0.350953173886097,"LRF_SQ_25_yrfwd-41","LRF_SQ_25_yrfwd",0.205128205128205,-0.00567175029153854,0.205074212332223,4.48045401934511e-05,-0.148192554809298,-0.00567175029153857,-0.143333757800351
"1150","LRF_SQ_25_yrfwd",42,4423.19,1320.58,0.133915,0.03,1142.3017,3.872173174565,0.224022700967031,4243.11,1299.21,0.134155,0.031,1123.81665,3.77562478719282,0.23107599418583,"LRF_SQ_25_yrfwd-42","LRF_SQ_25_yrfwd",0.0333333333333334,-0.01618228354208,0.0314847253798468,0.00179218160773618,-0.0407126983014521,-0.0161822835420799,-0.0249339022351518
"1151","LRF_SQ_25_yrfwd",43,3505.53,1320.58,0.133915,0.036,1142.3017,3.06883023985695,0.268827241160438,3751.43,1311.93,0.134098,0.033,1134.81945,3.30575053150525,0.246088681412102,"LRF_SQ_25_yrfwd-43","LRF_SQ_25_yrfwd",-0.0833333333333332,-0.00655015220584896,-0.0845842841305113,0.00136653847589881,0.070146311684681,-0.00655015220584884,0.0772021497218266
"1152","LRF_SQ_25_yrfwd",44,2920.03,1320.58,0.133915,0.03,1142.3017,2.55626862850681,0.224022700967031,3453.14,1333.78,0.133969,0.027,1153.7197,2.99304935158861,0.201539162044951,"LRF_SQ_25_yrfwd-44","LRF_SQ_25_yrfwd",-0.1,0.00999560799042835,-0.100362770491681,0.000403240861740645,0.182570042088609,0.00999560799042848,0.170866519352048
"1153","LRF_SQ_25_yrfwd",47,2497.94,1320.58,0.133915,0.033,1142.3017,2.18676029283682,0.246424971063734,2562.68,1314.83,0.133897,0.032,1137.32795,2.25324630419924,0.238989671165149,"LRF_SQ_25_yrfwd-47","LRF_SQ_25_yrfwd",-0.0303030303030303,-0.00435414742007309,-0.0301726723005765,-0.000134413620580353,0.0259173559012626,-0.004354147420073,0.0304038863245358
"1154","LRF_SQ_25_yrfwd",48,2816.64,1320.58,0.133915,0.033,1142.3017,2.46575838939923,0.246424971063734,2628.18,1311.4,0.134019,0.036,1134.361,2.31688148658143,0.2686186287019,"LRF_SQ_25_yrfwd-48","LRF_SQ_25_yrfwd",0.0909090909090908,-0.00695149101152513,0.0900625352307576,0.00077661203001899,-0.066909509202454,-0.00695149101152512,-0.0603777334623888
"1155","LRF_SQ_25_yrfwd",49,2377.55,1320.58,0.133915,0.033,1142.3017,2.081367820778,0.246424971063734,2568.15,1300.83,0.134109,0.03,1125.21795,2.2823578312095,0.223698633201351,"LRF_SQ_25_yrfwd-49","LRF_SQ_25_yrfwd",-0.090909090909091,-0.0149555498341638,-0.0922241677224565,0.00144868013292013,0.0801665580113982,-0.0149555498341638,0.096566310108694
"1156","LRF_SQ_25_yrfwd",5,5596.85,1320.58,0.133915,0.037,1142.3017,4.89962502900941,0.276294664526005,4835.47,1311.2,0.134179,0.044,1134.188,4.26337608932558,0.327920166344957,"LRF_SQ_25_yrfwd-5","LRF_SQ_25_yrfwd",0.189189189189189,-0.00710293961744072,0.186849434488782,0.00197139976850977,-0.136037235230531,-0.00710293961744073,-0.129856659625332
"1157","LRF_SQ_25_yrfwd",50,4274.3,1320.58,0.133915,0.034,1142.3017,3.74183107667615,0.253892394429302,4367.93,1334,0.133828,0.033,1153.91,3.78532987841339,0.246585169022925,"LRF_SQ_25_yrfwd-50","LRF_SQ_25_yrfwd",-0.0294117647058824,0.0101622014569357,-0.0287807967733825,-0.000649665832804419,0.0219053412254638,0.0101622014569356,0.0116250041345749
"1158","LRF_SQ_25_yrfwd",51,3016.54,1320.58,0.133915,0.041,1142.3017,2.64075594039648,0.306164357988276,3181.31,1322.63,0.134178,0.041,1144.07495,2.78068320611338,0.305564250473252,"LRF_SQ_25_yrfwd-51","LRF_SQ_25_yrfwd",0,0.00155234821063489,-0.00196008287498681,0.0019639323451442,0.0546221830308897,0.00155234821063486,0.0529875796458057
"1159","LRF_SQ_25_yrfwd",52,3171.92,1320.58,0.133915,0.034,1142.3017,2.77677954957084,0.253892394429302,3391.41,1304.48,0.134166,0.032,1128.3752,3.005569424071,0.238510501915537,"LRF_SQ_25_yrfwd-52","LRF_SQ_25_yrfwd",-0.0588235294117648,-0.0121916127762044,-0.0605842981170824,0.0018743232647575,0.0691978360109964,-0.0121916127762043,0.0823939640925133
"1160","LRF_SQ_25_yrfwd",54,3569.31,1320.58,0.133915,0.029,1142.3017,3.12466487618814,0.216555277601464,3191.35,1312.77,0.134063,0.032,1135.54605,2.81041002256139,0.238693748461544,"LRF_SQ_25_yrfwd-54","LRF_SQ_25_yrfwd",0.103448275862069,-0.00591406806100355,0.102230114663024,0.00110517865810388,-0.105891614905962,-0.00591406806100346,-0.100572338499901
"1161","LRF_SQ_25_yrfwd",55,4035.93,1320.58,0.133915,0.037,1142.3017,3.53315590793571,0.276294664526005,3282.77,1323.54,0.133891,0.046,1144.8621,2.86739337427626,0.343563047553607,"LRF_SQ_25_yrfwd-55","LRF_SQ_25_yrfwd",0.243243243243243,0.00224143936755069,0.243466094949765,-0.000179218160773597,-0.186613742061929,0.00224143936755065,-0.188432820687053
"1162","LRF_SQ_25_yrfwd",56,4287.72,1320.58,0.133915,0.032,1142.3017,3.75357928645296,0.238957547698167,3716.44,1316.71,0.133992,0.038,1138.95415,3.26302863025698,0.283599020837065,"LRF_SQ_25_yrfwd-56","LRF_SQ_25_yrfwd",0.1875,-0.00293053052446648,0.186817589856111,0.000574991599148667,-0.133236312072617,-0.00293053052446644,-0.130688768974836
"1163","LRF_SQ_25_yrfwd",57,3255.8,1320.58,0.133915,0.031,1142.3017,2.8502102378032,0.231490124332599,3338.51,1330.66,0.133963,0.03,1151.0209,2.90047730671094,0.223942431865515,"LRF_SQ_25_yrfwd-57","LRF_SQ_25_yrfwd",-0.0322580645161291,0.00763300973814536,-0.0326048140880498,0.000358436321547194,0.0254038945881197,0.00763300973814548,0.0176362670518233
"1164","LRF_SQ_25_yrfwd",58,2661.49,1320.58,0.133915,0.035,1142.3017,2.32993612808245,0.26135981779487,2984.32,1322.72,0.134359,0.031,1144.1528,2.60832294427807,0.230725146808178,"LRF_SQ_25_yrfwd-58","LRF_SQ_25_yrfwd",-0.114285714285714,0.00162050008329681,-0.117212627576652,0.00331553597431206,0.121296717252366,0.00162050008329681,0.119482595612926
"1165","LRF_SQ_25_yrfwd",59,2163.5,1320.58,0.133915,0.031,1142.3017,1.8939829994125,0.231490124332599,3083.23,1314,0.133906,0.021,1136.61,2.71265429654851,0.156826430481084,"LRF_SQ_25_yrfwd-59","LRF_SQ_25_yrfwd",-0.32258064516129,-0.00498265913462274,-0.32253511490728,-6.72068102901766e-05,0.425112086896233,-0.00498265913462261,0.432248492932593
"1166","LRF_SQ_25_yrfwd",6,2771.59,1320.58,0.133915,0.037,1142.3017,2.42632047207844,0.276294664526005,2339.86,1310.72,0.133966,0.045,1133.7728,2.06378209108562,0.335906125434812,"LRF_SQ_25_yrfwd-6","LRF_SQ_25_yrfwd",0.216216216216216,-0.00746641627163824,0.215753210475752,0.00038083859164392,-0.15576979279042,-0.00746641627163814,-0.149419000978983
"1167","LRF_SQ_25_yrfwd",60,2545.78,1320.58,0.133915,0.038,1142.3017,2.22864064721255,0.283762087891573,2951.16,1320.67,0.134066,0.033,1142.37955,2.5833445635472,0.246147419927498,"LRF_SQ_25_yrfwd-60","LRF_SQ_25_yrfwd",-0.131578947368421,6.81518726621223e-05,-0.132557059484449,0.00112758092820061,0.159236069102593,6.81518726621223e-05,0.159157070377537
"1168","LRF_SQ_25_yrfwd",61,2260.05,1320.58,0.133915,0.027,1142.3017,1.97850532832088,0.201620430870328,3094.6,1331.94,0.133935,0.019,1152.1281,2.68598604616969,0.141859857393512,"LRF_SQ_25_yrfwd-61","LRF_SQ_25_yrfwd",-0.296296296296296,0.00860228081600522,-0.296401377672143,0.000149348467311296,0.369261741996858,0.00860228081600519,0.35758342811704
"1169","LRF_SQ_25_yrfwd",63,2211.61,1320.58,0.133915,0.036,1142.3017,1.93609971866452,0.268827241160438,2560.69,1354.03,0.133929,0.031,1171.23595,2.18631438012127,0.231465925975704,"LRF_SQ_25_yrfwd-63","LRF_SQ_25_yrfwd",-0.138888888888889,0.0253297793393812,-0.138978903415657,0.000104543927117845,0.157839763791989,0.0253297793393812,0.129236453600307
"1170","LRF_SQ_25_yrfwd",64,2721.74,1320.58,0.133915,0.03,1142.3017,2.38268051251259,0.224022700967031,2733.31,1316.03,0.133765,0.03,1138.36595,2.4010820070646,0.224273913205996,"LRF_SQ_25_yrfwd-64","LRF_SQ_25_yrfwd",0,-0.00344545578457959,0.00112136956603011,-0.00112011350483524,0.00425095710832047,-0.00344545578457947,0.00772302222449801
"1171","LRF_SQ_25_yrfwd",65,3581,1320.58,0.133915,0.031,1142.3017,3.13489859990579,0.231490124332599,3958.11,1324.41,0.133811,0.028,1145.61465,3.45500993724199,0.209250360583211,"LRF_SQ_25_yrfwd-65","LRF_SQ_25_yrfwd",-0.0967741935483871,0.00290024080328341,-0.0960721923386886,-0.00077661203001899,0.105308573024295,0.00290024080328352,0.102112182303383
"1172","LRF_SQ_25_yrfwd",66,3850.34,1320.58,0.133915,0.033,1142.3017,3.37068569538153,0.246424971063734,3515.58,1296.6,0.133918,0.037,1121.559,3.13454753606364,0.276288475036963,"LRF_SQ_25_yrfwd-66","LRF_SQ_25_yrfwd",0.121212121212121,-0.0181586878492784,0.121187004078027,2.24022700967255e-05,-0.0869429712700697,-0.0181586878492784,-0.0700564160109738
"1173","LRF_SQ_25_yrfwd",69,3023.17,1320.58,0.133915,0.034,1142.3017,2.64656001124747,0.253892394429302,3135.44,1299.09,0.134131,0.033,1123.71285,2.7902501960354,0.246028136672358,"LRF_SQ_25_yrfwd-69","LRF_SQ_25_yrfwd",-0.0294117647058824,-0.0162731527056294,-0.0309747669859185,0.00161296344696258,0.0371365156441748,-0.0162731527056294,0.0542931897169438
"1174","LRF_SQ_25_yrfwd",70,3916.39,1320.58,0.133915,0.035,1142.3017,3.42850754752444,0.26135981779487,3877,1312.63,0.13387,0.036,1135.42495,3.41458059381203,0.268917606633301,"LRF_SQ_25_yrfwd-70","LRF_SQ_25_yrfwd",0.0285714285714284,-0.00602008208514432,0.028917179779957,-0.000336034051450676,-0.0100577317376461,-0.00602008208514427,-0.00406210385112393
"1175","LRF_SQ_25_yrfwd",71,2955.32,1320.58,0.133915,0.031,1142.3017,2.58716239326266,0.231490124332599,3231.97,1304.95,0.134033,0.029,1128.78175,2.86323729099979,0.216364626621802,"LRF_SQ_25_yrfwd-71","LRF_SQ_25_yrfwd",-0.064516129032258,-0.0118357085523027,-0.0653397105142378,0.000881155957137042,0.093610844172543,-0.0118357085523027,0.106709535689012
"1176","LRF_SQ_25_yrfwd",72,2894.59,1320.58,0.133915,0.032,1142.3017,2.53399780460801,0.238957547698167,2997.78,1332.79,0.134135,0.031,1152.86335,2.60029083238703,0.231110448428822,"LRF_SQ_25_yrfwd-72","LRF_SQ_25_yrfwd",-0.03125,0.0092459373911462,-0.0328388843329482,0.00164283314042488,0.035649262935338,0.00924593739114634,0.0261614385215592
"1177","LRF_SQ_25_yrfwd",73,2782.29,1320.58,0.133915,0.03,1142.3017,2.43568752458304,0.224022700967031,3268.16,1323.48,0.134185,0.026,1144.8102,2.85476142682866,0.193762343033871,"LRF_SQ_25_yrfwd-73","LRF_SQ_25_yrfwd",-0.133333333333333,0.00219600478577587,-0.135077194420638,0.00201620430870323,0.174629531788563,0.00219600478577602,0.172055691879998
"1178","LRF_SQ_25_yrfwd",74,3278.82,1320.58,0.133915,0.026,1142.3017,2.87036253207012,0.19415300750476,3497.72,1321.28,0.134224,0.025,1142.9072,3.06037095575214,0.186255811181309,"LRF_SQ_25_yrfwd-74","LRF_SQ_25_yrfwd",-0.0384615384615384,0.000530070120704445,-0.0406751171405778,0.00230743381996045,0.0667618228509036,0.000530070120704573,0.0661966638565984
"1179","LRF_SQ_25_yrfwd",75,3776.55,1320.58,0.133915,0.032,1142.3017,3.30608805011846,0.238957547698167,3097.82,1319.35,0.13367,0.04,1141.23775,2.71443877491785,0.299244407870128,"LRF_SQ_25_yrfwd-75","LRF_SQ_25_yrfwd",0.25,-0.000931408926380813,0.252291089997756,-0.00182951872456405,-0.17972223325522,-0.000931408926380846,-0.178957506948253
"1180","LRF_SQ_25_yrfwd",76,2192.19,1320.58,0.133915,0.028,1142.3017,1.91909895608139,0.209087854235896,2645.72,1327.8,0.133955,0.023,1148.547,2.30353655531728,0.171699451308275,"LRF_SQ_25_yrfwd-76","LRF_SQ_25_yrfwd",-0.178571428571429,0.00546729467355257,-0.178816713501869,0.000298696934622593,0.206884439761152,0.00546729467355255,0.200321926088102
"1181","LRF_SQ_25_yrfwd",77,3868.41,1320.58,0.133915,0.036,1142.3017,3.38650463358323,0.268827241160438,4509.56,1321.3,0.134225,0.03,1142.9245,3.94563245428723,0.223505308251071,"LRF_SQ_25_yrfwd-77","LRF_SQ_25_yrfwd",-0.166666666666667,0.000545214981295984,-0.16859129570994,0.00231490124332603,0.165739929324968,0.000545214981296118,0.1651046967895
"1182","LRF_SQ_25_yrfwd",78,3512.29,1320.58,0.133915,0.035,1142.3017,3.07474811601874,0.26135981779487,3760.44,1303.71,0.13405,0.033,1127.70915,3.33458321234691,0.246176799701604,"LRF_SQ_25_yrfwd-78","LRF_SQ_25_yrfwd",-0.0571428571428572,-0.0127746899089795,-0.0580923962274205,0.00100810215435161,0.0706519108615747,-0.0127746899089793,0.0845061405109867
"1183","LRF_SQ_25_yrfwd",79,2449.02,1320.58,0.133915,0.034,1142.3017,2.14393447895595,0.253892394429302,2585.28,1328.85,0.13389,0.031,1149.45525,2.24913497067415,0.231533348270969,"LRF_SQ_25_yrfwd-79","LRF_SQ_25_yrfwd",-0.0882352941176471,0.00626239985460933,-0.0880650490086243,-0.000186685584139172,0.0556385819633977,0.00626239985460933,0.049068893079899
"1184","LRF_SQ_25_yrfwd",80,3180.91,1320.58,0.133915,0.031,1142.3017,2.78464962452564,0.231490124332599,3403.88,1303.22,0.134002,0.029,1127.2853,3.01953729016071,0.216414680377905,"LRF_SQ_25_yrfwd-80","LRF_SQ_25_yrfwd",-0.064516129032258,-0.0131457389934725,-0.0651234863610606,0.000649665832804419,0.0700962931991161,-0.0131457389934725,0.0843508869361188
"1185","LRF_SQ_25_yrfwd",81,3153.09,1320.58,0.133915,0.035,1142.3017,2.76029528801367,0.26135981779487,3266.76,1330.11,0.133938,0.034,1150.54515,2.839314910849,0.253848795711449,"LRF_SQ_25_yrfwd-81","LRF_SQ_25_yrfwd",-0.0285714285714286,0.00721652607187746,-0.0287382434943247,0.000171750737408022,0.0360503506084508,0.00721652607187749,0.0286272353463307
"1186","LRF_SQ_25_yrfwd",82,2900.5,1320.58,0.133915,0.027,1142.3017,2.53917156912224,0.201620430870328,3321.58,1319.7,0.134182,0.024,1141.5405,2.90973469622847,0.178861546258067,"LRF_SQ_25_yrfwd-82","LRF_SQ_25_yrfwd",-0.111111111111111,-0.000666373866028491,-0.112879853068552,0.0019938020386065,0.145174969832787,-0.000666373866028474,0.145938593363478
"1187","LRF_SQ_25_yrfwd",83,3307.72,1320.58,0.133915,0.035,1142.3017,2.89566232808723,0.26135981779487,3090.02,1319.87,0.134035,0.037,1141.68755,2.70653735341162,0.276047301078077,"LRF_SQ_25_yrfwd-83","LRF_SQ_25_yrfwd",0.057142857142857,-0.000537642551000413,0.0561964092534466,0.000896090803867985,-0.0658157280543697,-0.000537642551000346,-0.0653132006591857
"1188","LRF_SQ_25_yrfwd",84,2888.07,1320.58,0.133915,0.032,1142.3017,2.52829003055848,0.238957547698167,2715.25,1325.68,0.134155,0.033,1146.7132,2.36785449055614,0.24598412284298,"LRF_SQ_25_yrfwd-84","LRF_SQ_25_yrfwd",0.03125,0.0038619394508475,0.0294051190786778,0.00179218160773618,-0.0598392698237924,0.00386193945084746,-0.0634561454830003
"1189","LRF_SQ_25_yrfwd",85,4510.85,1320.58,0.133915,0.032,1142.3017,3.94891297106535,0.238957547698167,3880.85,1305.23,0.133904,0.037,1129.02395,3.43734957969669,0.276317361691958,"LRF_SQ_25_yrfwd-85","LRF_SQ_25_yrfwd",0.15625,-0.0116236805040209,0.156344984093082,-8.2141657021327e-05,-0.139663256370751,-0.0116236805040209,-0.129545369856719
"1190","LRF_SQ_25_yrfwd",86,4196.33,1320.58,0.133915,0.04,1142.3017,3.67357415295801,0.298696934622708,4646.31,1314.71,0.133937,0.037,1137.22415,4.08565892660651,0.276249281378559,"LRF_SQ_25_yrfwd-86","LRF_SQ_25_yrfwd",-0.0750000000000001,-0.00444501658362232,-0.0751519371047581,0.000164283314042447,0.107231795402173,-0.00444501658362227,0.112175433648638
"1191","LRF_SQ_25_yrfwd",87,3523.24,1320.58,0.133915,0.026,1142.3017,3.08433402489027,0.19415300750476,3003.61,1313.25,0.13437,0.031,1135.96125,2.64411308044178,0.230706258837538,"LRF_SQ_25_yrfwd-87","LRF_SQ_25_yrfwd",0.192307692307692,-0.00555059140680603,0.188270332778035,0.00339767763133318,-0.14748640455944,-0.00555059140680605,-0.142728038174837
"1192","LRF_SQ_25_yrfwd",88,3084.62,1320.58,0.133915,0.035,1142.3017,2.70035490623887,0.26135981779487,3547.48,1328.43,0.133901,0.031,1149.09195,3.08720289964611,0.231514327749606,"LRF_SQ_25_yrfwd-88","LRF_SQ_25_yrfwd",-0.114285714285714,0.00594435778218663,-0.114193108554614,-0.000104543927118053,0.150054139569866,0.00594435778218672,0.143258203769242
"1193","LRF_SQ_25_yrfwd",89,3240.16,1320.58,0.133915,0.034,1142.3017,2.83651858348806,0.253892394429302,2763.23,1324.08,0.134302,0.042,1145.3292,2.41260765900319,0.312728030855832,"LRF_SQ_25_yrfwd-89","LRF_SQ_25_yrfwd",0.235294117647059,0.00265035060352262,0.231734536825259,0.00288989284247469,-0.147193348476618,0.00265035060352269,-0.149447610515416
"1194","LRF_SQ_25_yrfwd",9,3587.53,1320.58,0.133915,0.034,1142.3017,3.14061512821,0.253892394429302,3704.11,1331.49,0.13386,0.032,1151.73885,3.21610233083654,0.239055729867025,"LRF_SQ_25_yrfwd-9","LRF_SQ_25_yrfwd",-0.0588235294117648,0.00826152145269501,-0.0584368216134504,-0.00041070828510622,0.0324958955047066,0.00826152145269509,0.0240358017601375
"1195","LRF_SQ_25_yrfwd",90,2811.6,1320.58,0.133915,0.033,1142.3017,2.46134624504192,0.246424971063734,3782.18,1329.06,0.134051,0.026,1149.6369,3.28989092121173,0.193956031659592,"LRF_SQ_25_yrfwd-90","LRF_SQ_25_yrfwd",-0.212121212121212,0.00642142089082069,-0.21292054606987,0.00101556957771719,0.345205576895718,0.00642142089082071,0.336622560860267
"1196","LRF_SQ_25_yrfwd",91,3168.88,1320.58,0.133915,0.03,1142.3017,2.77411825614897,0.224022700967031,3501.15,1327.76,0.133995,0.027,1148.5124,3.04842159301023,0.201500055972238,"LRF_SQ_25_yrfwd-91","LRF_SQ_25_yrfwd",-0.1,0.00543700495236949,-0.100537333482593,0.000597393869245392,0.104854080937113,0.00543700495236946,0.098879467828473
"1197","LRF_SQ_25_yrfwd",93,2604.37,1320.58,0.133915,0.034,1142.3017,2.27993182536628,0.253892394429302,2917.77,1308.04,0.133847,0.031,1131.4546,2.57877779629868,0.231607731215492,"LRF_SQ_25_yrfwd-93","LRF_SQ_25_yrfwd",-0.0882352941176471,-0.00949582759090699,-0.087772078655216,-0.000507784788858698,0.12033620414918,-0.009495827590907,0.131076713613746
"1198","LRF_SQ_25_yrfwd",95,3957.36,1320.58,0.133915,0.034,1142.3017,3.46437372893693,0.253892394429302,3680.6,1323.64,0.134277,0.036,1144.9486,3.21464212454603,0.26810250452423,"LRF_SQ_25_yrfwd-95","LRF_SQ_25_yrfwd",0.0588235294117646,0.00231716367050858,0.0559690262753596,0.00270320725833552,-0.0699355125639316,0.00231716367050854,-0.072085642003624
"1199","LRF_SQ_25_yrfwd",97,3724.67,1320.58,0.133915,0.031,1142.3017,3.26067097685314,0.231490124332599,3877.36,1315.4,0.134,0.031,1137.821,3.40770648458765,0.23134328358209,"LRF_SQ_25_yrfwd-97","LRF_SQ_25_yrfwd",0,-0.00392251889321345,-0.00063432835820901,0.000634730986073268,0.0409942357309507,-0.00392251889321346,0.0450936352604368
"1200","LRF_SQ_25_yrfwd",99,2948.5,1320.58,0.133915,0.026,1142.3017,2.5811919915728,0.19415300750476,3108.3,1322.92,0.133949,0.025,1144.3258,2.71627188690494,0.18663819812018,"LRF_SQ_25_yrfwd-99","LRF_SQ_25_yrfwd",-0.0384615384615384,0.00177194868921239,-0.0387056037975417,0.000253892394429349,0.0541970493471257,0.00177194868921243,0.0523323703828101
"1201","LRFSelex_poorrec_25_yrfwd",1,2288.67,1307.9,0.139546,0.033,1131.3335,2.02298438082139,0.236481160334227,2249.34,1272.03,0.139584,0.034,1100.30595,2.04428595519274,0.243580926180651,"LRFSelex_poorrec_25_yrfwd-1","LRFSelex_poorrec_25_yrfwd",0.0303030303030303,-0.0274256441623978,0.0300225431759131,0.000272311639172819,-0.0171846530954659,-0.0274256441623978,0.0105297769835933
"1202","LRFSelex_poorrec_25_yrfwd",10,2204.34,1307.9,0.139546,0.036,1131.3335,1.94844402645197,0.257979447637338,2449.39,1285.83,0.139628,0.032,1112.24295,2.20220771010506,0.229180393617326,"LRFSelex_poorrec_25_yrfwd-10","LRFSelex_poorrec_25_yrfwd",-0.111111111111111,-0.0168743787751358,-0.111633133118795,0.000587619852951706,0.111167061342624,-0.0168743787751358,0.130239144778095
"1203","LRFSelex_poorrec_25_yrfwd",100,2050.51,1307.9,0.139546,0.038,1131.3335,1.81247174241724,0.272311639172746,2478.39,1275.81,0.139638,0.032,1103.57565,2.24578170060204,0.229163981151263,"LRFSelex_poorrec_25_yrfwd-100","LRFSelex_poorrec_25_yrfwd",-0.157894736842105,-0.0245355149476259,-0.158449554901735,0.000659280810628816,0.208670038185622,-0.0245355149476261,0.239071290351208
"1204","LRFSelex_poorrec_25_yrfwd",103,1974.34,1307.9,0.139546,0.041,1131.3335,1.74514411532939,0.293809926475857,2236.04,1318.57,0.139559,0.036,1140.56305,1.96047031332463,0.257955416705479,"LRFSelex_poorrec_25_yrfwd-103","LRFSelex_poorrec_25_yrfwd",-0.121951219512195,0.00815811606391928,-0.122033010254077,9.31592449800442e-05,0.132550624512495,0.00815811606391914,0.123385911858978
"1205","LRFSelex_poorrec_25_yrfwd",104,2077.73,1307.9,0.139546,0.036,1131.3335,1.83653184494227,0.257979447637338,1872.99,1297.83,0.139595,0.04,1122.62295,1.66840522902191,0.286543214298506,"LRFSelex_poorrec_25_yrfwd-104","LRFSelex_poorrec_25_yrfwd",0.111111111111111,-0.00769936539490788,0.110721093958316,0.000351138692617442,-0.0985402338128631,-0.00769936539490799,-0.0915457123073467
"1206","LRFSelex_poorrec_25_yrfwd",106,1984.86,1307.9,0.139546,0.035,1131.3335,1.7544428764816,0.250813351869634,2377.48,1287.3,0.139643,0.029,1113.5145,2.13511364243573,0.207672421818494,"LRFSelex_poorrec_25_yrfwd-106","LRFSelex_poorrec_25_yrfwd",-0.171428571428571,-0.0157504396360578,-0.172004120711897,0.000695111289467172,0.197807402033393,-0.0157504396360579,0.216975298003165
"1207","LRFSelex_poorrec_25_yrfwd",107,2267.21,1307.9,0.139546,0.035,1131.3335,2.004015615201,0.250813351869634,3006.16,1285.64,0.139593,0.026,1112.0786,2.70319022414423,0.186255757810205,"LRFSelex_poorrec_25_yrfwd-107","LRFSelex_poorrec_25_yrfwd",-0.257142857142857,-0.0170196498203226,-0.257392972017631,0.00033680650108202,0.325929225788524,-0.0170196498203226,0.348886806889028
"1208","LRFSelex_poorrec_25_yrfwd",108,2059.3,1307.9,0.139546,0.033,1131.3335,1.82024133467276,0.236481160334227,1959.72,1299.86,0.139614,0.034,1124.3789,1.74293558870591,0.243528585958428,"LRFSelex_poorrec_25_yrfwd-108","LRFSelex_poorrec_25_yrfwd",0.0303030303030303,-0.00614725896475268,0.0298012138228736,0.000487294512203752,-0.0483562375564513,-0.0061472589647528,-0.0424700530057719
"1209","LRFSelex_poorrec_25_yrfwd",11,2111.04,1307.9,0.139546,0.031,1131.3335,1.86597497554877,0.222148968798819,2326.03,1281.05,0.139581,0.028,1108.10825,2.09909997511525,0.200600368244962,"LRFSelex_poorrec_25_yrfwd-11","LRFSelex_poorrec_25_yrfwd",-0.0967741935483871,-0.0205290924382598,-0.0970006778351153,0.000250813351869686,0.101840798847961,-0.0205290924382599,0.1249346870249
"1210","LRFSelex_poorrec_25_yrfwd",110,2149.1,1307.9,0.139546,0.036,1131.3335,1.89961669127627,0.257979447637338,2651.37,1284.57,0.139663,0.029,1111.15305,2.38614293503492,0.207642682743461,"LRFSelex_poorrec_25_yrfwd-110","LRFSelex_poorrec_25_yrfwd",-0.194444444444444,-0.0178377551800597,-0.195119283163361,0.000838433204821392,0.233711786329161,-0.0178377551800598,0.256118113718917
"1211","LRFSelex_poorrec_25_yrfwd",111,2289.06,1307.9,0.139546,0.036,1131.3335,2.02332910675764,0.257979447637338,3028.8,1282.88,0.13964,0.027,1109.6912,2.72940796502667,0.193354339730736,"LRFSelex_poorrec_25_yrfwd-111","LRFSelex_poorrec_25_yrfwd",-0.25,-0.019129902897775,-0.250504869664852,0.000673613002164039,0.323163219836964,-0.019129902897775,0.348968863202143
"1212","LRFSelex_poorrec_25_yrfwd",112,2269.51,1307.9,0.139546,0.035,1131.3335,2.00604861431223,0.250813351869634,3358.48,1307.12,0.139586,0.023,1130.6588,2.97037444010518,0.16477297150144,"LRFSelex_poorrec_25_yrfwd-112","LRFSelex_poorrec_25_yrfwd",-0.342857142857143,-0.000596375869714836,-0.343045454824573,0.000286643830708042,0.479826041744694,-0.000596375869714963,0.480709100922551
"1213","LRFSelex_poorrec_25_yrfwd",114,2305.47,1307.9,0.139546,0.03,1131.3335,2.03783411345991,0.214982873031115,1953.95,1308.21,0.139595,0.035,1131.60165,1.72671186896908,0.250725312511193,"LRFSelex_poorrec_25_yrfwd-114","LRFSelex_poorrec_25_yrfwd",0.166666666666667,0.000237021178989312,0.166257148656232,0.000351138692617442,-0.152472164027292,0.000237021178989178,-0.152672998472183
"1214","LRFSelex_poorrec_25_yrfwd",115,2273.2,1307.9,0.139546,0.028,1131.3335,2.00931025201676,0.200650681495708,2864.96,1286.29,0.139647,0.023,1112.64085,2.5749189417232,0.164700996082981,"LRFSelex_poorrec_25_yrfwd-115","LRFSelex_poorrec_25_yrfwd",-0.178571428571429,-0.0165226699288936,-0.179165528593014,0.000723775672538016,0.260320253387296,-0.0165226699288937,0.281493955021996
"1215","LRFSelex_poorrec_25_yrfwd",116,2181.48,1307.9,0.139546,0.037,1131.3335,1.9282377831117,0.265145543405042,2670.27,1293.25,0.139608,0.03,1118.66125,2.38702288114476,0.214887399002922,"LRFSelex_poorrec_25_yrfwd-116","LRFSelex_poorrec_25_yrfwd",-0.189189189189189,-0.0112011621683616,-0.189549270776708,0.000444297937597685,0.224063479839375,-0.0112011621683616,0.237929731515112
"1216","LRFSelex_poorrec_25_yrfwd",117,2227.5,1307.9,0.139546,0.035,1131.3335,1.96891544358936,0.250813351869634,2280.6,1320.25,0.139538,0.035,1142.01625,1.99699435099982,0.250827731513996,"LRFSelex_poorrec_25_yrfwd-117","LRFSelex_poorrec_25_yrfwd",0,0.00944261793715111,5.73320529176796e-05,-5.73287661416881e-05,0.0238383838383838,0.00944261793715109,0.0142611037471859
"1217","LRFSelex_poorrec_25_yrfwd",118,2361.79,1307.9,0.139546,0.028,1131.3335,2.08761607430523,0.200650681495708,2922.58,1308.51,0.139616,0.022,1131.86115,2.58210117027164,0.157575063030025,"LRFSelex_poorrec_25_yrfwd-118","LRFSelex_poorrec_25_yrfwd",-0.214285714285714,0.00046639651349491,-0.214679651943289,0.000501626703739174,0.237442787038644,0.000466396513494839,0.236865917087254
"1218","LRFSelex_poorrec_25_yrfwd",12,2191.73,1307.9,0.139546,0.031,1131.3335,1.93729788784651,0.222148968798819,2786.63,1330.99,0.13959,0.024,1151.30635,2.42040704457159,0.171932086825704,"LRFSelex_poorrec_25_yrfwd-12","LRFSelex_poorrec_25_yrfwd",-0.225806451612903,0.0176542549124552,-0.226050484252269,0.000315308213778886,0.271429418769648,0.017654254912455,0.249372675083075
"1219","LRFSelex_poorrec_25_yrfwd",120,2102.24,1307.9,0.139546,0.04,1131.3335,1.85819654416668,0.286643830708154,1938.93,1302.04,0.139677,0.043,1126.2646,1.72155814894653,0.307853118265713,"LRFSelex_poorrec_25_yrfwd-120","LRFSelex_poorrec_25_yrfwd",0.0749999999999999,-0.00448046486734459,0.0739917810376798,0.000938758545569147,-0.0776838039424612,-0.0044804648673447,-0.0735328002030237
"1220","LRFSelex_poorrec_25_yrfwd",121,1958.33,1307.9,0.139546,0.04,1131.3335,1.73099267368994,0.286643830708154,2093.51,1313.16,0.139614,0.037,1135.8834,1.84306769515251,0.265016402366525,"LRFSelex_poorrec_25_yrfwd-121","LRFSelex_poorrec_25_yrfwd",-0.0750000000000001,0.00402171419833339,-0.0754505278840231,0.000487294512203752,0.0690282026011961,0.0040217141983332,0.0647460981008439
"1221","LRFSelex_poorrec_25_yrfwd",122,2022.3,1307.9,0.139546,0.023,1131.3335,1.78753656636173,0.164820202657188,2541.48,1299.73,0.139632,0.019,1124.26645,2.26056732369804,0.136071960582102,"LRFSelex_poorrec_25_yrfwd-122","LRFSelex_poorrec_25_yrfwd",-0.173913043478261,-0.00624665494303835,-0.174421834287394,0.00061628423602255,0.256727488503189,-0.00624665494303851,0.264627178116471
"1222","LRFSelex_poorrec_25_yrfwd",123,2098.64,1307.9,0.139546,0.039,1131.3335,1.85501445860129,0.27947773494045,2520.47,1291.75,0.139603,0.033,1117.36375,2.25572916608401,0.236384604915367,"LRFSelex_poorrec_25_yrfwd-123","LRFSelex_poorrec_25_yrfwd",-0.153846153846154,-0.01234803884089,-0.154191639037953,0.00040846745875913,0.201001601036862,-0.01234803884089,0.216017026511408
"1223","LRFSelex_poorrec_25_yrfwd",125,2189.02,1307.9,0.139546,0.031,1131.3335,1.93490248454589,0.222148968798819,2325.81,1280.65,0.139602,0.029,1107.76225,2.09955701234629,0.20773341356141,"LRFSelex_poorrec_25_yrfwd-125","LRFSelex_poorrec_25_yrfwd",-0.064516129032258,-0.0208349262176007,-0.0648913893922398,0.000401301362991419,0.0624891503960676,-0.0208349262176007,0.0850970677413945
"1224","LRFSelex_poorrec_25_yrfwd",127,2163.37,1307.9,0.139546,0.031,1131.3335,1.91223012489244,0.222148968798819,2686.9,1329.95,0.13962,0.025,1150.40675,2.33560868797058,0.179057441627274,"LRFSelex_poorrec_25_yrfwd-127","LRFSelex_poorrec_25_yrfwd",-0.193548387096774,0.0168590870861688,-0.193975814538078,0.000530291086810018,0.241997439180538,0.0168590870861686,0.22140565487742
"1225","LRFSelex_poorrec_25_yrfwd",128,2301.2,1307.9,0.139546,0.033,1131.3335,2.03405980641429,0.236481160334227,2132.09,1275.35,0.139597,0.036,1103.17775,1.93268038627501,0.257885198105976,"LRFSelex_poorrec_25_yrfwd-128","LRFSelex_poorrec_25_yrfwd",0.0909090909090908,-0.0248872237938681,0.0905105410574725,0.000365470884152864,-0.0734877455240743,-0.0248872237938682,-0.0498409239588634
"1226","LRFSelex_poorrec_25_yrfwd",14,2306.66,1307.9,0.139546,0.031,1131.3335,2.03888596952181,0.222148968798819,2738.17,1287.39,0.139633,0.026,1113.59235,2.45886207821022,0.186202402010986,"LRFSelex_poorrec_25_yrfwd-14","LRFSelex_poorrec_25_yrfwd",-0.161290322580645,-0.0156816270357059,-0.161812890612095,0.000623450331790261,0.187071349917196,-0.0156816270357061,0.205983127534547
"1227","LRFSelex_poorrec_25_yrfwd",15,2037.84,1307.9,0.139546,0.034,1131.3335,1.80127256905236,0.243647256101931,2314.35,1306.77,0.13963,0.03,1130.35605,2.04745221649409,0.214853541502542,"LRFSelex_poorrec_25_yrfwd-15","LRFSelex_poorrec_25_yrfwd",-0.11764705882353,-0.000863980426638202,-0.118177873455477,0.000601952044487128,0.135687787068661,-0.000863980426638206,0.13666984756851
"1228","LRFSelex_poorrec_25_yrfwd",16,2205.72,1307.9,0.139546,0.028,1131.3335,1.94966382591871,0.200650681495708,2895.28,1327.07,0.139595,0.022,1147.91555,2.52220644628431,0.157598767864179,"LRFSelex_poorrec_25_yrfwd-16","LRFSelex_poorrec_25_yrfwd",-0.214285714285714,0.014657083874914,-0.214561512129477,0.000351138692617442,0.312623542426056,0.0146570838749139,0.293662226664033
"1229","LRFSelex_poorrec_25_yrfwd",17,2309.1,1307.9,0.139546,0.029,1131.3335,2.04104271640502,0.207816777263411,2268.26,1288.1,0.139627,0.03,1114.2065,2.03576267056421,0.214858157806155,"LRFSelex_poorrec_25_yrfwd-17","LRFSelex_poorrec_25_yrfwd",0.0344827586206896,-0.0151387720773759,0.033882637559231,0.000580453757183995,-0.0176865445411631,-0.0151387720773761,-0.00258693549055769
"1230","LRFSelex_poorrec_25_yrfwd",19,2274.84,1307.9,0.139546,0.03,1131.3335,2.01075986877433,0.214982873031115,1787.05,1301.9,0.139598,0.038,1126.1435,1.58687591767834,0.272210203584579,"LRFSelex_poorrec_25_yrfwd-19","LRFSelex_poorrec_25_yrfwd",0.266666666666667,-0.00458750669011377,0.26619483564712,0.000372636979920575,-0.214428267482548,-0.00458750669011392,-0.210807843183367
"1231","LRFSelex_poorrec_25_yrfwd",2,2082.55,1307.9,0.139546,0.032,1131.3335,1.84079230394928,0.229315064566523,2300.02,1318.61,0.139588,0.028,1140.59765,2.01650424231542,0.200590308622518,"LRFSelex_poorrec_25_yrfwd-2","LRFSelex_poorrec_25_yrfwd",-0.125,0.00818869944185333,-0.125263274780067,0.000300976022243464,0.104424863748769,0.00818869944185321,0.0954545159653087
"1232","LRFSelex_poorrec_25_yrfwd",20,2155.85,1307.9,0.139546,0.036,1131.3335,1.90558310171139,0.257979447637338,2301.55,1295.74,0.139572,0.034,1120.8151,2.05346091429354,0.243601868569627,"LRFSelex_poorrec_25_yrfwd-20","LRFSelex_poorrec_25_yrfwd",-0.0555555555555554,-0.00929734689196416,-0.0557314902384113,0.000186318489960287,0.0675835517313358,-0.00929734689196428,0.0776023950093491
"1233","LRFSelex_poorrec_25_yrfwd",21,2158.18,1307.9,0.139546,0.034,1131.3335,1.90764261820232,0.243647256101931,2681.21,1318.26,0.139601,0.027,1140.2949,2.35133034445739,0.193408356673663,"LRFSelex_poorrec_25_yrfwd-21","LRFSelex_poorrec_25_yrfwd",-0.205882352941177,0.00792109488492996,-0.206195219400502,0.000394135267223708,0.242347718911305,0.00792109488492996,0.232584301703834
"1234","LRFSelex_poorrec_25_yrfwd",22,2093.18,1307.9,0.139546,0.038,1131.3335,1.85018829549377,0.272311639172746,2463.08,1311.08,0.139594,0.032,1134.0842,2.17186695661574,0.229236213590842,"LRFSelex_poorrec_25_yrfwd-22","LRFSelex_poorrec_25_yrfwd",-0.157894736842105,0.00243137854576042,-0.158184298375062,0.000343972596849731,0.176716765877755,0.00243137854576025,0.173862661387189
"1235","LRFSelex_poorrec_25_yrfwd",23,2093.66,1307.9,0.139546,0.03,1131.3335,1.85061257356916,0.214982873031115,2812.75,1308.06,0.139634,0.022,1131.4719,2.48592121465853,0.157554750275721,"LRFSelex_poorrec_25_yrfwd-23","LRFSelex_poorrec_25_yrfwd",-0.266666666666667,0.000122333511736413,-0.267128827267475,0.000630616427557972,0.343460733834529,0.00012233351173626,0.343296403668166
"1236","LRFSelex_poorrec_25_yrfwd",26,2126.35,1307.9,0.139546,0.034,1131.3335,1.87950767832827,0.243647256101931,2097.29,1294.18,0.139614,0.034,1119.4657,1.87347410465546,0.243528585958428,"LRFSelex_poorrec_25_yrfwd-26","LRFSelex_poorrec_25_yrfwd",0,-0.0104900986313938,-0.000487057171916743,0.000487294512203752,-0.0136666117995626,-0.0104900986313939,-0.00321018836069785
"1237","LRFSelex_poorrec_25_yrfwd",27,2172.38,1307.9,0.139546,0.04,1131.3335,1.9201941779325,0.286643830708154,2647.59,1313.39,0.139619,0.032,1136.08235,2.33045606245005,0.229195166846919,"LRFSelex_poorrec_25_yrfwd-27","LRFSelex_poorrec_25_yrfwd",-0.2,0.00419756862145439,-0.200418281179496,0.000523124991042307,0.218750863108664,0.00419756862145425,0.213656456848173
"1238","LRFSelex_poorrec_25_yrfwd",28,2201.5,1307.9,0.139546,0.036,1131.3335,1.94593371450593,0.257979447637338,2572.45,1303.57,0.139624,0.031,1127.58805,2.28137394680619,0.22202486678508,"LRFSelex_poorrec_25_yrfwd-28","LRFSelex_poorrec_25_yrfwd",-0.138888888888889,-0.00331065066136565,-0.139369942766923,0.000558955469880862,0.168498750851692,-0.00331065066136567,0.172380091777909
"1239","LRFSelex_poorrec_25_yrfwd",29,2260.79,1307.9,0.139546,0.032,1131.3335,1.99834089594271,0.229315064566523,2874.41,1300.53,0.139606,0.025,1124.95845,2.55512548041219,0.179075397905534,"LRFSelex_poorrec_25_yrfwd-29","LRFSelex_poorrec_25_yrfwd",-0.21875,-0.00563498738435669,-0.219085766371073,0.000429965746062263,0.271418397993622,-0.00563498738435669,0.278623424862062
"1240","LRFSelex_poorrec_25_yrfwd",3,2043.05,1307.9,0.139546,0.03,1131.3335,1.80587775399562,0.214982873031115,2761.39,1298.26,0.139571,0.022,1122.9949,2.45895150547879,0.157625867837875,"LRFSelex_poorrec_25_yrfwd-3","LRFSelex_poorrec_25_yrfwd",-0.266666666666667,-0.00737059408211641,-0.266798021556532,0.000179152394192576,0.351601771860698,-0.00737059408211645,0.361637851752813
"1241","LRFSelex_poorrec_25_yrfwd",30,2216.7,1307.9,0.139546,0.034,1131.3335,1.95936918689317,0.243647256101931,2549.95,1283.08,0.139614,0.03,1109.8642,2.29753333786242,0.214878164080966,"LRFSelex_poorrec_25_yrfwd-30","LRFSelex_poorrec_25_yrfwd",-0.11764705882353,-0.0189769860081046,-0.118076815151691,0.000487294512203752,0.150336085171652,-0.0189769860081047,0.172588276487829
"1242","LRFSelex_poorrec_25_yrfwd",31,2199.6,1307.9,0.139546,0.031,1131.3335,1.94425428045753,0.222148968798819,1777.76,1301.8,0.139616,0.038,1126.057,1.57874778985433,0.272175108870044,"LRFSelex_poorrec_25_yrfwd-31","LRFSelex_poorrec_25_yrfwd",0.225806451612903,-0.0046639651349491,0.22519186265739,0.000501626703739174,-0.191780323695217,-0.00466396513494926,-0.187993152067118
"1243","LRFSelex_poorrec_25_yrfwd",33,2217.43,1307.9,0.139546,0.032,1131.3335,1.96001444313282,0.229315064566523,2005.06,1290.71,0.139611,0.035,1116.46415,1.79590182094069,0.250696578349843,"LRFSelex_poorrec_25_yrfwd-33","LRFSelex_poorrec_25_yrfwd",0.0937500000000001,-0.0131432066671763,0.0932407725752269,0.000465796224900818,-0.0957730345490049,-0.0131432066671764,-0.0837303126857648
"1244","LRFSelex_poorrec_25_yrfwd",35,2058.1,1307.9,0.139546,0.034,1131.3335,1.81918063948429,0.243647256101931,2668.45,1317.42,0.139605,0.026,1139.5683,2.34163235323411,0.186239747860034,"LRFSelex_poorrec_25_yrfwd-35","LRFSelex_poorrec_25_yrfwd",-0.235294117647059,0.00727884394831425,-0.235617298385993,0.000422799650294552,0.296559933919635,0.00727884394831408,0.287190673872789
"1245","LRFSelex_poorrec_25_yrfwd",36,2208.51,1307.9,0.139546,0.035,1131.3335,1.95212994223189,0.250813351869634,2184.48,1307.32,0.139601,0.036,1130.8318,1.93174617126968,0.257877808898217,"LRFSelex_poorrec_25_yrfwd-36","LRFSelex_poorrec_25_yrfwd",0.0285714285714284,-0.000443458980044371,0.0281661920145885,0.000394135267223708,-0.0108806389828437,-0.000443458980044464,-0.0104418105174412
"1246","LRFSelex_poorrec_25_yrfwd",38,2080.22,1307.9,0.139546,0.038,1131.3335,1.83873278745834,0.272311639172746,2684.83,1291.41,0.139593,0.029,1117.06965,2.40345801177214,0.207746806788306,"LRFSelex_poorrec_25_yrfwd-38","LRFSelex_poorrec_25_yrfwd",-0.236842105263158,-0.0126079975533296,-0.237099055261028,0.00033680650108202,0.290647143090635,-0.0126079975533298,0.3071274021792
"1247","LRFSelex_poorrec_25_yrfwd",4,2205.69,1307.9,0.139546,0.036,1131.3335,1.94963730853899,0.257979447637338,2233.73,1315.54,0.13958,0.035,1137.9421,1.96295576022717,0.250752256770311,"LRFSelex_poorrec_25_yrfwd-4","LRFSelex_poorrec_25_yrfwd",-0.0277777777777776,0.00584142518541175,-0.0280145993536163,0.000243647256101975,0.0127125752032244,0.00584142518541163,0.00683124580651075
"1248","LRFSelex_poorrec_25_yrfwd",40,2090.37,1307.9,0.139546,0.033,1131.3335,1.84770450092745,0.236481160334227,2026.79,1305.4,0.139584,0.034,1129.171,1.79493628511536,0.243580926180651,"LRFSelex_poorrec_25_yrfwd-40","LRFSelex_poorrec_25_yrfwd",0.0303030303030303,-0.00191146112088072,0.0300225431759131,0.000272311639172819,-0.0304156680396293,-0.0019114611208808,-0.0285587959468602
"1249","LRFSelex_poorrec_25_yrfwd",41,2261.76,1307.9,0.139546,0.039,1131.3335,1.99919829122005,0.27947773494045,2336.39,1318.56,0.139592,0.038,1140.5544,2.04846870960298,0.272221903834031,"LRFSelex_poorrec_25_yrfwd-41","LRFSelex_poorrec_25_yrfwd",-0.0256410256410257,0.00815047021943576,-0.0259621078865735,0.000329640405314309,0.0329964275608374,0.00815047021943562,0.0246450882832932
"1250","LRFSelex_poorrec_25_yrfwd",42,2210.82,1307.9,0.139546,0.03,1131.3335,1.95417178046968,0.214982873031115,1900.68,1296.31,0.139607,0.034,1121.30815,1.69505590412413,0.243540796664924,"LRFSelex_poorrec_25_yrfwd-42","LRFSelex_poorrec_25_yrfwd",0.133333333333333,-0.0088615337564035,0.132838133713448,0.000437131841829974,-0.140282791000624,-0.00886153375640351,-0.132596263509281
"1251","LRFSelex_poorrec_25_yrfwd",43,1998.44,1307.9,0.139546,0.036,1131.3335,1.76644641036441,0.257979447637338,2318.66,1308.33,0.13963,0.031,1131.70545,2.0488193283862,0.222015326219294,"LRFSelex_poorrec_25_yrfwd-43","LRFSelex_poorrec_25_yrfwd",-0.138888888888889,0.000328771312791471,-0.139406924650067,0.000601952044487128,0.160234983286964,0.000328771312791373,0.159853656677612
"1252","LRFSelex_poorrec_25_yrfwd",44,2175.42,1307.9,0.139546,0.03,1131.3335,1.92288127240995,0.214982873031115,2243.54,1317.44,0.139595,0.029,1139.5856,1.96873319564586,0.207743830366417,"LRFSelex_poorrec_25_yrfwd-44","LRFSelex_poorrec_25_yrfwd",-0.0333333333333332,0.00729413563728127,-0.0336726482562651,0.000351138692617442,0.0313134934863152,0.00729413563728111,0.0238454260769003
"1253","LRFSelex_poorrec_25_yrfwd",47,2063.72,1307.9,0.139546,0.033,1131.3335,1.82414822861694,0.236481160334227,2298.26,1310.61,0.139637,0.029,1133.67765,2.02726057093919,0.207681345202203,"LRFSelex_poorrec_25_yrfwd-47","LRFSelex_poorrec_25_yrfwd",-0.121212121212121,0.0020720238550347,-0.121784818254952,0.000652114714861105,0.113649138449015,0.00207202385503464,0.111346402192465
"1254","LRFSelex_poorrec_25_yrfwd",48,2121.89,1307.9,0.139546,0.033,1131.3335,1.87556542787781,0.236481160334227,2499.78,1289.24,0.139585,0.028,1115.1926,2.24156795875439,0.200594619765734,"LRFSelex_poorrec_25_yrfwd-48","LRFSelex_poorrec_25_yrfwd",-0.151515151515152,-0.0142671458062542,-0.151752217883966,0.000279477734940331,0.17809122998836,-0.0142671458062544,0.195142502328329
"1255","LRFSelex_poorrec_25_yrfwd",49,2094.55,1307.9,0.139546,0.033,1131.3335,1.85139925583393,0.236481160334227,2318.25,1336.68,0.139604,0.03,1156.2282,2.00501077555451,0.214893556058566,"LRFSelex_poorrec_25_yrfwd-49","LRFSelex_poorrec_25_yrfwd",-0.090909090909091,0.0220047404235798,-0.0912867826136788,0.000415633554526841,0.10680098350481,0.0220047404235798,0.0829704987924866
"1256","LRFSelex_poorrec_25_yrfwd",5,2165.77,1307.9,0.139546,0.037,1131.3335,1.91435151526937,0.265145543405042,2543.75,1303.44,0.139622,0.032,1127.4756,2.25614638578431,0.229190242225437,"LRFSelex_poorrec_25_yrfwd-5","LRFSelex_poorrec_25_yrfwd",-0.135135135135135,-0.00341004663965133,-0.135605904281328,0.00054462327834544,0.174524533999455,-0.00341004663965138,0.17854342203545
"1257","LRFSelex_poorrec_25_yrfwd",50,2099.87,1307.9,0.139546,0.034,1131.3335,1.85610167116947,0.243647256101931,2471.07,1291.32,0.139639,0.029,1116.9918,2.21225437823268,0.207678370655762,"LRFSelex_poorrec_25_yrfwd-50","LRFSelex_poorrec_25_yrfwd",-0.147058823529412,-0.0126768101536814,-0.147626884955029,0.000666446906396527,0.176772847842962,-0.0126768101536816,0.191882111090829
"1258","LRFSelex_poorrec_25_yrfwd",51,2078.43,1307.9,0.139546,0.041,1131.3335,1.83715058380221,0.293809926475857,2295.63,1289.93,0.139614,0.037,1115.78945,2.05740428895434,0.265016402366525,"LRFSelex_poorrec_25_yrfwd-51","LRFSelex_poorrec_25_yrfwd",-0.0975609756097562,-0.0137395825368912,-0.098000515008803,0.000487294512203752,0.104501955803179,-0.0137395825368912,0.119888759851292
"1259","LRFSelex_poorrec_25_yrfwd",52,2105.81,1307.9,0.139546,0.034,1131.3335,1.86135211235237,0.243647256101931,2711.98,1295.38,0.13957,0.026,1120.5037,2.42032221758839,0.186286451243104,"LRFSelex_poorrec_25_yrfwd-52","LRFSelex_poorrec_25_yrfwd",-0.235294117647059,-0.00957259729337103,-0.235425613965583,0.000171986298424865,0.287855979409348,-0.00957259729337104,0.300303258865728
"1260","LRFSelex_poorrec_25_yrfwd",54,2035.92,1307.9,0.139546,0.029,1131.3335,1.79957545675082,0.207816777263411,2062.6,1326.64,0.139604,0.029,1147.5436,1.79740447334637,0.20773043752328,"LRFSelex_poorrec_25_yrfwd-54","LRFSelex_poorrec_25_yrfwd",0,0.0143283125621225,-0.000415460875046618,0.000415633554526841,0.0131046406538567,0.0143283125621225,-0.00120638642647656
"1261","LRFSelex_poorrec_25_yrfwd",55,2084.06,1307.9,0.139546,0.037,1131.3335,1.84212701206143,0.265145543405042,2398.83,1304.64,0.139624,0.032,1128.5136,2.12565448923256,0.229186959262018,"LRFSelex_poorrec_25_yrfwd-55","LRFSelex_poorrec_25_yrfwd",-0.135135135135135,-0.00249254530162853,-0.135618286022228,0.000558955469880862,0.151036918322889,-0.00249254530162856,0.15391309899628
"1262","LRFSelex_poorrec_25_yrfwd",56,2120,1307.9,0.139546,0.032,1131.3335,1.87389483295598,0.229315064566523,2575.74,1287.86,0.139587,0.027,1113.9989,2.31215668166279,0.193427754733607,"LRFSelex_poorrec_25_yrfwd-56","LRFSelex_poorrec_25_yrfwd",-0.15625,-0.0153222723449806,-0.156497829310752,0.000293809926475753,0.214971698113207,-0.0153222723449806,0.2338775052896
"1263","LRFSelex_poorrec_25_yrfwd",57,2056.76,1307.9,0.139546,0.031,1131.3335,1.81799619652384,0.222148968798819,1924.19,1301.86,0.139599,0.033,1126.1089,1.70870685774706,0.236391378161735,"LRFSelex_poorrec_25_yrfwd-57","LRFSelex_poorrec_25_yrfwd",0.0645161290322581,-0.00461809006804802,0.0641119760308849,0.000379803075688286,-0.0644557459304927,-0.00461809006804816,-0.0601152736104431
"1264","LRFSelex_poorrec_25_yrfwd",58,2098.21,1307.9,0.139546,0.035,1131.3335,1.85463437615875,0.250813351869634,2735.53,1314.24,0.139548,0.027,1136.8176,2.40630510998422,0.193481812709605,"LRFSelex_poorrec_25_yrfwd-58","LRFSelex_poorrec_25_yrfwd",-0.228571428571429,0.00484746540255382,-0.228582484675012,1.4332191535422e-05,0.303744620414544,0.00484746540255365,0.297455250974085
"1265","LRFSelex_poorrec_25_yrfwd",59,2022.85,1307.9,0.139546,0.031,1131.3335,1.78802271832311,0.222148968798819,2302.59,1314.07,0.139614,0.027,1136.67055,2.02573208217632,0.19339034767287,"LRFSelex_poorrec_25_yrfwd-59","LRFSelex_poorrec_25_yrfwd",-0.129032258064516,0.0047174860463337,-0.129456469149734,0.000487294512203752,0.138290036334874,0.0047174860463337,0.132945382302603
"1266","LRFSelex_poorrec_25_yrfwd",6,2091.93,1307.9,0.139546,0.037,1131.3335,1.84908340467245,0.265145543405042,2434.21,1307.79,0.139584,0.032,1131.23835,2.15181000538039,0.229252636405319,"LRFSelex_poorrec_25_yrfwd-6","LRFSelex_poorrec_25_yrfwd",-0.135135135135135,-8.41042893188466e-05,-0.135370583788741,0.000272311639172819,0.16361924156162,-8.41042893188526e-05,0.163717115162559
"1267","LRFSelex_poorrec_25_yrfwd",60,2086.57,1307.9,0.139546,0.038,1131.3335,1.84434563283064,0.272311639172746,2757.66,1301.73,0.139623,0.029,1125.99645,2.44908409791168,0.207702169413349,"LRFSelex_poorrec_25_yrfwd-60","LRFSelex_poorrec_25_yrfwd",-0.236842105263158,-0.0047174860463337,-0.237262975448548,0.000551789374113151,0.321623525690487,-0.00471748604633387,0.327887817942728
"1268","LRFSelex_poorrec_25_yrfwd",61,2091.05,1307.9,0.139546,0.027,1131.3335,1.84830556153424,0.193484585728004,2952.14,1299.08,0.139604,0.019,1123.7042,2.62715045471931,0.136099252170425,"LRFSelex_poorrec_25_yrfwd-61","LRFSelex_poorrec_25_yrfwd",-0.296296296296296,-0.00674363483446752,-0.296588657652811,0.000415633554526841,0.411797900576265,-0.00674363483446759,0.421383189767911
"1269","LRFSelex_poorrec_25_yrfwd",63,2214.84,1307.9,0.139546,0.036,1131.3335,1.95772510935104,0.257979447637338,2795.75,1301.4,0.139554,0.029,1125.711,2.48354151287497,0.207804864066956,"LRFSelex_poorrec_25_yrfwd-63","LRFSelex_poorrec_25_yrfwd",-0.194444444444444,-0.00496979891429004,-0.194490623303126,5.73287661416881e-05,0.262280796806993,-0.00496979891429008,0.26858541120629
"1270","LRFSelex_poorrec_25_yrfwd",64,2094.98,1307.9,0.139546,0.03,1131.3335,1.85177933827647,0.214982873031115,1913.04,1312.35,0.139563,0.033,1135.18275,1.68522645362608,0.236452354850498,"LRFSelex_poorrec_25_yrfwd-64","LRFSelex_poorrec_25_yrfwd",0.1,0.00340240079516781,0.0998660103322515,0.000121823628050888,-0.0868456978109576,0.00340240079516769,-0.0899420796029652
"1271","LRFSelex_poorrec_25_yrfwd",65,2227.37,1307.9,0.139546,0.031,1131.3335,1.96880053494394,0.222148968798819,3154.04,1311.27,0.139591,0.022,1134.24855,2.78073090770096,0.157603283879333,"LRFSelex_poorrec_25_yrfwd-65","LRFSelex_poorrec_25_yrfwd",-0.290322580645161,0.00257664959094738,-0.290551359605631,0.000322474309546598,0.416037748555471,0.00257664959094724,0.412398492557369
"1272","LRFSelex_poorrec_25_yrfwd",66,2106.49,1307.9,0.139546,0.033,1131.3335,1.86195317295917,0.236481160334227,2487.4,1279.08,0.139619,0.028,1106.4042,2.24818380118224,0.200545770991054,"LRFSelex_poorrec_25_yrfwd-66","LRFSelex_poorrec_25_yrfwd",-0.151515151515152,-0.0220353238015139,-0.151958783069162,0.000523124991042307,0.180826873139678,-0.022035323801514,0.207433051395835
"1273","LRFSelex_poorrec_25_yrfwd",69,2061.17,1307.9,0.139546,0.034,1131.3335,1.82189425134145,0.243647256101931,2860.57,1301.36,0.139575,0.025,1125.6764,2.54120100590187,0.179115171054988,"LRFSelex_poorrec_25_yrfwd-69","LRFSelex_poorrec_25_yrfwd",-0.264705882352941,-0.00500038229222429,-0.264858657057665,0.00020781677726342,0.387837975518759,-0.00500038229222432,0.394812571602773
"1274","LRFSelex_poorrec_25_yrfwd",70,1966.96,1307.9,0.139546,0.035,1131.3335,1.73862083992032,0.250813351869634,2421.98,1294.68,0.139606,0.028,1119.8982,2.16267871490462,0.200564445654198,"LRFSelex_poorrec_25_yrfwd-70","LRFSelex_poorrec_25_yrfwd",-0.2,-0.0101078064072176,-0.200343824763979,0.000429965746062263,0.231331597998943,-0.0101078064072177,0.243904746364211
"1275","LRFSelex_poorrec_25_yrfwd",71,2083.74,1307.9,0.139546,0.031,1131.3335,1.84184416001117,0.222148968798819,1948.22,1290.16,0.139639,0.033,1115.9884,1.74573499151066,0.236323663160005,"LRFSelex_poorrec_25_yrfwd-71","LRFSelex_poorrec_25_yrfwd",0.0645161290322581,-0.0135637281137702,0.0638071580427781,0.000666446906396527,-0.0650369047961837,-0.0135637281137702,-0.0521809448308184
"1276","LRFSelex_poorrec_25_yrfwd",72,2263.29,1307.9,0.139546,0.032,1131.3335,2.00055067758535,0.229315064566523,2789.54,1296.93,0.139613,0.026,1121.84445,2.48656576230332,0.186229076088903,"LRFSelex_poorrec_25_yrfwd-72","LRFSelex_poorrec_25_yrfwd",-0.1875,-0.00838749139842487,-0.187889917128061,0.000480128416436041,0.232515497351201,-0.00838749139842498,0.242940651373348
"1277","LRFSelex_poorrec_25_yrfwd",73,2112.12,1307.9,0.139546,0.03,1131.3335,1.86692960121839,0.214982873031115,2078.3,1318.92,0.139627,0.031,1140.8658,1.82168665236525,0.222020096399693,"LRFSelex_poorrec_25_yrfwd-73","LRFSelex_poorrec_25_yrfwd",0.0333333333333334,0.00842572062084264,0.0327338790730542,0.000580453757183995,-0.0160123477832698,0.00842572062084256,-0.0242338804974818
"1278","LRFSelex_poorrec_25_yrfwd",74,1994.64,1307.9,0.139546,0.026,1131.3335,1.7630875422676,0.1863184899603,2495.9,1296.97,0.139575,0.021,1121.87905,2.224749628759,0.15045674368619,"LRFSelex_poorrec_25_yrfwd-74","LRFSelex_poorrec_25_yrfwd",-0.192307692307692,-0.00835690802049082,-0.192475509444881,0.00020781677726342,0.251303493362211,-0.00835690802049091,0.261848646436259
"1279","LRFSelex_poorrec_25_yrfwd",75,2124.43,1307.9,0.139546,0.032,1131.3335,1.87781056602673,0.229315064566523,2254.28,1314.23,0.139579,0.031,1136.80895,1.98298931407956,0.222096447173285,"LRFSelex_poorrec_25_yrfwd-75","LRFSelex_poorrec_25_yrfwd",-0.03125,0.00483981955807031,-0.0314790369611475,0.000236481160334264,0.0611222775050251,0.00483981955807013,0.0560113730083944
"1280","LRFSelex_poorrec_25_yrfwd",76,2052.09,1307.9,0.139546,0.028,1131.3335,1.81386832441539,0.200650681495708,2258.66,1314.34,0.139597,0.026,1136.9041,1.98667592103855,0.186250420854316,"LRFSelex_poorrec_25_yrfwd-76","LRFSelex_poorrec_25_yrfwd",-0.0714285714285715,0.00492392384738896,-0.0717678132665561,0.000365470884152864,0.100663226271752,0.00492392384738881,0.0952701992184856
"1281","LRFSelex_poorrec_25_yrfwd",77,2122.04,1307.9,0.139546,0.036,1131.3335,1.87569801477637,0.257979447637338,2801.18,1337.59,0.139563,0.027,1157.01535,2.42103961714942,0.193461017604953,"LRFSelex_poorrec_25_yrfwd-77","LRFSelex_poorrec_25_yrfwd",-0.25,0.0227005122715803,-0.250091356591647,0.000121823628050888,0.3200410925336,0.0227005122715803,0.290740619266513
"1282","LRFSelex_poorrec_25_yrfwd",78,2196.54,1307.9,0.139546,0.035,1131.3335,1.94154950772694,0.250813351869634,2046.79,1312.73,0.13961,0.038,1135.51145,1.80252695822662,0.272186806102715,"LRFSelex_poorrec_25_yrfwd-78","LRFSelex_poorrec_25_yrfwd",0.0857142857142856,0.00369294288554172,0.0852165726974121,0.000458630129133107,-0.0681754031340199,0.00369294288554165,-0.0716039168442746
"1283","LRFSelex_poorrec_25_yrfwd",79,2121.89,1307.9,0.139546,0.034,1131.3335,1.87556542787781,0.243647256101931,3194.44,1328.31,0.139557,0.022,1148.98815,2.78022014413291,0.157641680460314,"LRFSelex_poorrec_25_yrfwd-79","LRFSelex_poorrec_25_yrfwd",-0.352941176470588,0.0156051685908708,-0.352992178190737,7.88270534446222e-05,0.505469180777514,0.0156051685908707,0.48233706103162
"1284","LRFSelex_poorrec_25_yrfwd",80,2153.11,1307.9,0.139546,0.031,1131.3335,1.90316118103106,0.222148968798819,2469.67,1285.44,0.139593,0.028,1111.9056,2.22111481406335,0.200583123795606,"LRFSelex_poorrec_25_yrfwd-80","LRFSelex_poorrec_25_yrfwd",-0.0967741935483871,-0.017172566709993,-0.0970783034457545,0.00033680650108202,0.147024536600545,-0.0171725667099931,0.167066056307454
"1285","LRFSelex_poorrec_25_yrfwd",81,2138.64,1307.9,0.139546,0.035,1131.3335,1.89037096488348,0.250813351869634,2794.83,1314.8,0.139579,0.027,1137.302,2.457421159903,0.19343884108641,"LRFSelex_poorrec_25_yrfwd-81","LRFSelex_poorrec_25_yrfwd",-0.228571428571429,0.00527563269363097,-0.228753813764453,0.000236481160334264,0.306825833239816,0.00527563269363091,0.299967681240003
"1286","LRFSelex_poorrec_25_yrfwd",82,2033.81,1307.9,0.139546,0.027,1131.3335,1.79771040104443,0.193484585728004,2973.66,1300.71,0.139625,0.018,1125.11415,2.64298515843926,0.128916741271262,"LRFSelex_poorrec_25_yrfwd-82","LRFSelex_poorrec_25_yrfwd",-0.333333333333333,-0.00549736218365305,-0.333710534168905,0.000566121565648573,0.462112980071885,-0.00549736218365323,0.470195175431893
"1287","LRFSelex_poorrec_25_yrfwd",83,2111.59,1307.9,0.139546,0.035,1131.3335,1.86646112751015,0.250813351869634,2638.09,1305.14,0.139592,0.028,1128.9461,2.33677232243417,0.200584560719812,"LRFSelex_poorrec_25_yrfwd-83","LRFSelex_poorrec_25_yrfwd",-0.2,-0.00211025307745227,-0.20026362542266,0.000329640405314309,0.249338176445238,-0.0021102530774524,0.25198017145496
"1288","LRFSelex_poorrec_25_yrfwd",84,2071.5,1307.9,0.139546,0.032,1131.3335,1.83102506908882,0.229315064566523,1958.55,1306.57,0.139596,0.033,1130.18305,1.73294936603411,0.236396458351242,"LRFSelex_poorrec_25_yrfwd-84","LRFSelex_poorrec_25_yrfwd",0.03125,-0.00101689731630867,0.0308806305338263,0.000358304788385153,-0.0545257060101376,-0.0010168973163087,-0.0535632770465103
"1289","LRFSelex_poorrec_25_yrfwd",85,2241.8,1307.9,0.139546,0.032,1131.3335,1.98155539458524,0.229315064566523,1934.8,1283.53,0.13959,0.037,1110.25345,1.74266515451945,0.265061967189627,"LRFSelex_poorrec_25_yrfwd-85","LRFSelex_poorrec_25_yrfwd",0.15625,-0.0186329230063461,0.155885539795114,0.000315308213778886,-0.136943527522527,-0.0186329230063461,-0.120556932558423
"1290","LRFSelex_poorrec_25_yrfwd",86,2126.46,1307.9,0.139546,0.04,1131.3335,1.87960490872055,0.286643830708154,2902.92,1318.22,0.13957,0.03,1140.2603,2.54583975255475,0.214945905280504,"LRFSelex_poorrec_25_yrfwd-86","LRFSelex_poorrec_25_yrfwd",-0.25,0.00789051150699591,-0.250128967543168,0.000171986298424865,0.36514206709743,0.0078905115069959,0.354454726492337
"1291","LRFSelex_poorrec_25_yrfwd",87,2205.34,1307.9,0.139546,0.026,1131.3335,1.94932793910903,0.1863184899603,3006.94,1322.28,0.1396,0.019,1143.7722,2.62896755140578,0.136103151862464,"LRFSelex_poorrec_25_yrfwd-87","LRFSelex_poorrec_25_yrfwd",-0.269230769230769,0.0109947243673063,-0.269513445007714,0.000386969171455997,0.363481367952334,0.0109947243673063,0.348653296688188
"1292","LRFSelex_poorrec_25_yrfwd",88,2226.64,1307.9,0.139546,0.035,1131.3335,1.96815527870429,0.250813351869634,2386.16,1309.56,0.139632,0.032,1132.7694,2.10648345550295,0.229173828348803,"LRFSelex_poorrec_25_yrfwd-88","LRFSelex_poorrec_25_yrfwd",-0.0857142857142858,0.00126921018426481,-0.086277398549657,0.00061628423602255,0.0716415765458269,0.00126921018426474,0.0702831622562443
"1293","LRFSelex_poorrec_25_yrfwd",89,2119.09,1307.9,0.139546,0.034,1131.3335,1.87309047243806,0.243647256101931,1700.02,1293.23,0.139592,0.043,1118.64395,1.51971500851544,0.30804057539114,"LRFSelex_poorrec_25_yrfwd-89","LRFSelex_poorrec_25_yrfwd",0.264705882352941,-0.0112164538573286,0.264289121574471,0.000329640405314309,-0.197759415598205,-0.0112164538573286,-0.188659047239
"1294","LRFSelex_poorrec_25_yrfwd",9,2044.35,1307.9,0.139546,0.034,1131.3335,1.80702684044979,0.243647256101931,1950.39,1322.28,0.139611,0.035,1143.7722,1.70522591823792,0.250696578349843,"LRFSelex_poorrec_25_yrfwd-9","LRFSelex_poorrec_25_yrfwd",0.0294117647058824,0.0109947243673063,0.0289324918355076,0.000465796224900818,-0.0459608188421747,0.0109947243673063,-0.0563361428469615
"1295","LRFSelex_poorrec_25_yrfwd",90,2074.04,1307.9,0.139546,0.033,1131.3335,1.83327020723774,0.236481160334227,2095.28,1295.23,0.139699,0.032,1120.37395,1.87016129748465,0.229063915990809,"LRFSelex_poorrec_25_yrfwd-90","LRFSelex_poorrec_25_yrfwd",-0.0303030303030303,-0.00968728496062393,-0.0313650539135331,0.00109641265245859,0.0102408825287845,-0.00968728496062396,0.0201231057490927
"1296","LRFSelex_poorrec_25_yrfwd",91,2060.47,1307.9,0.139546,0.03,1131.3335,1.82127551248151,0.214982873031115,2389.15,1324.47,0.139581,0.026,1145.66655,2.08537990395198,0.186271770513179,"LRFSelex_poorrec_25_yrfwd-91","LRFSelex_poorrec_25_yrfwd",-0.133333333333333,0.0126691643091979,-0.133550650398932,0.000250813351869686,0.159517003402137,0.0126691643091979,0.145010675024466
"1297","LRFSelex_poorrec_25_yrfwd",93,2250.6,1307.9,0.139546,0.034,1131.3335,1.98933382596732,0.243647256101931,2926.34,1295.38,0.139615,0.026,1120.5037,2.61162903790501,0.186226408337213,"LRFSelex_poorrec_25_yrfwd-93","LRFSelex_poorrec_25_yrfwd",-0.235294117647059,-0.00957259729337103,-0.235672047711037,0.000494460607971463,0.300248822536213,-0.00957259729337104,0.312815880278461
"1298","LRFSelex_poorrec_25_yrfwd",95,2068.63,1307.9,0.139546,0.034,1131.3335,1.82848823976308,0.243647256101931,1921.13,1293.82,0.139586,0.036,1119.1543,1.71659082219494,0.25790552061095,"LRFSelex_poorrec_25_yrfwd-95","LRFSelex_poorrec_25_yrfwd",0.0588235294117646,-0.0107653490328007,0.0585201111522223,0.000286643830708042,-0.0713032296737454,-0.0107653490328008,-0.0611966843071614
"1299","LRFSelex_poorrec_25_yrfwd",97,2124.95,1307.9,0.139546,0.031,1131.3335,1.8782702006084,0.222148968798819,2235.31,1289.62,0.139615,0.029,1115.5213,2.00382547603529,0.207714070837661,"LRFSelex_poorrec_25_yrfwd-97","LRFSelex_poorrec_25_yrfwd",-0.064516129032258,-0.0139766037158805,-0.0649784603512191,0.000494460607971463,0.0519353396550508,-0.0139766037158806,0.0668462265898801
"1300","LRFSelex_poorrec_25_yrfwd",99,2131.56,1307.9,0.139546,0.026,1131.3335,1.88411286327153,0.1863184899603,2209.74,1301.11,0.139618,0.025,1125.46015,1.96341025490774,0.179060006589408,"LRFSelex_poorrec_25_yrfwd-99","LRFSelex_poorrec_25_yrfwd",-0.0384615384615384,-0.00519152840431232,-0.0389573969413243,0.000515958895274596,0.0366773630580419,-0.0051915284043124,0.042087389339574
"1301","XLRF_poorrec_25_yrfwd",1,2288.67,1307.9,0.139546,0.033,1131.3335,2.02298438082139,0.236481160334227,2118.44,1272,0.139713,0.036,1100.28,1.92536445268477,0.257671082862726,"XLRF_poorrec_25_yrfwd-1","XLRF_poorrec_25_yrfwd",0.0909090909090908,-0.0274485816958483,0.0896051190655127,0.00119673799320654,-0.0743794430826637,-0.0274485816958484,-0.0482554037797295
"1302","XLRF_poorrec_25_yrfwd",10,2204.34,1307.9,0.139546,0.036,1131.3335,1.94844402645197,0.257979447637338,2503.15,1286.08,0.139857,0.032,1112.4592,2.25010499261456,0.228805136675318,"XLRF_poorrec_25_yrfwd-10","XLRF_poorrec_25_yrfwd",-0.111111111111111,-0.0166832326630476,-0.113087733264056,0.00222865578375594,0.135555313608608,-0.0166832326630478,0.154821468857846
"1303","XLRF_poorrec_25_yrfwd",100,2050.51,1307.9,0.139546,0.038,1131.3335,1.81247174241724,0.272311639172746,2324.18,1276.56,0.139564,0.034,1104.2244,2.10480768220662,0.243615832163022,"XLRF_poorrec_25_yrfwd-100","XLRF_poorrec_25_yrfwd",-0.105263157894737,-0.0239620766113618,-0.105378554867866,0.000128989723818599,0.133464357647609,-0.0239620766113618,0.161291308961043
"1304","XLRF_poorrec_25_yrfwd",103,1974.34,1307.9,0.139546,0.041,1131.3335,1.74514411532939,0.293809926475857,2133.6,1318.86,0.139586,0.038,1140.8139,1.87024369180635,0.272233605089336,"XLRF_poorrec_25_yrfwd-103","XLRF_poorrec_25_yrfwd",-0.0731707317073171,0.00837984555394136,-0.0734363254683797,0.000286643830708042,0.0806649310655713,0.00837984555394129,0.0716843814663123
"1305","XLRF_poorrec_25_yrfwd",104,2077.73,1307.9,0.139546,0.036,1131.3335,1.83653184494227,0.257979447637338,1854.83,1298.24,0.139762,0.041,1122.9776,1.65170703315899,0.2933558477984,"XLRF_poorrec_25_yrfwd-104","XLRF_poorrec_25_yrfwd",0.138888888888889,-0.00738588577108343,0.137128753802099,0.00154787668582399,-0.107280541745078,-0.00738588577108348,-0.10063795642438
"1306","XLRF_poorrec_25_yrfwd",106,1984.86,1307.9,0.139546,0.035,1131.3335,1.7544428764816,0.250813351869634,2205.19,1288.18,0.139782,0.031,1114.2757,1.9790344526045,0.221773905080769,"XLRF_poorrec_25_yrfwd-106","XLRF_poorrec_25_yrfwd",-0.114285714285714,-0.0150776053215076,-0.115781104045687,0.00169119860117801,0.1110053101982,-0.0150776053215078,0.128013045698758
"1307","XLRF_poorrec_25_yrfwd",107,2267.21,1307.9,0.139546,0.035,1131.3335,2.004015615201,0.250813351869634,3309.59,1285.64,0.13972,0.024,1112.0786,2.97603964324104,0.171772115659891,"XLRF_poorrec_25_yrfwd-107","XLRF_poorrec_25_yrfwd",-0.314285714285714,-0.0170196498203226,-0.315139667089281,0.00124690066358052,0.459763321439126,-0.0170196498203226,0.485038150734445
"1308","XLRF_poorrec_25_yrfwd",108,2059.3,1307.9,0.139546,0.033,1131.3335,1.82024133467276,0.236481160334227,2003.22,1299.8,0.13964,0.034,1124.327,1.78170585603654,0.24348324262389,"XLRF_poorrec_25_yrfwd-108","XLRF_poorrec_25_yrfwd",0.0303030303030303,-0.00619313403165376,0.0296094719755563,0.000673613002164039,-0.0272325547516147,-0.0061931340316539,-0.0211705326662847
"1309","XLRF_poorrec_25_yrfwd",11,2111.04,1307.9,0.139546,0.031,1131.3335,1.86597497554877,0.222148968798819,2450.81,1281.3,0.139677,0.027,1108.3245,2.21127476655077,0.193303120771494,"XLRF_poorrec_25_yrfwd-11","XLRF_poorrec_25_yrfwd",-0.129032258064516,-0.0203379463261717,-0.129849119639389,0.000938758545569147,0.160949105654085,-0.0203379463261718,0.185050601174571
"1310","XLRF_poorrec_25_yrfwd",110,2149.1,1307.9,0.139546,0.036,1131.3335,1.89961669127627,0.257979447637338,2693.27,1285.16,0.13953,0.029,1111.6634,2.4227387534752,0.207840607754605,"XLRF_poorrec_25_yrfwd-110","XLRF_poorrec_25_yrfwd",-0.194444444444444,-0.0173866503555316,-0.194352070840998,-0.000114657532283376,0.253208319761761,-0.0173866503555318,0.275382957309912
"1311","XLRF_poorrec_25_yrfwd",111,2289.06,1307.9,0.139546,0.036,1131.3335,2.02332910675764,0.257979447637338,2828.47,1283.56,0.139576,0.029,1110.2794,2.54752992805234,0.207772109818307,"XLRF_poorrec_25_yrfwd-111","XLRF_poorrec_25_yrfwd",-0.194444444444444,-0.0186099854728955,-0.194617587869293,0.000214982873031131,0.235646946781648,-0.0186099854728956,0.259078377088502
"1312","XLRF_poorrec_25_yrfwd",112,2269.51,1307.9,0.139546,0.035,1131.3335,2.00604861431223,0.250813351869634,3171.72,1307.29,0.1395,0.025,1130.80585,2.80483161632034,0.17921146953405,"XLRF_poorrec_25_yrfwd-112","XLRF_poorrec_25_yrfwd",-0.285714285714286,-0.00046639651349491,-0.285478750640041,-0.000329640405314309,0.397535150759415,-0.000466396513495013,0.398187260422889
"1313","XLRF_poorrec_25_yrfwd",114,2305.47,1307.9,0.139546,0.03,1131.3335,2.03783411345991,0.214982873031115,1902.35,1308.77,0.139562,0.036,1132.08605,1.68039346479007,0.257949871741592,"XLRF_poorrec_25_yrfwd-114","XLRF_poorrec_25_yrfwd",0.2,0.000665188470066456,0.199862426735071,0.000114657532283177,-0.17485371746325,0.000665188470066435,-0.175402230392036
"1314","XLRF_poorrec_25_yrfwd",115,2273.2,1307.9,0.139546,0.028,1131.3335,2.00931025201676,0.200650681495708,3115.31,1286.03,0.139444,0.021,1112.41595,2.8004902302956,0.150598089555664,"XLRF_poorrec_25_yrfwd-115","XLRF_poorrec_25_yrfwd",-0.25,-0.0167214618854652,-0.249451392673761,-0.000730941768305727,0.370451346120007,-0.0167214618854653,0.393757000684554
"1315","XLRF_poorrec_25_yrfwd",116,2181.48,1307.9,0.139546,0.037,1131.3335,1.9282377831117,0.265145543405042,2336.4,1293.89,0.139515,0.035,1119.21485,2.08753484641488,0.250869082177544,"XLRF_poorrec_25_yrfwd-116","XLRF_poorrec_25_yrfwd",-0.0540540540540539,-0.0107118281214159,-0.0538438664446618,-0.000222148968798842,0.0710160074811596,-0.010711828121416,0.0826127693889037
"1316","XLRF_poorrec_25_yrfwd",117,2227.5,1307.9,0.139546,0.035,1131.3335,1.96891544358936,0.250813351869634,2384.7,1320.12,0.139393,0.033,1141.9038,2.08835455315938,0.236740725861413,"XLRF_poorrec_25_yrfwd-117","XLRF_poorrec_25_yrfwd",-0.0571428571428572,0.00934322195886523,-0.0561079619698057,-0.00109641265245879,0.0705723905723905,0.0093432219588652,0.0606623864721613
"1317","XLRF_poorrec_25_yrfwd",118,2361.79,1307.9,0.139546,0.028,1131.3335,2.08761607430523,0.200650681495708,2901.04,1308.67,0.139451,0.023,1131.99955,2.56275720250949,0.164932485245714,"XLRF_poorrec_25_yrfwd-118","XLRF_poorrec_25_yrfwd",-0.178571428571429,0.000588730025231323,-0.178011836210773,-0.000680779097931949,0.22832258583532,0.000588730025231273,0.227599860938216
"1318","XLRF_poorrec_25_yrfwd",12,2191.73,1307.9,0.139546,0.031,1131.3335,1.93729788784651,0.222148968798819,2695.83,1331.73,0.139526,0.025,1151.94645,2.34023899288027,0.179178074337399,"XLRF_poorrec_25_yrfwd-12","XLRF_poorrec_25_yrfwd",-0.193548387096774,0.0182200474042358,-0.193432788339137,-0.000143321915354021,0.230000958147217,0.0182200474042357,0.207991299408097
"1319","XLRF_poorrec_25_yrfwd",120,2102.24,1307.9,0.139546,0.04,1131.3335,1.85819654416668,0.286643830708154,1951.9,1301.74,0.139839,0.043,1126.0051,1.73347349847705,0.307496478092664,"XLRF_poorrec_25_yrfwd-120","XLRF_poorrec_25_yrfwd",0.0749999999999999,-0.00470984020185018,0.0727475882979713,0.00209966605993714,-0.071514194383134,-0.00470984020185036,-0.0671204809206916
"1320","XLRF_poorrec_25_yrfwd",121,1958.33,1307.9,0.139546,0.04,1131.3335,1.73099267368994,0.286643830708154,2139.14,1313.46,0.13963,0.036,1136.1429,1.8828089318694,0.257824249803051,"XLRF_poorrec_25_yrfwd-121","XLRF_poorrec_25_yrfwd",-0.1,0.00425108953283899,-0.100541430924586,0.000601952044487128,0.0923286677934771,0.00425108953283886,0.0877047375687791
"1321","XLRF_poorrec_25_yrfwd",122,2022.3,1307.9,0.139546,0.023,1131.3335,1.78753656636173,0.164820202657188,2693.65,1299.96,0.139754,0.017,1124.4654,2.39549389425411,0.121642314352362,"XLRF_poorrec_25_yrfwd-122","XLRF_poorrec_25_yrfwd",-0.260869565217391,-0.00607080051991735,-0.261969634842839,0.0014905479196823,0.331973495524897,-0.00607080051991747,0.340109030121706
"1322","XLRF_poorrec_25_yrfwd",123,2098.64,1307.9,0.139546,0.039,1131.3335,1.85501445860129,0.27947773494045,2490.35,1292.97,0.139566,0.033,1118.41905,2.22666986940181,0.236447272258286,"XLRF_poorrec_25_yrfwd-123","XLRF_poorrec_25_yrfwd",-0.153846153846154,-0.0114152458139001,-0.153967408857568,0.000143321915354021,0.18664944916708,-0.0114152458139002,0.200351759565669
"1323","XLRF_poorrec_25_yrfwd",125,2189.02,1307.9,0.139546,0.031,1131.3335,1.93490248454589,0.222148968798819,2249.23,1281.1,0.139815,0.03,1108.1515,2.02971344622103,0.214569252226156,"XLRF_poorrec_25_yrfwd-125","XLRF_poorrec_25_yrfwd",-0.0322580645161291,-0.0204908632158422,-0.0341199718983495,0.00192767976151227,0.0275054590638733,-0.0204908632158423,0.0490003824132699
"1324","XLRF_poorrec_25_yrfwd",127,2163.37,1307.9,0.139546,0.031,1131.3335,1.91223012489244,0.222148968798819,2874.08,1330.06,0.139695,0.023,1150.5019,2.49810973801955,0.164644403879881,"XLRF_poorrec_25_yrfwd-127","XLRF_poorrec_25_yrfwd",-0.258064516129032,0.0169431913754874,-0.258855871489616,0.00106774826938795,0.328519855595668,0.0169431913754873,0.306385515791448
"1325","XLRF_poorrec_25_yrfwd",128,2301.2,1307.9,0.139546,0.033,1131.3335,2.03405980641429,0.236481160334227,2029.52,1276.94,0.139832,0.038,1104.5531,1.83741279617974,0.271754677041021,"XLRF_poorrec_25_yrfwd-128","XLRF_poorrec_25_yrfwd",0.151515151515151,-0.0236715345209877,0.149159944314129,0.00204950338956336,-0.11806014253433,-0.0236715345209879,-0.0966771034039579
"1326","XLRF_poorrec_25_yrfwd",14,2306.66,1307.9,0.139546,0.031,1131.3335,2.03888596952181,0.222148968798819,2670.74,1287.6,0.139841,0.027,1113.774,2.39791914697237,0.19307642250842,"XLRF_poorrec_25_yrfwd-14","XLRF_poorrec_25_yrfwd",-0.129032258064516,-0.0155210643015522,-0.130869598214193,0.00211399825147256,0.157838606469961,-0.0155210643015522,0.176092818734127
"1327","XLRF_poorrec_25_yrfwd",15,2037.84,1307.9,0.139546,0.034,1131.3335,1.80127256905236,0.243647256101931,2515.07,1307.34,0.139446,0.028,1130.8491,2.22405447375782,0.200794572809546,"XLRF_poorrec_25_yrfwd-15","XLRF_poorrec_25_yrfwd",-0.176470588235294,-0.000428167291077344,-0.175880015962325,-0.000716609576770504,0.234184234287285,-0.000428167291077432,0.234712897964064
"1328","XLRF_poorrec_25_yrfwd",16,2205.72,1307.9,0.139546,0.028,1131.3335,1.94966382591871,0.200650681495708,3328.9,1326.67,0.139471,0.019,1147.56955,2.90082635950039,0.136229036860709,"XLRF_poorrec_25_yrfwd-16","XLRF_poorrec_25_yrfwd",-0.321428571428571,0.0143512500955732,-0.321063672222694,-0.000537457182577729,0.50921241136681,0.014351250095573,0.487859763789526
"1329","XLRF_poorrec_25_yrfwd",17,2309.1,1307.9,0.139546,0.029,1131.3335,2.04104271640502,0.207816777263411,2259.94,1289.05,0.139773,0.03,1115.02825,2.02680066626115,0.214633727543946,"XLRF_poorrec_25_yrfwd-17","XLRF_poorrec_25_yrfwd",0.0344827586206896,-0.0144124168514413,0.0328026946154318,0.00162670373926881,-0.0212896799618899,-0.0144124168514413,-0.00697783051251365
"1330","XLRF_poorrec_25_yrfwd",19,2274.84,1307.9,0.139546,0.03,1131.3335,2.01075986877433,0.214982873031115,1657.77,1302.32,0.13973,0.041,1126.5068,1.47160230191243,0.293423030129536,"XLRF_poorrec_25_yrfwd-19","XLRF_poorrec_25_yrfwd",0.366666666666667,-0.00426638122180601,0.364867005415206,0.00131856162125743,-0.271258637970143,-0.00426638122180607,-0.268136228116861
"1331","XLRF_poorrec_25_yrfwd",2,2082.55,1307.9,0.139546,0.032,1131.3335,1.84079230394928,0.229315064566523,2409.05,1318.39,0.13958,0.027,1140.40735,2.11244692521492,0.193437455222811,"XLRF_poorrec_25_yrfwd-2","XLRF_poorrec_25_yrfwd",-0.15625,0.00802049086321604,-0.156455527296174,0.000243647256101975,0.156778948884781,0.00802049086321585,0.147574835402578
"1332","XLRF_poorrec_25_yrfwd",20,2155.85,1307.9,0.139546,0.036,1131.3335,1.90558310171139,0.257979447637338,2704.85,1295.67,0.139634,0.028,1120.75455,2.41341870974336,0.200524227623645,"XLRF_poorrec_25_yrfwd-20","XLRF_poorrec_25_yrfwd",-0.222222222222222,-0.00935086780334875,-0.222712392556413,0.000630616427557972,0.254655936173667,-0.00935086780334889,0.266498799016369
"1333","XLRF_poorrec_25_yrfwd",21,2158.18,1307.9,0.139546,0.034,1131.3335,1.90764261820232,0.243647256101931,2477.57,1318.72,0.139456,0.03,1140.6928,2.17198705909251,0.215121615419917,"XLRF_poorrec_25_yrfwd-21","XLRF_poorrec_25_yrfwd",-0.11764705882353,0.00827280373117218,-0.1170776192533,-0.000644948619093394,0.147990436386214,0.00827280373117206,0.138571259819772
"1334","XLRF_poorrec_25_yrfwd",22,2093.18,1307.9,0.139546,0.038,1131.3335,1.85018829549377,0.272311639172746,2614.45,1311.28,0.139561,0.03,1134.2572,2.30498867452638,0.214959766697,"XLRF_poorrec_25_yrfwd-22","XLRF_poorrec_25_yrfwd",-0.210526315789474,0.00258429543543089,-0.210611168328959,0.000107491436515466,0.249032572449574,0.00258429543543075,0.245813023539441
"1335","XLRF_poorrec_25_yrfwd",23,2093.66,1307.9,0.139546,0.03,1131.3335,1.85061257356916,0.214982873031115,2804.53,1307.99,0.139527,0.022,1131.41135,2.47878899217336,0.157675575336673,"XLRF_poorrec_25_yrfwd-23","XLRF_poorrec_25_yrfwd",-0.266666666666667,6.88126003518201e-05,-0.266566805468954,-0.00013615581958631,0.339534594919901,6.88126003516463e-05,0.339442424403656
"1336","XLRF_poorrec_25_yrfwd",26,2126.35,1307.9,0.139546,0.034,1131.3335,1.87950767832827,0.243647256101931,1977.38,1294.91,0.139612,0.036,1120.09715,1.76536472751493,0.257857490760107,"XLRF_poorrec_25_yrfwd-26","XLRF_poorrec_25_yrfwd",0.0588235294117646,-0.00993195198409656,0.0583229825179361,0.000472962320668529,-0.0700590213276271,-0.00993195198409665,-0.0607302391628789
"1337","XLRF_poorrec_25_yrfwd",27,2172.38,1307.9,0.139546,0.04,1131.3335,1.9201941779325,0.286643830708154,2663.76,1313.45,0.139757,0.033,1136.13425,2.34458207733813,0.236124129739476,"XLRF_poorrec_25_yrfwd-27","XLRF_poorrec_25_yrfwd",-0.175,0.00424344368835547,-0.176245554784376,0.00151204620698543,0.226194312228984,0.00424344368835534,0.221013012268672
"1338","XLRF_poorrec_25_yrfwd",28,2201.5,1307.9,0.139546,0.036,1131.3335,1.94593371450593,0.257979447637338,2453.6,1304.32,0.139726,0.033,1128.2368,2.17472076783881,0.236176516897356,"XLRF_poorrec_25_yrfwd-28","XLRF_poorrec_25_yrfwd",-0.0833333333333332,-0.00273721232510136,-0.08451421591782,0.00128989723818659,0.114512832159891,-0.00273721232510143,0.117571863639231
"1339","XLRF_poorrec_25_yrfwd",29,2260.79,1307.9,0.139546,0.032,1131.3335,1.99834089594271,0.229315064566523,2925.54,1301.42,0.139358,0.025,1125.7283,2.59879759618729,0.179394078560255,"XLRF_poorrec_25_yrfwd-29","XLRF_poorrec_25_yrfwd",-0.21875,-0.00495450722532301,-0.217696059788459,-0.00134722600432828,0.29403438621013,-0.00495450722532305,0.300477611934832
"1340","XLRF_poorrec_25_yrfwd",3,2043.05,1307.9,0.139546,0.03,1131.3335,1.80587775399562,0.214982873031115,2487.05,1298.81,0.139765,0.025,1123.47065,2.21372049194165,0.178871677458591,"XLRF_poorrec_25_yrfwd-3","XLRF_poorrec_25_yrfwd",-0.166666666666667,-0.00695007263552258,-0.167972429912114,0.00156937497312712,0.217322140916767,-0.0069500726355227,0.225841830679652
"1341","XLRF_poorrec_25_yrfwd",30,2216.7,1307.9,0.139546,0.034,1131.3335,1.95936918689317,0.243647256101931,2384.18,1283.85,0.139576,0.032,1110.53025,2.14688433745952,0.229265776351235,"XLRF_poorrec_25_yrfwd-30","XLRF_poorrec_25_yrfwd",-0.0588235294117648,-0.0183882559828735,-0.0590258227438394,0.000214982873031131,0.0755537510714125,-0.0183882559828734,0.0957017961804732
"1342","XLRF_poorrec_25_yrfwd",31,2199.6,1307.9,0.139546,0.031,1131.3335,1.94425428045753,0.222148968798819,1589.75,1302.22,0.139684,0.043,1126.4203,1.4113293235216,0.307837690787778,"XLRF_poorrec_25_yrfwd-31","XLRF_poorrec_25_yrfwd",0.387096774193548,-0.00434283966664115,0.385726399957138,0.000988921215943124,-0.277254955446445,-0.00434283966664123,-0.274102498985122
"1343","XLRF_poorrec_25_yrfwd",33,2217.43,1307.9,0.139546,0.032,1131.3335,1.96001444313282,0.229315064566523,2154.45,1290.48,0.139786,0.033,1116.2652,1.93005210589742,0.236075143433534,"XLRF_poorrec_25_yrfwd-33","XLRF_poorrec_25_yrfwd",0.03125,-0.0133190610902973,0.0294794364242486,0.00171986298424885,-0.028402249450941,-0.0133190610902975,-0.0152867941052056
"1344","XLRF_poorrec_25_yrfwd",35,2058.1,1307.9,0.139546,0.034,1131.3335,1.81918063948429,0.243647256101931,2708.02,1317.93,0.139447,0.026,1140.00945,2.37543644923294,0.186450766240937,"XLRF_poorrec_25_yrfwd-35","XLRF_poorrec_25_yrfwd",-0.235294117647059,0.00766878201697383,-0.234751216886534,-0.000709443481002793,0.315786404936592,0.00766878201697375,0.305772718593983
"1345","XLRF_poorrec_25_yrfwd",36,2208.51,1307.9,0.139546,0.035,1131.3335,1.95212994223189,0.250813351869634,2149.3,1307.54,0.139417,0.036,1131.0221,1.90031653669721,0.258218151301491,"XLRF_poorrec_25_yrfwd-36","XLRF_poorrec_25_yrfwd",0.0285714285714284,-0.000275250401406878,0.0295231469005111,-0.000924426354033725,-0.0268099306772439,-0.000275250401406933,-0.0265419859681289
"1346","XLRF_poorrec_25_yrfwd",38,2080.22,1307.9,0.139546,0.038,1131.3335,1.83873278745834,0.272311639172746,2461.66,1292.63,0.1399,0.032,1118.12495,2.20159652103282,0.228734810578985,"XLRF_poorrec_25_yrfwd-38","XLRF_poorrec_25_yrfwd",-0.157894736842105,-0.0116752045263398,-0.160025582182762,0.00253679790176711,0.183365220986242,-0.0116752045263399,0.197344462474108
"1347","XLRF_poorrec_25_yrfwd",4,2205.69,1307.9,0.139546,0.036,1131.3335,1.94963730853899,0.257979447637338,2292.95,1315.17,0.139751,0.034,1137.62205,2.01556395641241,0.243289851235412,"XLRF_poorrec_25_yrfwd-4","XLRF_poorrec_25_yrfwd",-0.0555555555555554,0.00555852893952136,-0.0569409560973125,0.00146904963237917,0.0395613164134578,0.00555852893952136,0.0338148267806911
"1348","XLRF_poorrec_25_yrfwd",40,2090.37,1307.9,0.139546,0.033,1131.3335,1.84770450092745,0.236481160334227,1948.02,1305.5,0.139834,0.035,1129.2575,1.72504499638037,0.25029678046827,"XLRF_poorrec_25_yrfwd-40","XLRF_poorrec_25_yrfwd",0.0606060606060607,-0.00183500267604559,0.0584216523401557,0.00206383558109878,-0.0680979922214727,-0.00183500267604564,-0.0663848058417955
"1349","XLRF_poorrec_25_yrfwd",41,2261.76,1307.9,0.139546,0.039,1131.3335,1.99919829122005,0.27947773494045,2314.46,1318.9,0.139588,0.038,1140.8485,2.02871809885362,0.272229704559131,"XLRF_poorrec_25_yrfwd-41","XLRF_poorrec_25_yrfwd",-0.0256410256410257,0.00841042893187561,-0.0259341960920894,0.000300976022243464,0.0233004385964911,0.00841042893187553,0.014765822761658
"1350","XLRF_poorrec_25_yrfwd",42,2210.82,1307.9,0.139546,0.03,1131.3335,1.95417178046968,0.214982873031115,1695.52,1297.38,0.139801,0.039,1122.2337,1.51084395344749,0.278967961602564,"XLRF_poorrec_25_yrfwd-42","XLRF_poorrec_25_yrfwd",0.3,-0.00804342839666638,0.297628772326378,0.00182735442076452,-0.233080938294389,-0.0080434283966664,-0.2268622602439
"1351","XLRF_poorrec_25_yrfwd",43,1998.44,1307.9,0.139546,0.036,1131.3335,1.76644641036441,0.257979447637338,2391.95,1308.86,0.139554,0.03,1132.1639,2.11272413826302,0.214970549034782,"XLRF_poorrec_25_yrfwd-43","XLRF_poorrec_25_yrfwd",-0.166666666666667,0.000734001070418276,-0.166714437899786,5.73287661416881e-05,0.196908588699185,0.000734001070418082,0.196030700884483
"1352","XLRF_poorrec_25_yrfwd",44,2175.42,1307.9,0.139546,0.03,1131.3335,1.92288127240995,0.214982873031115,2164.46,1317.64,0.139609,0.03,1139.7586,1.89905125523949,0.214885859794139,"XLRF_poorrec_25_yrfwd-44","XLRF_poorrec_25_yrfwd",0,0.00744705252695174,-0.00045126030556779,0.000451464033365396,-0.00503810758382291,0.00744705252695161,-0.0123928697587218
"1353","XLRF_poorrec_25_yrfwd",47,2063.72,1307.9,0.139546,0.033,1131.3335,1.82414822861694,0.236481160334227,2132.48,1311.19,0.139935,0.031,1134.17935,1.88019646099182,0.221531425304606,"XLRF_poorrec_25_yrfwd-47","XLRF_poorrec_25_yrfwd",-0.0606060606060607,0.00251548283507927,-0.0632174461952574,0.0027876112536368,0.033318473436319,0.00251548283507911,0.0307257006287124
"1354","XLRF_poorrec_25_yrfwd",48,2121.89,1307.9,0.139546,0.033,1131.3335,1.87556542787781,0.236481160334227,2220.94,1290.52,0.139697,0.032,1116.2998,1.9895551356365,0.229067195430109,"XLRF_poorrec_25_yrfwd-48","XLRF_poorrec_25_yrfwd",-0.0303030303030303,-0.0132884777123633,-0.0313511862578771,0.00108208046092317,0.0466800823793883,-0.0132884777123634,0.0607761830455955
"1355","XLRF_poorrec_25_yrfwd",49,2094.55,1307.9,0.139546,0.033,1131.3335,1.85139925583393,0.236481160334227,2210.28,1336.93,0.139482,0.031,1156.44445,1.91127208920411,0.222250899757675,"XLRF_poorrec_25_yrfwd-49","XLRF_poorrec_25_yrfwd",-0.0606060606060607,0.0221958865356679,-0.0601750285580457,-0.000458630129133107,0.0552529182879377,0.0221958865356678,0.0323392337884509
"1356","XLRF_poorrec_25_yrfwd",5,2165.77,1307.9,0.139546,0.037,1131.3335,1.91435151526937,0.265145543405042,2354.48,1304.26,0.13967,0.034,1128.1849,2.08696287284115,0.24343094436887,"XLRF_poorrec_25_yrfwd-5","XLRF_poorrec_25_yrfwd",-0.081081081081081,-0.00278308739200244,-0.0818969037054521,0.00088859587519517,0.0871329827266977,-0.00278308739200252,0.090167012795185
"1357","XLRF_poorrec_25_yrfwd",50,2099.87,1307.9,0.139546,0.034,1131.3335,1.85610167116947,0.243647256101931,2656.99,1291.62,0.139476,0.027,1117.2513,2.37814894464656,0.193581691473802,"XLRF_poorrec_25_yrfwd-50","XLRF_poorrec_25_yrfwd",-0.205882352941177,-0.0124474348191758,-0.205483802399907,-0.000501626703739373,0.265311662150514,-0.0124474348191759,0.281260063274537
"1358","XLRF_poorrec_25_yrfwd",51,2078.43,1307.9,0.139546,0.041,1131.3335,1.83715058380221,0.293809926475857,2253.84,1290.92,0.139769,0.038,1116.6458,2.01840189610707,0.271877168757021,"XLRF_poorrec_25_yrfwd-51","XLRF_poorrec_25_yrfwd",-0.0731707317073171,-0.0129826439330224,-0.0746494782593369,0.00159803935619796,0.0843954330913239,-0.0129826439330224,0.098658930793653
"1359","XLRF_poorrec_25_yrfwd",52,2105.81,1307.9,0.139546,0.034,1131.3335,1.86135211235237,0.243647256101931,2743.64,1295.3,0.139554,0.026,1120.4345,2.44872859591525,0.186307809163478,"XLRF_poorrec_25_yrfwd-52","XLRF_poorrec_25_yrfwd",-0.235294117647059,-0.00963376404923934,-0.235337954778627,5.73287661416881e-05,0.302890574173358,-0.00963376404923934,0.315564411303432
"1360","XLRF_poorrec_25_yrfwd",54,2035.92,1307.9,0.139546,0.029,1131.3335,1.79957545675082,0.207816777263411,2268.65,1326.89,0.139707,0.027,1147.75985,1.97658944072665,0.193261611801842,"XLRF_poorrec_25_yrfwd-54","XLRF_poorrec_25_yrfwd",-0.0689655172413794,0.0145194586742107,-0.0700384523965551,0.00115374141860028,0.114311957247829,0.0145194586742106,0.0983643021534833
"1361","XLRF_poorrec_25_yrfwd",55,2084.06,1307.9,0.139546,0.037,1131.3335,1.84212701206143,0.265145543405042,2431.52,1305.25,0.139555,0.031,1129.04125,2.15361484799603,0.222134642255741,"XLRF_poorrec_25_yrfwd-55","XLRF_poorrec_25_yrfwd",-0.162162162162162,-0.00202614878813362,-0.162216194912981,6.44948619093991e-05,0.166722647140677,-0.00202614878813372,0.169091400264541
"1362","XLRF_poorrec_25_yrfwd",56,2120,1307.9,0.139546,0.032,1131.3335,1.87389483295598,0.229315064566523,2574.81,1288.91,0.139735,0.027,1114.90715,2.30943895193425,0.193222886177407,"XLRF_poorrec_25_yrfwd-56","XLRF_poorrec_25_yrfwd",-0.15625,-0.0145194586742105,-0.157391222671485,0.00135439210009599,0.214533018867925,-0.0145194586742106,0.232427194588729
"1363","XLRF_poorrec_25_yrfwd",57,2056.76,1307.9,0.139546,0.031,1131.3335,1.81799619652384,0.222148968798819,1913.38,1302.72,0.13957,0.034,1126.8528,1.69798575288627,0.243605359317905,"XLRF_poorrec_25_yrfwd-57","XLRF_poorrec_25_yrfwd",0.0967741935483872,-0.00396054744246488,0.0965855958508508,0.000171986298424865,-0.0697115852116922,-0.00396054744246507,-0.0660124833412954
"1364","XLRF_poorrec_25_yrfwd",58,2098.21,1307.9,0.139546,0.035,1131.3335,1.85463437615875,0.250813351869634,2711.28,1314.39,0.139439,0.027,1136.94735,2.38470145517292,0.193633058183148,"XLRF_poorrec_25_yrfwd-58","XLRF_poorrec_25_yrfwd",-0.228571428571429,0.00496215306980672,-0.227979464650697,-0.000766772247144282,0.292187149999285,0.00496215306980657,0.285806779939032
"1365","XLRF_poorrec_25_yrfwd",59,2022.85,1307.9,0.139546,0.031,1131.3335,1.78802271832311,0.222148968798819,2508.54,1313.7,0.139374,0.025,1136.3505,2.20754071917071,0.179373484294058,"XLRF_poorrec_25_yrfwd-59","XLRF_poorrec_25_yrfwd",-0.193548387096774,0.00443458980044351,-0.192553153571014,-0.0012325684720451,0.240101836517784,0.00443458980044342,0.2346267732219
"1366","XLRF_poorrec_25_yrfwd",6,2091.93,1307.9,0.139546,0.037,1131.3335,1.84908340467245,0.265145543405042,2386.17,1308.23,0.139708,0.033,1131.61895,2.10863382943525,0.236206945915767,"XLRF_poorrec_25_yrfwd-6","XLRF_poorrec_25_yrfwd",-0.108108108108108,0.000252312867956339,-0.109142311492928,0.00116090751436799,0.140654802024924,0.00025231286795621,0.140367072738279
"1367","XLRF_poorrec_25_yrfwd",60,2086.57,1307.9,0.139546,0.038,1131.3335,1.84434563283064,0.272311639172746,2567.73,1302.56,0.139787,0.031,1126.7144,2.27895374373488,0.221765972515327,"XLRF_poorrec_25_yrfwd-60","XLRF_poorrec_25_yrfwd",-0.184210526315789,-0.0040828809542015,-0.185616989457268,0.00172702908001656,0.230598542104986,-0.0040828809542015,0.235643527529719
"1368","XLRF_poorrec_25_yrfwd",61,2091.05,1307.9,0.139546,0.027,1131.3335,1.84830556153424,0.193484585728004,3058.91,1299.77,0.139637,0.018,1124.30105,2.72072146512716,0.128905662539298,"XLRF_poorrec_25_yrfwd-61","XLRF_poorrec_25_yrfwd",-0.333333333333333,-0.0062160715651043,-0.333767793158929,0.000652114714861105,0.462858372587934,-0.00621607156510445,0.472008482660593
"1369","XLRF_poorrec_25_yrfwd",63,2214.84,1307.9,0.139546,0.036,1131.3335,1.95772510935104,0.257979447637338,3262.7,1300.87,0.139586,0.024,1125.25255,2.89952686621328,0.171937013740633,"XLRF_poorrec_25_yrfwd-63","XLRF_poorrec_25_yrfwd",-0.333333333333333,-0.00537502867191684,-0.333524374459712,0.000286643830708042,0.473108666991746,-0.00537502867191697,0.481069457792481
"1370","XLRF_poorrec_25_yrfwd",64,2094.98,1307.9,0.139546,0.03,1131.3335,1.85177933827647,0.214982873031115,1977.42,1312.8,0.139763,0.032,1135.572,1.74134268897084,0.228959023489765,"XLRF_poorrec_25_yrfwd-64","XLRF_poorrec_25_yrfwd",0.0666666666666667,0.00374646379692631,0.0650105297300907,0.0015550427815917,-0.05611509417751,0.00374646379692627,-0.0596381258948546
"1371","XLRF_poorrec_25_yrfwd",65,2227.37,1307.9,0.139546,0.031,1131.3335,1.96880053494394,0.222148968798819,3328.95,1311.23,0.139859,0.021,1134.21395,2.93502826340656,0.150151223732473,"XLRF_poorrec_25_yrfwd-65","XLRF_poorrec_25_yrfwd",-0.32258064516129,0.00254606621301332,-0.324096688162202,0.00224298797529136,0.4945653393913,0.00254606621301317,0.490769740922555
"1372","XLRF_poorrec_25_yrfwd",66,2106.49,1307.9,0.139546,0.033,1131.3335,1.86195317295917,0.236481160334227,2599.03,1280.16,0.139654,0.027,1107.3384,2.34709642508559,0.193334956392227,"XLRF_poorrec_25_yrfwd-66","XLRF_poorrec_25_yrfwd",-0.181818181818182,-0.0212095725972933,-0.182450914402738,0.000773938342911993,0.233820241254409,-0.0212095725972934,0.260556097313337
"1373","XLRF_poorrec_25_yrfwd",69,2061.17,1307.9,0.139546,0.034,1131.3335,1.82189425134145,0.243647256101931,3099.11,1301.59,0.139742,0.023,1125.87535,2.75262265933791,0.164589028352249,"XLRF_poorrec_25_yrfwd-69","XLRF_poorrec_25_yrfwd",-0.323529411764706,-0.00482452786910308,-0.324478219104619,0.00140455477046996,0.50356836165867,-0.00482452786910327,0.510857535947091
"1374","XLRF_poorrec_25_yrfwd",70,1966.96,1307.9,0.139546,0.035,1131.3335,1.73862083992032,0.250813351869634,2314.93,1295.18,0.139473,0.03,1120.3307,2.06629167619882,0.215095394807597,"XLRF_poorrec_25_yrfwd-70","XLRF_poorrec_25_yrfwd",-0.142857142857143,-0.0097255141830415,-0.142408515319401,-0.000523124991042307,0.17690751209989,-0.00972551418304154,0.188465954597389
"1375","XLRF_poorrec_25_yrfwd",71,2083.74,1307.9,0.139546,0.031,1131.3335,1.84184416001117,0.222148968798819,1893.06,1291,0.139617,0.035,1116.715,1.69520423742853,0.250685804737245,"XLRF_poorrec_25_yrfwd-71","XLRF_poorrec_25_yrfwd",0.129032258064516,-0.0129214771771543,0.128458106705279,0.000508792799506885,-0.0915085375334734,-0.0129214771771543,-0.0796158142835243
"1376","XLRF_poorrec_25_yrfwd",72,2263.29,1307.9,0.139546,0.032,1131.3335,2.00055067758535,0.229315064566523,2682.49,1298.21,0.139817,0.027,1122.95165,2.38878494902252,0.193109564645215,"XLRF_poorrec_25_yrfwd-72","XLRF_poorrec_25_yrfwd",-0.15625,-0.00740882330453397,-0.157885396625589,0.00194201195304769,0.185217095467218,-0.00740882330453403,0.19406370245305
"1377","XLRF_poorrec_25_yrfwd",73,2112.12,1307.9,0.139546,0.03,1131.3335,1.86692960121839,0.214982873031115,2068.76,1318.75,0.13969,0.031,1140.71875,1.81355833767088,0.221919965638199,"XLRF_poorrec_25_yrfwd-73","XLRF_poorrec_25_yrfwd",0.0333333333333334,0.00829574126462271,0.0322681174982699,0.00103191779054939,-0.0205291366020868,0.00829574126462261,-0.0285877215255882
"1378","XLRF_poorrec_25_yrfwd",74,1994.64,1307.9,0.139546,0.026,1131.3335,1.7630875422676,0.1863184899603,2535.78,1297.17,0.139644,0.021,1122.05205,2.25994863607263,0.150382400962447,"XLRF_poorrec_25_yrfwd-74","XLRF_poorrec_25_yrfwd",-0.192307692307692,-0.00820399113082036,-0.192874518280551,0.000702277385234883,0.27129707616412,-0.00820399113082041,0.281813059132614
"1379","XLRF_poorrec_25_yrfwd",75,2124.43,1307.9,0.139546,0.032,1131.3335,1.87781056602673,0.229315064566523,2370.57,1314.51,0.139728,0.029,1137.05115,2.0848402466327,0.207546089545403,"XLRF_poorrec_25_yrfwd-75","XLRF_poorrec_25_yrfwd",-0.09375,0.00505390320360888,-0.0949304183842894,0.00130422942972201,0.115861666423464,0.00505390320360876,0.110250567523449
"1380","XLRF_poorrec_25_yrfwd",76,2052.09,1307.9,0.139546,0.028,1131.3335,1.81386832441539,0.200650681495708,2327.23,1315.29,0.13967,0.025,1137.72585,2.04551034856068,0.178993341447698,"XLRF_poorrec_25_yrfwd-76","XLRF_poorrec_25_yrfwd",-0.107142857142857,0.00565027907332372,-0.107935541940697,0.00088859587519517,0.134077940051362,0.00565027907332355,0.127706085953042
"1381","XLRF_poorrec_25_yrfwd",77,2122.04,1307.9,0.139546,0.036,1131.3335,1.87569801477637,0.257979447637338,2774.78,1339.04,0.139782,0.027,1158.2696,2.3956253362775,0.193157917328411,"XLRF_poorrec_25_yrfwd-77","XLRF_poorrec_25_yrfwd",-0.25,0.0238091597216912,-0.251266257458042,0.00169119860117801,0.307600233737347,0.0238091597216912,0.277191380171673
"1382","XLRF_poorrec_25_yrfwd",78,2196.54,1307.9,0.139546,0.035,1131.3335,1.94154950772694,0.250813351869634,2008.84,1312.85,0.139715,0.038,1135.61525,1.76894419126548,0.271982249579501,"XLRF_poorrec_25_yrfwd-78","XLRF_poorrec_25_yrfwd",0.0857142857142856,0.00378469301934388,0.0844009999948876,0.00121107018474197,-0.0854525754140603,0.00378469301934385,-0.0889008061728678
"1383","XLRF_poorrec_25_yrfwd",79,2121.89,1307.9,0.139546,0.034,1131.3335,1.87556542787781,0.243647256101931,3402.89,1328.37,0.139521,0.021,1149.04005,2.9615068682767,0.150514976240136,"XLRF_poorrec_25_yrfwd-79","XLRF_poorrec_25_yrfwd",-0.382352941176471,0.0156510436577719,-0.382242268399823,-0.000179152394192576,0.603707072468413,0.0156510436577718,0.57899416584343
"1384","XLRF_poorrec_25_yrfwd",80,2153.11,1307.9,0.139546,0.031,1131.3335,1.90316118103106,0.222148968798819,2517.87,1285.79,0.139557,0.027,1112.20835,2.26384741671828,0.193469335110385,"XLRF_poorrec_25_yrfwd-80","XLRF_poorrec_25_yrfwd",-0.129032258064516,-0.0169049621530699,-0.129100908473749,7.88270534446222e-05,0.169410759320239,-0.0169049621530699,0.189519542160804
"1385","XLRF_poorrec_25_yrfwd",81,2138.64,1307.9,0.139546,0.035,1131.3335,1.89037096488348,0.250813351869634,3074.93,1313.91,0.139657,0.024,1136.53215,2.70553719047895,0.171849602955813,"XLRF_poorrec_25_yrfwd-81","XLRF_poorrec_25_yrfwd",-0.314285714285714,0.00459515253459749,-0.314830723026517,0.000795436630215126,0.437796917667303,0.00459515253459744,0.431220242343132
"1386","XLRF_poorrec_25_yrfwd",82,2033.81,1307.9,0.139546,0.027,1131.3335,1.79771040104443,0.193484585728004,3203.03,1300.61,0.139763,0.017,1125.02765,2.84706780317799,0.121634481228938,"XLRF_poorrec_25_yrfwd-82","XLRF_poorrec_25_yrfwd",-0.37037037037037,-0.00557382062848838,-0.371347951200988,0.0015550427815917,0.574891459870883,-0.00557382062848856,0.583718824524744
"1387","XLRF_poorrec_25_yrfwd",83,2111.59,1307.9,0.139546,0.035,1131.3335,1.86646112751015,0.250813351869634,2426.7,1305.66,0.139466,0.03,1129.3959,2.14867080711024,0.21510619075617,"XLRF_poorrec_25_yrfwd-83","XLRF_poorrec_25_yrfwd",-0.142857142857143,-0.00171266916430918,-0.142365471563986,-0.000573287661416284,0.149228780208279,-0.0017126691643092,0.151200405644967
"1388","XLRF_poorrec_25_yrfwd",84,2071.5,1307.9,0.139546,0.032,1131.3335,1.83102506908882,0.229315064566523,2010.94,1306.48,0.13954,0.032,1130.1052,1.77942726040018,0.229324924752759,"XLRF_poorrec_25_yrfwd-84","XLRF_poorrec_25_yrfwd",0,-0.00108570991666029,4.29984233911208e-05,-4.2996574606266e-05,-0.0292348539705527,-0.00108570991666035,-0.0281797390760562
"1389","XLRF_poorrec_25_yrfwd",85,2241.8,1307.9,0.139546,0.032,1131.3335,1.98155539458524,0.229315064566523,1966.24,1283.72,0.139416,0.037,1110.4178,1.7707208944237,0.265392781316348,"XLRF_poorrec_25_yrfwd-85","XLRF_poorrec_25_yrfwd",0.15625,-0.0184876519611591,0.157328158174097,-0.000931592449801436,-0.122919082879829,-0.0184876519611592,-0.106398489155367
"1390","XLRF_poorrec_25_yrfwd",86,2126.46,1307.9,0.139546,0.04,1131.3335,1.87960490872055,0.286643830708154,3043.33,1317.44,0.139654,0.028,1139.5856,2.67055849073558,0.200495510332679,"XLRF_poorrec_25_yrfwd-86","XLRF_poorrec_25_yrfwd",-0.3,0.00729413563728127,-0.300541337877898,0.000773938342911993,0.431171994770652,0.00729413563728111,0.420808425401183
"1391","XLRF_poorrec_25_yrfwd",87,2205.34,1307.9,0.139546,0.026,1131.3335,1.94932793910903,0.1863184899603,2850.32,1322.7,0.139636,0.02,1144.1355,2.49124338856718,0.14322953966026,"XLRF_poorrec_25_yrfwd-87","XLRF_poorrec_25_yrfwd",-0.230769230769231,0.0113158498356145,-0.231265025329593,0.000644948619093394,0.292462840196976,0.0113158498356143,0.27800117085781
"1392","XLRF_poorrec_25_yrfwd",88,2226.64,1307.9,0.139546,0.035,1131.3335,1.96815527870429,0.250813351869634,2200.53,1310.53,0.139383,0.035,1133.60845,1.94117289792609,0.251106662935939,"XLRF_poorrec_25_yrfwd-88","XLRF_poorrec_25_yrfwd",0,0.00201085709916659,0.00116943960167325,-0.0011680736101357,-0.0117261883375847,0.00201085709916651,-0.0137094776363204
"1393","XLRF_poorrec_25_yrfwd",89,2119.09,1307.9,0.139546,0.034,1131.3335,1.87309047243806,0.243647256101931,1597.48,1293.87,0.139777,0.045,1119.19755,1.42734408237402,0.321941378052183,"XLRF_poorrec_25_yrfwd-89","XLRF_poorrec_25_yrfwd",0.323529411764706,-0.0107271198103831,0.321342104166763,0.00165536812233965,-0.24614811074565,-0.0107271198103832,-0.237973764013569
"1394","XLRF_poorrec_25_yrfwd",9,2044.35,1307.9,0.139546,0.034,1131.3335,1.80702684044979,0.243647256101931,1774.34,1323.73,0.139684,0.039,1145.02645,1.54960612481921,0.27920162652845,"XLRF_poorrec_25_yrfwd-9","XLRF_poorrec_25_yrfwd",0.147058823529412,0.0121033718174173,0.145925593398208,0.000988921215943124,-0.132076210042312,0.0121033718174172,-0.142455391291532
"1395","XLRF_poorrec_25_yrfwd",90,2074.04,1307.9,0.139546,0.033,1131.3335,1.83327020723774,0.236481160334227,1950.56,1296.01,0.139596,0.035,1121.04865,1.73994232988907,0.250723516433136,"XLRF_poorrec_25_yrfwd-90","XLRF_poorrec_25_yrfwd",0.0606060606060607,-0.0090909090909091,0.060226176490253,0.000358304788385153,-0.0595359780910686,-0.00909090909090917,-0.0509078677983262
"1396","XLRF_poorrec_25_yrfwd",91,2060.47,1307.9,0.139546,0.03,1131.3335,1.82127551248151,0.214982873031115,2546.64,1325.18,0.139387,0.024,1146.2807,2.22165478316088,0.17218248473674,"XLRF_poorrec_25_yrfwd-91","XLRF_poorrec_25_yrfwd",-0.2,0.0132120192675282,-0.199087432830895,-0.00113940922706486,0.235951020883585,0.0132120192675281,0.219834543393079
"1397","XLRF_poorrec_25_yrfwd",93,2250.6,1307.9,0.139546,0.034,1131.3335,1.98933382596732,0.243647256101931,3150.5,1295.43,0.139904,0.025,1120.54695,2.81157340172136,0.178693961573651,"XLRF_poorrec_25_yrfwd-93","XLRF_poorrec_25_yrfwd",-0.264705882352941,-0.00953436807095327,-0.266587424654217,0.00256546228483795,0.399848929174442,-0.00953436807095346,0.413324081167838
"1398","XLRF_poorrec_25_yrfwd",95,2068.63,1307.9,0.139546,0.034,1131.3335,1.82848823976308,0.243647256101931,2022.73,1294.53,0.139426,0.035,1119.76845,1.80638238200049,0.251029219801185,"XLRF_poorrec_25_yrfwd-95","XLRF_poorrec_25_yrfwd",0.0294117647058824,-0.0102224940744705,0.0302977501875336,-0.000859931492124525,-0.0221885982510164,-0.0102224940744706,-0.0120896909708577
"1399","XLRF_poorrec_25_yrfwd",97,2124.95,1307.9,0.139546,0.031,1131.3335,1.8782702006084,0.222148968798819,2320.69,1289.96,0.139625,0.029,1115.8154,2.07981535296968,0.207699194270367,"XLRF_poorrec_25_yrfwd-97","XLRF_poorrec_25_yrfwd",-0.064516129032258,-0.0137166450034406,-0.065045426978947,0.000566121565648573,0.0921151085907905,-0.0137166450034407,0.107303598968879
"1400","XLRF_poorrec_25_yrfwd",99,2131.56,1307.9,0.139546,0.026,1131.3335,1.88411286327153,0.1863184899603,2387.84,1301.08,0.139704,0.023,1125.4342,2.12170556039616,0.164633797171162,"XLRF_poorrec_25_yrfwd-99","XLRF_poorrec_25_yrfwd",-0.115384615384615,-0.00521446593776286,-0.116385082305886,0.00113224313129715,0.120231192178498,-0.00521446593776295,0.126103219056675
"1401","XLRF_SQ_25_yrfwd",1,3389.28,1320.58,0.133915,0.033,1142.3017,2.96706202923448,0.246424971063734,2602.54,1312.96,0.134284,0.043,1135.7104,2.29155249436828,0.320216853832177,"XLRF_SQ_25_yrfwd-1","XLRF_SQ_25_yrfwd",0.303030303030303,-0.00577019188538374,0.299449696391998,0.00275547922189434,-0.232125997261955,-0.00577019188538361,-0.227669502090081
"1402","XLRF_SQ_25_yrfwd",10,2948.63,1320.58,0.133915,0.036,1142.3017,2.58130579688361,0.268827241160438,3604.12,1304.54,0.133812,0.03,1128.4271,3.19393251012848,0.224195139449377,"XLRF_SQ_25_yrfwd-10","XLRF_SQ_25_yrfwd",-0.166666666666667,-0.0121461781944298,-0.166025219462131,-0.000769144606653622,0.222303239131393,-0.0121461781944297,0.237332095245938
"1403","XLRF_SQ_25_yrfwd",100,2337.48,1320.58,0.133915,0.038,1142.3017,2.04628952228645,0.283762087891573,2962.24,1314.14,0.13399,0.03,1136.7311,2.60592852610437,0.223897305769087,"XLRF_SQ_25_yrfwd-100","XLRF_SQ_25_yrfwd",-0.210526315789474,-0.00487664511048177,-0.210968218366649,0.000560056752417517,0.267279292229238,-0.00487664511048163,0.27348964930075
"1404","XLRF_SQ_25_yrfwd",103,3649.67,1320.58,0.133915,0.041,1142.3017,3.19501406677413,0.306164357988276,3200.01,1313.2,0.133891,0.046,1135.918,2.8171135592534,0.343563047553607,"XLRF_SQ_25_yrfwd-103","XLRF_SQ_25_yrfwd",0.121951219512195,-0.00558845355828488,0.122152329588812,-0.000179218160773597,-0.12320565968978,-0.00558845355828491,-0.118278198349931
"1405","XLRF_SQ_25_yrfwd",104,3114.66,1320.58,0.133915,0.036,1142.3017,2.72665268728918,0.268827241160438,2197.21,1336.18,0.133901,0.049,1155.7957,1.90103666244822,0.365942001926797,"XLRF_SQ_25_yrfwd-104","XLRF_SQ_25_yrfwd",0.361111111111111,0.0118129912614156,0.361253421889639,-0.000104543927118053,-0.294558635613518,0.0118129912614155,-0.302794715546184
"1406","XLRF_SQ_25_yrfwd",106,3809.82,1320.58,0.133915,0.035,1142.3017,3.33521345542951,0.26135981779487,3290.31,1327.23,0.133946,0.04,1148.05395,2.8659890068755,0.298627805234945,"XLRF_SQ_25_yrfwd-106","XLRF_SQ_25_yrfwd",0.142857142857143,0.00503566614669312,0.142592643943935,0.000231490124332623,-0.136360772949903,0.00503566614669319,-0.140687981391457
"1407","XLRF_SQ_25_yrfwd",107,3354.52,1320.58,0.133915,0.035,1142.3017,2.93663223997653,0.26135981779487,3122.61,1322.5,0.134224,0.037,1143.9625,2.72964367276025,0.275658600548337,"XLRF_SQ_25_yrfwd-107","XLRF_SQ_25_yrfwd",0.057142857142857,0.00145390661678969,0.054709185498016,0.00230743381996045,-0.0691335869215267,0.00145390661678965,-0.070485014908756
"1408","XLRF_SQ_25_yrfwd",108,2860.95,1320.58,0.133915,0.033,1142.3017,2.50454849187391,0.246424971063734,2526.07,1337.2,0.13389,0.037,1156.678,2.18390079175017,0.27634625438793,"XLRF_SQ_25_yrfwd-108","XLRF_SQ_25_yrfwd",0.121212121212121,0.012585379151585,0.121421474435142,-0.000186685584139172,-0.11705202817246,0.012585379151585,-0.128026149688893
"1409","XLRF_SQ_25_yrfwd",11,2955.35,1320.58,0.133915,0.031,1142.3017,2.58718865602669,0.231490124332599,2868.04,1322.19,0.13416,0.031,1143.69435,2.50769797017883,0.231067382230173,"XLRF_SQ_25_yrfwd-11","XLRF_SQ_25_yrfwd",0,0.00121916127762044,-0.00182617769827068,0.00182951872456405,-0.0295430321281743,0.00121916127762054,-0.0307247349986193
"1410","XLRF_SQ_25_yrfwd",110,4124.28,1320.58,0.133915,0.036,1142.3017,3.61049974800878,0.268827241160438,3927.22,1319.21,0.133883,0.038,1141.11665,3.44155875738033,0.283829911191115,"XLRF_SQ_25_yrfwd-110","XLRF_SQ_25_yrfwd",0.0555555555555556,-0.00103742295052178,0.0558078488099478,-0.000238957547698198,-0.0477804610744178,-0.00103742295052166,-0.0467915807836922
"1411","XLRF_SQ_25_yrfwd",111,3924.29,1320.58,0.133915,0.036,1142.3017,3.43542340871943,0.268827241160438,4079.13,1295.94,0.134046,0.035,1120.9881,3.63887002903956,0.261104396998045,"XLRF_SQ_25_yrfwd-111","XLRF_SQ_25_yrfwd",-0.0277777777777776,-0.0186584682487997,-0.0287279076668537,0.000978232460889312,0.0394568189404963,-0.0186584682487997,0.0592202462740871
"1412","XLRF_SQ_25_yrfwd",112,4897.74,1320.58,0.133915,0.035,1142.3017,4.28760633027159,0.26135981779487,4160.88,1320.61,0.133799,0.041,1142.32765,3.6424575733591,0.306429793944648,"XLRF_SQ_25_yrfwd-112","XLRF_SQ_25_yrfwd",0.171428571428571,2.27172908873078e-05,0.172444167317074,-0.000866221110405892,-0.150448982591971,2.27172908873167e-05,-0.150468281651135
"1413","XLRF_SQ_25_yrfwd",114,3729.5,1320.58,0.133915,0.03,1142.3017,3.26489928186223,0.224022700967031,4210.6,1328.47,0.133931,0.026,1149.12655,3.66417432440317,0.194129813112722,"XLRF_SQ_25_yrfwd-114","XLRF_SQ_25_yrfwd",-0.133333333333333,0.0059746475033697,-0.13343686923366,0.000119478773848996,0.128998525271484,0.00597464750336981,0.122293218893175
"1414","XLRF_SQ_25_yrfwd",115,4941.29,1320.58,0.133915,0.028,1142.3017,4.3257311093908,0.209087854235896,3943.66,1304.96,0.133819,0.037,1128.7904,3.49370441137699,0.276492874703891,"XLRF_SQ_25_yrfwd-115","XLRF_SQ_25_yrfwd",0.321428571428571,-0.0118281361220069,0.322376546998985,-0.000716872643094595,-0.201896670707447,-0.0118281361220069,-0.192343600878832
"1415","XLRF_SQ_25_yrfwd",116,2522.39,1320.58,0.133915,0.037,1142.3017,2.20816444552258,0.276294664526005,3457.76,1308.77,0.134241,0.027,1132.08605,3.05432612653429,0.201130802064943,"XLRF_SQ_25_yrfwd-116","XLRF_SQ_25_yrfwd",-0.27027027027027,-0.00894304017931523,-0.272042395715491,0.00243438001717502,0.370826874511872,-0.00894304017931511,0.383196859603206
"1416","XLRF_SQ_25_yrfwd",117,2825.99,1320.58,0.133915,0.035,1142.3017,2.47394361752241,0.26135981779487,3306.23,1345.18,0.133973,0.03,1163.5807,2.8414273285901,0.223925716375688,"XLRF_SQ_25_yrfwd-117","XLRF_SQ_25_yrfwd",-0.142857142857143,0.0186281785276167,-0.143228219758566,0.000433110555202946,0.169936907066196,0.0186281785276168,0.148541667831426
"1417","XLRF_SQ_25_yrfwd",118,4104.48,1320.58,0.133915,0.028,1142.3017,3.59316632374792,0.209087854235896,4043.59,1340.52,0.134121,0.029,1159.5498,3.48720684527737,0.216222664608823,"XLRF_SQ_25_yrfwd-118","XLRF_SQ_25_yrfwd",0.0357142857142857,0.0150994260097836,0.0341235046818066,0.00153828921330683,-0.0148350095505398,0.0150994260097836,-0.0294891660790229
"1418","XLRF_SQ_25_yrfwd",12,4176.37,1320.58,0.133915,0.031,1142.3017,3.65610066062232,0.231490124332599,3863.33,1324.35,0.1341,0.033,1145.56275,3.3724298385226,0.246085011185682,"XLRF_SQ_25_yrfwd-12","XLRF_SQ_25_yrfwd",0.0645161290322581,0.00285480622150859,0.0630475571913114,0.00138147332262996,-0.0749550446919214,0.00285480622150872,-0.0775883512056914
"1419","XLRF_SQ_25_yrfwd",120,4777.76,1320.58,0.133915,0.04,1142.3017,4.18257278265453,0.298696934622708,3859.01,1324.91,0.133716,0.05,1146.04715,3.36723493444401,0.373926829997906,"XLRF_SQ_25_yrfwd-120","XLRF_SQ_25_yrfwd",0.25,0.00327886231807247,0.25186028597924,-0.00148601724974801,-0.192297227152473,0.00327886231807248,-0.194936918155205
"1420","XLRF_SQ_25_yrfwd",121,2579.3,1320.58,0.133915,0.04,1142.3017,2.25798490889053,0.298696934622708,3186.99,1315.85,0.134031,0.033,1138.21025,2.80000114214399,0.24621169729391,"XLRF_SQ_25_yrfwd-121","XLRF_SQ_25_yrfwd",-0.175,-0.00358175952990363,-0.175714013922152,0.000866221110405892,0.235602682898461,-0.00358175952990354,0.240044223112095
"1421","XLRF_SQ_25_yrfwd",122,3091.43,1320.58,0.133915,0.023,1142.3017,2.70631655367404,0.171750737408057,3669.73,1313.26,0.134069,0.02,1135.9699,3.23048172315129,0.149176916363962,"XLRF_SQ_25_yrfwd-122","XLRF_SQ_25_yrfwd",-0.130434782608696,-0.00554301897651026,-0.131433619353046,0.00114998319829733,0.187065532779329,-0.00554301897651027,0.193682135508373
"1422","XLRF_SQ_25_yrfwd",123,4499,1320.58,0.133915,0.039,1142.3017,3.93853917927287,0.291229511257141,4215.03,1334.58,0.133866,0.042,1154.4117,3.65123638299924,0.313746582403299,"XLRF_SQ_25_yrfwd-123","XLRF_SQ_25_yrfwd",0.076923076923077,0.0106014024140907,0.0773172713471223,-0.000365903744912769,-0.0631184707712826,0.0106014024140908,-0.0729465375857126
"1423","XLRF_SQ_25_yrfwd",125,3746.59,1320.58,0.133915,0.031,1142.3017,3.27986030310556,0.231490124332599,3246.77,1317.86,0.134039,0.036,1139.9489,2.84817152768865,0.268578548034527,"XLRF_SQ_25_yrfwd-125","XLRF_SQ_25_yrfwd",0.161290322580645,-0.00205970104045202,0.160216008388507,0.000925960497330286,-0.133406644442013,-0.00205970104045194,-0.131618037209744
"1424","XLRF_SQ_25_yrfwd",127,2886.68,1320.58,0.133915,0.031,1142.3017,2.52707318915835,0.231490124332599,3155.31,1318.76,0.133998,0.028,1140.7274,2.76605085491941,0.208958342661831,"XLRF_SQ_25_yrfwd-127","XLRF_SQ_25_yrfwd",-0.0967741935483871,-0.0013781823138318,-0.0973336626593848,0.000619796139342118,0.0930584616237339,-0.00137818231383175,0.0945669744692519
"1425","XLRF_SQ_25_yrfwd",128,3032.55,1320.58,0.133915,0.033,1142.3017,2.65477150213468,0.246424971063734,3341.04,1330.33,0.134022,0.03,1150.73545,2.9033953894442,0.223843846532659,"XLRF_SQ_25_yrfwd-128","XLRF_SQ_25_yrfwd",-0.090909090909091,0.00738311953838458,-0.0916348876236059,0.000799014300115715,0.101726269970817,0.00738311953838465,0.0936517086723301
"1426","XLRF_SQ_25_yrfwd",14,3771,1320.58,0.133915,0.031,1142.3017,3.30122943877261,0.231490124332599,3724.93,1309.04,0.134156,0.031,1132.3196,3.28964543226135,0.231074271743344,"XLRF_SQ_25_yrfwd-14","XLRF_SQ_25_yrfwd",0,-0.00873858456132907,-0.00179641611258525,0.00179964903110175,-0.0122169185892337,-0.00873858456132909,-0.00350899770104054
"1427","XLRF_SQ_25_yrfwd",15,4128.07,1320.58,0.133915,0.034,1142.3017,3.61381761053144,0.253892394429302,3481.06,1320.24,0.134153,0.041,1142.0076,3.04819337454497,0.305621193711658,"XLRF_SQ_25_yrfwd-15","XLRF_SQ_25_yrfwd",0.205882352941176,-0.000257462630056553,0.203743004585195,0.00177724676100503,-0.156734260804686,-0.000257462630056428,-0.15651709547768
"1428","XLRF_SQ_25_yrfwd",16,2953.21,1320.58,0.133915,0.028,1142.3017,2.58531524552577,0.209087854235896,3068.56,1309.76,0.133726,0.028,1132.9424,2.70848720994112,0.209383365987168,"XLRF_SQ_25_yrfwd-16","XLRF_SQ_25_yrfwd",0,-0.00819336958003308,0.00141333772041333,-0.00141134301609226,0.0390591932168725,-0.00819336958003297,0.0476429188388236
"1429","XLRF_SQ_25_yrfwd",17,2320.8,1320.58,0.133915,0.029,1142.3017,2.03168742548488,0.216555277601464,2523.63,1312.81,0.133803,0.026,1135.58065,2.22232564459424,0.194315523568231,"XLRF_SQ_25_yrfwd-17","XLRF_SQ_25_yrfwd",-0.103448275862069,-0.00588377833982047,-0.102697815908978,-0.000836351416943591,0.0873965873836608,-0.00588377833982037,0.0938324550903138
"1430","XLRF_SQ_25_yrfwd",19,3956.68,1320.58,0.133915,0.03,1142.3017,3.46377843961889,0.224022700967031,3408.4,1324.66,0.13416,0.035,1145.8309,2.9746099533535,0.260882528324389,"XLRF_SQ_25_yrfwd-19","XLRF_SQ_25_yrfwd",0.166666666666667,0.00308955156067804,0.164536126018684,0.00182951872456405,-0.138570720907427,0.003089551560678,-0.141223953781295
"1431","XLRF_SQ_25_yrfwd",2,2317.4,1320.58,0.133915,0.032,1142.3017,2.02871097889463,0.238957547698167,2455.54,1314.89,0.133917,0.03,1137.37985,2.15894452499752,0.224019355272295,"XLRF_SQ_25_yrfwd-2","XLRF_SQ_25_yrfwd",-0.0625000000000001,-0.00430871283829828,-0.0625140012097046,1.49348467311504e-05,0.0596099076551307,-0.00430871283829819,0.0641952192588067
"1432","XLRF_SQ_25_yrfwd",20,3730.11,1320.58,0.133915,0.036,1142.3017,3.26543329139754,0.268827241160438,3877.86,1315.79,0.134163,0.034,1138.15835,3.40713574697229,0.253423074916333,"XLRF_SQ_25_yrfwd-20","XLRF_SQ_25_yrfwd",-0.0555555555555554,-0.00362719411167825,-0.0573013589605345,0.00185192099466078,0.0396100919275839,-0.00362719411167817,0.043394686992399
"1433","XLRF_SQ_25_yrfwd",21,3156.85,1320.58,0.133915,0.034,1142.3017,2.76358688777229,0.253892394429302,3402.04,1325.39,0.13406,0.032,1146.46235,2.96742409377857,0.23869908995972,"XLRF_SQ_25_yrfwd-21","XLRF_SQ_25_yrfwd",-0.0588235294117648,0.00364233897226979,-0.0598415108248283,0.00108277638800736,0.0776691955588641,0.00364233897226989,0.0737582042048941
"1434","XLRF_SQ_25_yrfwd",22,2872.96,1320.58,0.133915,0.038,1142.3017,2.51506235174123,0.283762087891573,3295.31,1345.01,0.133946,0.033,1163.43365,2.83240045532463,0.24636793931883,"XLRF_SQ_25_yrfwd-22","XLRF_SQ_25_yrfwd",-0.131578947368421,0.0184994472125884,-0.131779931739971,0.000231490124332623,0.147008660057919,0.0184994472125885,0.126175044274234
"1435","XLRF_SQ_25_yrfwd",23,3467.27,1320.58,0.133915,0.03,1142.3017,3.03533646146198,0.224022700967031,3672.83,1317.99,0.13397,0.029,1140.06135,3.22160732841263,0.216466373068597,"XLRF_SQ_25_yrfwd-23","XLRF_SQ_25_yrfwd",-0.0333333333333332,-0.00196125944660682,-0.0337301883506257,0.00041070828510622,0.0592858358304949,-0.00196125944660673,0.061367452773568
"1436","XLRF_SQ_25_yrfwd",26,2648.64,1320.58,0.133915,0.034,1142.3017,2.31868691082225,0.253892394429302,3261.33,1311.8,0.133994,0.027,1134.707,2.87416046609389,0.201501559771333,"XLRF_SQ_25_yrfwd-26","XLRF_SQ_25_yrfwd",-0.205882352941177,-0.00664859379969416,-0.206350547741822,0.000589926445879817,0.231322490032621,-0.00664859379969405,0.239563846537032
"1437","XLRF_SQ_25_yrfwd",27,4722.58,1320.58,0.133915,0.04,1142.3017,4.13426680534573,0.298696934622708,3978.33,1300.23,0.134305,0.048,1124.69895,3.53723989873023,0.35739548043632,"XLRF_SQ_25_yrfwd-27","XLRF_SQ_25_yrfwd",0.2,-0.0154098956519105,0.196515394065746,0.00291229511257142,-0.157593942294254,-0.0154098956519105,-0.144409380121168
"1438","XLRF_SQ_25_yrfwd",28,2978.17,1320.58,0.133915,0.036,1142.3017,2.60716586520006,0.268827241160438,3060.05,1313.97,0.133932,0.035,1136.58405,2.692321786497,0.261326643371263,"XLRF_SQ_25_yrfwd-28","XLRF_SQ_25_yrfwd",-0.0277777777777776,-0.00500537642551005,-0.0279011820260362,0.000126946197214571,0.0274933935940528,-0.00500537642550993,0.0326622569103056
"1439","XLRF_SQ_25_yrfwd",29,3705.68,1320.58,0.133915,0.032,1142.3017,3.24404664722113,0.238957547698167,3540.22,1327.91,0.133731,0.033,1148.64215,3.08209131973783,0.246764026291585,"XLRF_SQ_25_yrfwd-29","XLRF_SQ_25_yrfwd",0.03125,0.00555059140680623,0.0326688931511768,-0.00137400589926459,-0.0446503745601347,0.00555059140680622,-0.0499238590240475
"1440","XLRF_SQ_25_yrfwd",3,3571.45,1320.58,0.133915,0.03,1142.3017,3.12653828668906,0.224022700967031,3524.18,1306.82,0.133954,0.03,1130.3993,3.11764170413057,0.223957477940188,"XLRF_SQ_25_yrfwd-3","XLRF_SQ_25_yrfwd",0,-0.010419664086992,-0.000291144721322073,0.000291229511257017,-0.0132355205868765,-0.0104196640869921,-0.00284550571357751
"1441","XLRF_SQ_25_yrfwd",30,2894.74,1320.58,0.133915,0.034,1142.3017,2.53412911842817,0.253892394429302,3629.68,1315.5,0.13408,0.027,1137.9075,3.1897847584272,0.2013723150358,"XLRF_SQ_25_yrfwd-30","XLRF_SQ_25_yrfwd",-0.205882352941177,-0.00384679459025576,-0.206859600940615,0.00123212485531866,0.253888086667542,-0.00384679459025574,0.258730163049352
"1442","XLRF_SQ_25_yrfwd",31,3400.42,1320.58,0.133915,0.031,1142.3017,2.97681426894489,0.231490124332599,3082.82,1319.38,0.134098,0.034,1141.2637,2.70123372889193,0.253545914182165,"XLRF_SQ_25_yrfwd-31","XLRF_SQ_25_yrfwd",0.0967741935483872,-0.000908691635493505,0.0952774547646668,0.00136653847589881,-0.0934002270307785,-0.000908691635493358,-0.0925756581214703
"1443","XLRF_SQ_25_yrfwd",33,3019.94,1320.58,0.133915,0.032,1142.3017,2.64373238698673,0.238957547698167,3012,1306.57,0.133809,0.032,1130.18305,2.6650550103366,0.239146843635331,"XLRF_SQ_25_yrfwd-33","XLRF_SQ_25_yrfwd",0,-0.0106089748443867,0.000792173919542051,-0.00079154687675014,-0.00262919130843661,-0.0106089748443866,0.008065348616534
"1444","XLRF_SQ_25_yrfwd",35,3366.17,1320.58,0.133915,0.034,1142.3017,2.94683094667547,0.253892394429302,3322.67,1325.82,0.133571,0.034,1146.8343,2.89725377066242,0.254546271271459,"XLRF_SQ_25_yrfwd-35","XLRF_SQ_25_yrfwd",0,0.00396795347498826,0.00257540933286438,-0.00256879363775537,-0.012922698497105,0.00396795347498827,-0.016823895537333
"1445","XLRF_SQ_25_yrfwd",36,2515.1,1320.58,0.133915,0.035,1142.3017,2.2017825938629,0.26135981779487,2867.83,1297.27,0.13415,0.031,1122.13855,2.55568262938654,0.231084606783451,"XLRF_SQ_25_yrfwd-36","XLRF_SQ_25_yrfwd",-0.114285714285714,-0.0176513350194612,-0.115837282359832,0.0017548444909083,0.140244920679098,-0.0176513350194611,0.160733415056545
"1446","XLRF_SQ_25_yrfwd",38,3123.35,1320.58,0.133915,0.038,1142.3017,2.73426013460367,0.283762087891573,3674.98,1301.71,0.133897,0.035,1125.97915,3.26380821527645,0.261394952836882,"XLRF_SQ_25_yrfwd-38","XLRF_SQ_25_yrfwd",-0.0789473684210525,-0.0142891759681351,-0.0788235497591822,-0.000134413620580353,0.176614852642195,-0.0142891759681351,0.193671433808014
"1447","XLRF_SQ_25_yrfwd",4,3228.38,1320.58,0.133915,0.036,1142.3017,2.82620607147831,0.268827241160438,3178.95,1306.12,0.133762,0.036,1129.7938,2.81374353443965,0.269134731837144,"XLRF_SQ_25_yrfwd-4","XLRF_SQ_25_yrfwd",0,-0.0109497342076967,0.00114382261030806,-0.00114251577493197,-0.0153110848165335,-0.0109497342076966,-0.0044096349393759
"1448","XLRF_SQ_25_yrfwd",40,4052.18,1320.58,0.133915,0.033,1142.3017,3.54738157178616,0.246424971063734,3864.84,1309.77,0.13391,0.034,1132.95105,3.41130360398183,0.253901874393249,"XLRF_SQ_25_yrfwd-40","XLRF_SQ_25_yrfwd",0.0303030303030303,-0.00818579714973731,0.0303415002839992,-3.73371168278759e-05,-0.0462319048018597,-0.0081857971497372,-0.0383601157785258
"1449","XLRF_SQ_25_yrfwd",41,2952.51,1320.58,0.133915,0.039,1142.3017,2.58470244769836,0.291229511257141,2587.11,1313.28,0.133899,0.047,1135.9872,2.27741122435182,0.351010836526038,"XLRF_SQ_25_yrfwd-41","XLRF_SQ_25_yrfwd",0.205128205128205,-0.00552787411591872,0.20527220957396,-0.000119478773849203,-0.123759106658403,-0.00552787411591873,-0.118888432833024
"1450","XLRF_SQ_25_yrfwd",42,4423.19,1320.58,0.133915,0.03,1142.3017,3.872173174565,0.224022700967031,4255.56,1299.09,0.134154,0.031,1123.71285,3.78705289345049,0.231077716653995,"XLRF_SQ_25_yrfwd-42","XLRF_SQ_25_yrfwd",0.0333333333333334,-0.0162731527056294,0.0314924141906567,0.0017847141843706,-0.037897987651446,-0.0162731527056294,-0.0219825605098542
"1451","XLRF_SQ_25_yrfwd",43,3505.53,1320.58,0.133915,0.036,1142.3017,3.06883023985695,0.268827241160438,3588.6,1311.79,0.134102,0.035,1134.69835,3.16260264236746,0.260995361739571,"XLRF_SQ_25_yrfwd-43","XLRF_SQ_25_yrfwd",-0.0277777777777776,-0.00665616622998993,-0.0291335036845914,0.00139640816936111,0.0236968446996602,-0.00665616622998983,0.0305563994034696
"1452","XLRF_SQ_25_yrfwd",44,2920.03,1320.58,0.133915,0.03,1142.3017,2.55626862850681,0.224022700967031,3252.09,1333.53,0.133968,0.028,1153.50345,2.81931536485652,0.209005135554759,"XLRF_SQ_25_yrfwd-44","XLRF_SQ_25_yrfwd",-0.0666666666666666,0.00980629723303392,-0.0670359090728134,0.00039577343837507,0.113718009746475,0.00980629723303401,0.10290261884697
"1453","XLRF_SQ_25_yrfwd",47,2497.94,1320.58,0.133915,0.033,1142.3017,2.18676029283682,0.246424971063734,2671.76,1315.11,0.133899,0.03,1137.57015,2.34865515766215,0.224049470123003,"XLRF_SQ_25_yrfwd-47","XLRF_SQ_25_yrfwd",-0.090909090909091,-0.00414211937179116,-0.0908004608629706,-0.000119478773849203,0.0695853383187747,-0.0041421193717912,0.0740341158359433
"1454","XLRF_SQ_25_yrfwd",48,2816.64,1320.58,0.133915,0.033,1142.3017,2.46575838939923,0.246424971063734,2624.52,1311.74,0.134031,0.036,1134.6551,2.31305530640985,0.268594578866083,"XLRF_SQ_25_yrfwd-48","XLRF_SQ_25_yrfwd",0.0909090909090908,-0.00669402838146878,0.0899649402682282,0.000866221110405892,-0.0682089297886844,-0.00669402838146869,-0.0619294589631639
"1455","XLRF_SQ_25_yrfwd",49,2377.55,1320.58,0.133915,0.033,1142.3017,2.081367820778,0.246424971063734,2546.03,1300.86,0.134119,0.029,1125.2439,2.26264723585704,0.216225888949366,"XLRF_SQ_25_yrfwd-49","XLRF_SQ_25_yrfwd",-0.121212121212121,-0.0149328325432765,-0.122548790343808,0.00152335436657568,0.0708628630312717,-0.0149328325432765,0.087096289886565
"1456","XLRF_SQ_25_yrfwd",5,5596.85,1320.58,0.133915,0.037,1142.3017,4.89962502900941,0.276294664526005,4584.41,1310.99,0.134167,0.046,1134.00635,4.04266695684729,0.342856291040271,"XLRF_SQ_25_yrfwd-5","XLRF_SQ_25_yrfwd",0.243243243243243,-0.00726196065365227,0.240908113909672,0.00188179068812308,-0.180894610361185,-0.00726196065365212,-0.174902786863953
"1457","XLRF_SQ_25_yrfwd",50,4274.3,1320.58,0.133915,0.034,1142.3017,3.74183107667615,0.253892394429302,4180.08,1334.04,0.133833,0.035,1153.9446,3.62242693453395,0.261519953972488,"XLRF_SQ_25_yrfwd-50","XLRF_SQ_25_yrfwd",0.0294117647058824,0.0101924911781188,0.0300424893007572,-0.000612328715976543,-0.0220433755234776,0.0101924911781187,-0.0319106180090508
"1458","XLRF_SQ_25_yrfwd",51,3016.54,1320.58,0.133915,0.041,1142.3017,2.64075594039648,0.306164357988276,2848.01,1322.45,0.13418,0.045,1143.91925,2.48969496754251,0.335370397972872,"XLRF_SQ_25_yrfwd-51","XLRF_SQ_25_yrfwd",0.097560975609756,0.00141604446531064,0.0953933376716389,0.00197886719187535,-0.055868644208265,0.00141604446531079,-0.0572036857110291
"1459","XLRF_SQ_25_yrfwd",52,3171.92,1320.58,0.133915,0.034,1142.3017,2.77677954957084,0.253892394429302,3209.68,1304.7,0.134166,0.033,1128.5655,2.84403519334943,0.245963955100398,"XLRF_SQ_25_yrfwd-52","XLRF_SQ_25_yrfwd",-0.0294117647058824,-0.0120250193096973,-0.0312275574332412,0.0018743232647575,0.0119044616509873,-0.0120250193096972,0.0242207357760873
"1460","XLRF_SQ_25_yrfwd",54,3569.31,1320.58,0.133915,0.029,1142.3017,3.12466487618814,0.216555277601464,3213.57,1312.61,0.134061,0.032,1135.40765,2.83032265988344,0.238697309433765,"XLRF_SQ_25_yrfwd-54","XLRF_SQ_25_yrfwd",0.103448275862069,-0.00603522694573606,0.102246558373195,0.00109024381137294,-0.0996663220622473,-0.00603522694573599,-0.0941996111479895
"1461","XLRF_SQ_25_yrfwd",55,4035.93,1320.58,0.133915,0.037,1142.3017,3.53315590793571,0.276294664526005,2996.55,1323.59,0.133901,0.05,1144.90535,2.61729059087723,0.373410206047752,"XLRF_SQ_25_yrfwd-55","XLRF_SQ_25_yrfwd",0.351351351351351,0.00227930151902953,0.351492641699586,-0.000104543927118053,-0.257531721313303,0.00227930151902951,-0.259220181878015
"1462","XLRF_SQ_25_yrfwd",56,4287.72,1320.58,0.133915,0.032,1142.3017,3.75357928645296,0.238957547698167,3317.46,1316.84,0.134017,0.042,1139.0666,2.91243725344945,0.313393076997694,"XLRF_SQ_25_yrfwd-56","XLRF_SQ_25_yrfwd",0.3125,-0.00283208893062148,0.31150105956707,0.000761677183287839,-0.226288097170524,-0.0028320889306214,-0.224090652897429
"1463","XLRF_SQ_25_yrfwd",57,3255.8,1320.58,0.133915,0.031,1142.3017,2.8502102378032,0.231490124332599,3404.36,1330.88,0.133965,0.03,1151.2112,2.95719847061947,0.22393908856791,"XLRF_SQ_25_yrfwd-57","XLRF_SQ_25_yrfwd",-0.0322580645161291,0.00779960320465268,-0.0326192565944644,0.000373371168278344,0.0456293384114503,0.00779960320465264,0.0375369617992554
"1464","XLRF_SQ_25_yrfwd",58,2661.49,1320.58,0.133915,0.035,1142.3017,2.32993612808245,0.26135981779487,2720.17,1322.89,0.134376,0.033,1144.29985,2.3771479127608,0.245579567779961,"XLRF_SQ_25_yrfwd-58","XLRF_SQ_25_yrfwd",-0.0571428571428572,0.00174923139832509,-0.0603774908784731,0.00344248217152663,0.0220478002923176,0.00174923139832511,0.0202631240012613
"1465","XLRF_SQ_25_yrfwd",59,2163.5,1320.58,0.133915,0.031,1142.3017,1.8939829994125,0.231490124332599,2984.41,1314,0.133906,0.022,1136.61,2.62571154573688,0.164294355742088,"XLRF_SQ_25_yrfwd-59","XLRF_SQ_25_yrfwd",-0.290322580645161,-0.00498265913462274,-0.290274882283817,-6.72068102901766e-05,0.379436098913797,-0.00498265913462261,0.386343777399987
"1466","XLRF_SQ_25_yrfwd",6,2771.59,1320.58,0.133915,0.037,1142.3017,2.42632047207844,0.276294664526005,2404.84,1310.5,0.133939,0.045,1133.5825,2.1214512397642,0.335973838837083,"XLRF_SQ_25_yrfwd-6","XLRF_SQ_25_yrfwd",0.216216216216216,-0.00763300973814536,0.215998287239673,0.000179218160773597,-0.13232476665019,-0.00763300973814531,-0.125650851081959
"1467","XLRF_SQ_25_yrfwd",60,2545.78,1320.58,0.133915,0.038,1142.3017,2.22864064721255,0.283762087891573,2946,1320.76,0.134087,0.032,1142.4574,2.57865194798511,0.238651025080731,"XLRF_SQ_25_yrfwd-60","XLRF_SQ_25_yrfwd",-0.157894736842105,0.000136303745324046,-0.158974946745102,0.00128439681887769,0.15720918539701,0.000136303745324073,0.157051474947442
"1468","XLRF_SQ_25_yrfwd",61,2260.05,1320.58,0.133915,0.027,1142.3017,1.97850532832088,0.201620430870328,3466.76,1332.06,0.133934,0.018,1152.2319,3.00873461323194,0.134394552540804,"XLRF_SQ_25_yrfwd-61","XLRF_SQ_25_yrfwd",-0.333333333333333,0.00869314997955445,-0.333427907277714,0.000141881043945721,0.533930665250769,0.00869314997955445,0.520710897344609
"1469","XLRF_SQ_25_yrfwd",63,2211.61,1320.58,0.133915,0.036,1142.3017,1.93609971866452,0.268827241160438,2457.27,1354.38,0.13392,0.032,1171.5387,2.09747232421771,0.2389486260454,"XLRF_SQ_25_yrfwd-63","XLRF_SQ_25_yrfwd",-0.111111111111111,0.0255948143997335,-0.111144298420284,3.73371168278759e-05,0.111077450364214,0.0255948143997336,0.0833493254492638
"1470","XLRF_SQ_25_yrfwd",64,2721.74,1320.58,0.133915,0.03,1142.3017,2.38268051251259,0.224022700967031,2774.39,1316.52,0.133767,0.029,1138.7898,2.43626172275164,0.216794874670135,"XLRF_SQ_25_yrfwd-64","XLRF_SQ_25_yrfwd",-0.0333333333333332,-0.0030744067000863,-0.0322638119516272,-0.00110517865810409,0.0193442430210087,-0.00307440670008628,0.0224877863220337
"1471","XLRF_SQ_25_yrfwd",65,3581,1320.58,0.133915,0.031,1142.3017,3.13489859990579,0.231490124332599,3820.87,1324.48,0.133826,0.029,1145.6752,3.33503771400481,0.216699296100907,"XLRF_SQ_25_yrfwd-65","XLRF_SQ_25_yrfwd",-0.064516129032258,0.00295324781535379,-0.0638939923434521,-0.000664600679535569,0.0669840826584753,0.00295324781535393,0.0638422927315848
"1472","XLRF_SQ_25_yrfwd",66,3850.34,1320.58,0.133915,0.033,1142.3017,3.37068569538153,0.246424971063734,3213.79,1296.45,0.133914,0.04,1121.42925,2.86579826591825,0.298699165135833,"XLRF_SQ_25_yrfwd-66","XLRF_SQ_25_yrfwd",0.212121212121212,-0.0182722743037149,0.212130263611065,-7.46742336557518e-06,-0.165323062378907,-0.0182722743037149,-0.149787750947848
"1473","XLRF_SQ_25_yrfwd",69,3023.17,1320.58,0.133915,0.034,1142.3017,2.64656001124747,0.253892394429302,3173.48,1299.01,0.134114,0.034,1123.64365,2.82427618400193,0.253515665776876,"XLRF_SQ_25_yrfwd-69","XLRF_SQ_25_yrfwd",0,-0.0163337321479956,-0.00148381227910581,0.00148601724974801,0.0497193343411055,-0.0163337321479955,0.0671498745538349
"1474","XLRF_SQ_25_yrfwd",70,3916.39,1320.58,0.133915,0.035,1142.3017,3.42850754752444,0.26135981779487,3990.33,1312.51,0.133861,0.035,1135.32115,3.51471475714162,0.261465251268106,"XLRF_SQ_25_yrfwd-70","XLRF_SQ_25_yrfwd",0,-0.00611095124869375,0.000403403530527998,-0.000403240861740645,0.0188796314973739,-0.00611095124869371,0.0251442379584171
"1475","XLRF_SQ_25_yrfwd",71,2955.32,1320.58,0.133915,0.031,1142.3017,2.58716239326266,0.231490124332599,3440.11,1304.93,0.134014,0.027,1128.76445,3.04767748488181,0.201471488053487,"XLRF_SQ_25_yrfwd-71","XLRF_SQ_25_yrfwd",-0.129032258064516,-0.0118508534128942,-0.129675667010235,0.000739274913191114,0.164039765575301,-0.0118508534128942,0.178000071745941
"1476","XLRF_SQ_25_yrfwd",72,2894.59,1320.58,0.133915,0.032,1142.3017,2.53399780460801,0.238957547698167,2990.17,1332.53,0.134124,0.031,1152.63845,2.59419595103738,0.231129402642331,"XLRF_SQ_25_yrfwd-72","XLRF_SQ_25_yrfwd",-0.03125,0.009049054203456,-0.0327595639110077,0.00156069148340355,0.0330202204802752,0.00904905420345609,0.0237561951789768
"1477","XLRF_SQ_25_yrfwd",73,2782.29,1320.58,0.133915,0.03,1142.3017,2.43568752458304,0.224022700967031,3529.53,1323.63,0.134194,0.024,1144.93995,3.08272062652718,0.178845551962085,"XLRF_SQ_25_yrfwd-73","XLRF_SQ_25_yrfwd",-0.2,0.00230959124021281,-0.201663263633247,0.0020834111189934,0.268570134673237,0.00230959124021277,0.265647007431671
"1478","XLRF_SQ_25_yrfwd",74,3278.82,1320.58,0.133915,0.026,1142.3017,2.87036253207012,0.19415300750476,3551.24,1321.45,0.134225,0.024,1143.05425,3.10679917422992,0.178804246600857,"XLRF_SQ_25_yrfwd-74","XLRF_SQ_25_yrfwd",-0.0769230769230769,0.00065880143573292,-0.0790549737094718,0.00231490124332603,0.083084768300791,0.000658801435732874,0.0823717002706561
"1479","XLRF_SQ_25_yrfwd",75,3776.55,1320.58,0.133915,0.032,1142.3017,3.30608805011846,0.238957547698167,2930.51,1319.24,0.133656,0.042,1141.1426,2.56804890116275,0.314239540312444,"XLRF_SQ_25_yrfwd-75","XLRF_SQ_25_yrfwd",0.3125,-0.00101470565963447,0.315043376279404,-0.00193406265168211,-0.224024572692007,-0.00101470565963434,-0.223236386256944
"1480","XLRF_SQ_25_yrfwd",76,2192.19,1320.58,0.133915,0.028,1142.3017,1.91909895608139,0.209087854235896,2806.1,1327.42,0.133946,0.022,1148.2183,2.44387325998898,0.16424529287922,"XLRF_SQ_25_yrfwd-76","XLRF_SQ_25_yrfwd",-0.214285714285714,0.00517954232231294,-0.214467557288545,0.000231490124332623,0.280044156756485,0.00517954232231303,0.273448277507857
"1481","XLRF_SQ_25_yrfwd",77,3868.41,1320.58,0.133915,0.036,1142.3017,3.38650463358323,0.268827241160438,4572.32,1320.96,0.134216,0.03,1142.6304,4.00157391226419,0.223520295642844,"XLRF_SQ_25_yrfwd-77","XLRF_SQ_25_yrfwd",-0.166666666666667,0.00028775235123963,-0.168535544694125,0.00224769443303585,0.181963649147841,0.00028775235123969,0.181623634168829
"1482","XLRF_SQ_25_yrfwd",78,3512.29,1320.58,0.133915,0.035,1142.3017,3.07474811601874,0.26135981779487,3523.77,1303.78,0.134055,0.034,1127.7697,3.1245475029166,0.2536272425497,"XLRF_SQ_25_yrfwd-78","XLRF_SQ_25_yrfwd",-0.0285714285714286,-0.0127216828969089,-0.0295859375416274,0.00104543927117949,0.00326852281559894,-0.0127216828969089,0.0161962492597091
"1483","XLRF_SQ_25_yrfwd",79,2449.02,1320.58,0.133915,0.034,1142.3017,2.14393447895595,0.253892394429302,2787.25,1329.1,0.133855,0.031,1149.6715,2.42438818392906,0.231593888909641,"XLRF_SQ_25_yrfwd-79","XLRF_SQ_25_yrfwd",-0.0882352941176471,0.00645171061200376,-0.0878265990195712,-0.000448045401934096,0.138108304546308,0.0064517106120038,0.130812628709475
"1484","XLRF_SQ_25_yrfwd",80,3180.91,1320.58,0.133915,0.031,1142.3017,2.78464962452564,0.231490124332599,3429.67,1303.01,0.134002,0.029,1127.10365,3.04290559257793,0.216414680377905,"XLRF_SQ_25_yrfwd-80","XLRF_SQ_25_yrfwd",-0.064516129032258,-0.0133047600296839,-0.0651234863610606,0.000649665832804419,0.0782040359519761,-0.0133047600296839,0.0927427155566423
"1485","XLRF_SQ_25_yrfwd",81,3153.09,1320.58,0.133915,0.035,1142.3017,2.76029528801367,0.26135981779487,3351.83,1330.13,0.133949,0.033,1150.56245,2.91320996961095,0.246362421518638,"XLRF_SQ_25_yrfwd-81","XLRF_SQ_25_yrfwd",-0.0571428571428572,0.00723167093246919,-0.0573821806380467,0.000253892394429349,0.0630302338341119,0.00723167093246921,0.0553979432060409
"1486","XLRF_SQ_25_yrfwd",82,2900.5,1320.58,0.133915,0.027,1142.3017,2.53917156912224,0.201620430870328,3294.97,1319.85,0.134191,0.024,1141.67025,2.8860960509394,0.178849550267902,"XLRF_SQ_25_yrfwd-82","XLRF_SQ_25_yrfwd",-0.111111111111111,-0.000552787411591952,-0.112939350958294,0.00206100884889668,0.136000689536287,-0.00055278741159189,0.136629003741205
"1487","XLRF_SQ_25_yrfwd",83,3307.72,1320.58,0.133915,0.035,1142.3017,2.89566232808723,0.26135981779487,3174.15,1320.04,0.134045,0.036,1141.8346,2.77986846781487,0.268566526166586,"XLRF_SQ_25_yrfwd-83","XLRF_SQ_25_yrfwd",0.0285714285714284,-0.000408911235972137,0.0275738957599526,0.000970765037523737,-0.0403812898310618,-0.000408911235972045,-0.0399887304362774
"1488","XLRF_SQ_25_yrfwd",84,2888.07,1320.58,0.133915,0.032,1142.3017,2.52829003055848,0.238957547698167,2715.72,1325.35,0.13417,0.033,1146.42775,2.36885403375834,0.245956622195722,"XLRF_SQ_25_yrfwd-84","XLRF_SQ_25_yrfwd",0.03125,0.00361204925108651,0.0292900331668779,0.00190419295821981,-0.0596765313860122,0.00361204925108663,-0.0630608019147695
"1489","XLRF_SQ_25_yrfwd",85,4510.85,1320.58,0.133915,0.032,1142.3017,3.94891297106535,0.238957547698167,3694.58,1304.91,0.133899,0.039,1128.74715,3.27316884033771,0.291264311159904,"XLRF_SQ_25_yrfwd-85","XLRF_SQ_25_yrfwd",0.21875,-0.0118659982734857,0.21889563215558,-0.000119478773849203,-0.180957025837703,-0.0118659982734858,-0.171121555648093
"1490","XLRF_SQ_25_yrfwd",86,4196.33,1320.58,0.133915,0.04,1142.3017,3.67357415295801,0.298696934622708,4236.43,1314.48,0.133934,0.04,1137.0252,3.72588927668446,0.298654561201786,"XLRF_SQ_25_yrfwd-86","XLRF_SQ_25_yrfwd",0,-0.00461918248042522,-0.000141860916570741,0.000141881043945721,0.0095559691444668,-0.0046191824804252,0.0142409330935426
"1491","XLRF_SQ_25_yrfwd",87,3523.24,1320.58,0.133915,0.026,1142.3017,3.08433402489027,0.19415300750476,3121.75,1313.19,0.134367,0.03,1135.90935,2.74823866886913,0.223269106253768,"XLRF_SQ_25_yrfwd-87","XLRF_SQ_25_yrfwd",0.153846153846154,-0.00559602598858064,0.149964706306665,0.00337527536123646,-0.113954768905893,-0.00559602598858068,-0.108968533663632
"1492","XLRF_SQ_25_yrfwd",88,3084.62,1320.58,0.133915,0.035,1142.3017,2.70035490623887,0.26135981779487,3441.28,1328.06,0.133896,0.031,1148.7719,2.99561644918369,0.231522973053713,"XLRF_SQ_25_yrfwd-88","XLRF_SQ_25_yrfwd",-0.114285714285714,0.00566417786124277,-0.114160030386056,-0.000141881043945928,0.115625263403596,0.0056641778612428,0.109341754397784
"1493","XLRF_SQ_25_yrfwd",89,3240.16,1320.58,0.133915,0.034,1142.3017,2.83651858348806,0.253892394429302,2565.2,1323.72,0.134304,0.045,1145.0178,2.2403145173813,0.33506075768406,"XLRF_SQ_25_yrfwd-89","XLRF_SQ_25_yrfwd",0.323529411764706,0.00237774311287473,0.319695922507673,0.00290482768920584,-0.208310700706138,0.00237774311287472,-0.210188669158517
"1494","XLRF_SQ_25_yrfwd",9,3587.53,1320.58,0.133915,0.034,1142.3017,3.14061512821,0.253892394429302,4034.39,1331.24,0.133843,0.031,1151.5226,3.50352654824143,0.23161465298895,"XLRF_SQ_25_yrfwd-9","XLRF_SQ_25_yrfwd",-0.0882352941176471,0.00807221069530058,-0.0877448160289645,-0.000537654482320998,0.124559237135299,0.00807221069530061,0.115554248201777
"1495","XLRF_SQ_25_yrfwd",90,2811.6,1320.58,0.133915,0.033,1142.3017,2.46134624504192,0.246424971063734,3742.9,1328.71,0.13403,0.026,1149.33415,3.25658121269606,0.193986420950533,"XLRF_SQ_25_yrfwd-90","XLRF_SQ_25_yrfwd",-0.212121212121212,0.00615638583046837,-0.212797225406343,0.000858753687040317,0.331234884051786,0.00615638583046851,0.323089435001699
"1496","XLRF_SQ_25_yrfwd",91,3168.88,1320.58,0.133915,0.03,1142.3017,2.77411825614897,0.224022700967031,3436.86,1327.89,0.13399,0.028,1148.62485,2.99215187621964,0.208970818717815,"XLRF_SQ_25_yrfwd-91","XLRF_SQ_25_yrfwd",-0.0666666666666666,0.00553544654621469,-0.067189093713461,0.000560056752417517,0.0845661558657949,0.00553544654621467,0.0785956473151024
"1497","XLRF_SQ_25_yrfwd",93,2604.37,1320.58,0.133915,0.034,1142.3017,2.27993182536628,0.253892394429302,3186.39,1307.91,0.133859,0.028,1131.34215,2.81646891702921,0.209175326276156,"XLRF_SQ_25_yrfwd-93","XLRF_SQ_25_yrfwd",-0.176470588235294,-0.00959426918475219,-0.176126064168486,-0.000418175708471795,0.223478230819738,-0.00959426918475204,0.235330322465559
"1498","XLRF_SQ_25_yrfwd",95,3957.36,1320.58,0.133915,0.034,1142.3017,3.46437372893693,0.253892394429302,3454.16,1323.69,0.134289,0.038,1144.99185,3.01675509742711,0.282971799626179,"XLRF_SQ_25_yrfwd-95","XLRF_SQ_25_yrfwd",0.117647058823529,0.00235502582198742,0.114534369027641,0.00279281633872222,-0.127155477388966,0.0023550258219874,-0.12920621922831
"1499","XLRF_SQ_25_yrfwd",97,3724.67,1320.58,0.133915,0.031,1142.3017,3.26067097685314,0.231490124332599,3620.19,1315.56,0.134005,0.033,1137.9594,3.1812997897816,0.246259467930301,"XLRF_SQ_25_yrfwd-97","XLRF_SQ_25_yrfwd",0.0645161290322581,-0.00380136000848114,0.0638011821898798,0.000672068102901144,-0.028050807185603,-0.00380136000848111,-0.0243419798056826
"1500","XLRF_SQ_25_yrfwd",99,2948.5,1320.58,0.133915,0.026,1142.3017,2.5811919915728,0.19415300750476,3009.26,1322.92,0.133971,0.025,1144.3258,2.62972310857625,0.186607549395018,"XLRF_SQ_25_yrfwd-99","XLRF_SQ_25_yrfwd",-0.0384615384615384,0.00177194868921239,-0.0388634624140815,0.000418175708471795,0.0206070883500086,0.00177194868921243,0.01880182379377
